--	Unknown	8212435	171
AD	Andorra la Vella	21318	0
AD	Canillo	518	0
AD	Encamp	1839	0
AD	Escaldes-Engordany	4417	0
AD	La Massana	3513	0
AD	Ordino	780	0
AD	Sant Julià de Loria	2472	0
AD	Unknown	494	0
AE	Abu Dhabi	2150443	106
AE	Ajman	128401	7
AE	Al Fujayrah	43432	1
AE	Ash Shariqah	882525	37
AE	Dubai	5118369	189
AE	Ra's al Khaymah	74286	5
AE	Unknown	413800	24
AF	Herat	83472	0
AF	Kabul	3011315	18
AF	Kandahar	5682	0
AF	Nangarhar	1081	0
AF	Unknown	1956323	3
AF	Wardak	184408	1
AF	Zabul	1205	0
AG	Barbuda	1	0
AG	Parish of Saint George	48	0
AG	Parish of Saint John	128453	5
AG	Parish of Saint Mary	394	0
AG	Parish of Saint Philip	1	0
AG	Unknown	16581	1
AI	Unknown	13212	0
AL	Qarku i Beratit	8267	0
AL	Qarku i Dibres	76	0
AL	Qarku i Durresit	29829	0
AL	Qarku i Elbasanit	13263	2
AL	Qarku i Fierit	13874	1
AL	Qarku i Gjirokastres	3178	0
AL	Qarku i Korces	1309	0
AL	Qarku i Kukesit	4126	0
AL	Qarku i Lezhes	2045	0
AL	Qarku i Shkodres	37335	0
AL	Qarku i Tiranes	689770	11
AL	Qarku i Vlores	20328	0
AL	Unknown	525987	8
AM	Aragatsotn Province	276	0
AM	Ararat Province	2201	0
AM	Armavir Province	3266	0
AM	Gegharkunik Province	176	0
AM	Kotayk Province	13683	0
AM	Lori Province	4765	0
AM	Shirak Province	4445	0
AM	Syunik Province	463	0
AM	Tavush Province	75	0
AM	Unknown	101859	4
AM	Yerevan	605897	16
AO	Bengo Province	95	0
AO	Benguela	2154	0
AO	Cabinda	464	0
AO	Cuanza Norte Province	1885	0
AO	Cunene Province	31	0
AO	Huambo	8	0
AO	Huila Province	209	0
AO	Kuando Kubango	265	0
AO	Kwanza Sul	309	0
AO	Luanda Province	106058	3
AO	Lunda Norte Province	63	0
AO	Lunda Sul	40	0
AO	Malanje Province	59	0
AO	Namibe Province	52	0
AO	Provincia do Bie	700	0
AO	Provincia do Uige	34	0
AO	Unknown	32948	1
AO	Zaire	15	0
AR	Buenos Aires	1402491	17
AR	Buenos Aires F.D.	1745155	16
AR	Chaco	21381	19
AR	Chubut	24725	0
AR	Cordoba	275537	3
AR	Corrientes	22210	0
AR	Entre Rios	186318	3
AR	Formosa	5602	0
AR	La Pampa	16824	1
AR	Mendoza	104812	1
AR	Neuquen	41629	1
AR	Provincia de Catamarca	1779	0
AR	Provincia de Jujuy	14169	0
AR	Provincia de La Rioja	8985	0
AR	Provincia de Misiones	14240	0
AR	Provincia de San Juan	9804	0
AR	Provincia de San Luis	21335	1
AR	Provincia de Tucuman	43220	0
AR	Rio Negro	28029	0
AR	Salta	25877	0
AR	Santa Cruz	14671	0
AR	Santa Fe	167850	1
AR	Santiago del Estero	13222	0
AR	Tierra del Fuego	14308	0
AR	Unknown	320665	1
AS	Eastern District	22637	0
AS	Unknown	505	0
AT	Burgenland	48923	1
AT	Carinthia	117535	2
AT	Lower Austria	337121	5
AT	Salzburg	215982	0
AT	Styria	455730	7
AT	Tyrol	280887	2
AT	Unknown	700451	7
AT	Upper Austria	398651	4
AT	Vienna	2355003	30
AT	Vorarlberg	112666	2
AU	Australian Capital Territory	1416811	21
AU	New South Wales	18217085	274
AU	Northern Territory	156968	3
AU	Queensland	8307674	113
AU	South Australia	3513118	91
AU	Tasmania	785488	16
AU	Unknown	795074	18
AU	Victoria	14520788	218
AU	Western Australia	4950016	68
AW	Unknown	92252	2
AX	Alands landsbygd	1249	0
AX	Mariehamns stad	32204	0
AX	Unknown	4619	1
AZ	Absheron Rayon	2189	0
AZ	Baku City	736819	22
AZ	Ganja City	657	0
AZ	Imishli Rayon	22659	0
AZ	Khachmaz Rayon	88	0
AZ	Masally	209	0
AZ	Mingacevir City	133	0
AZ	Nakhichevan	6594	0
AZ	Quba Rayon	8	0
AZ	Qusar Rayon	123	0
AZ	Shaki City	91	0
AZ	Sumqayit City	19839	2
AZ	Unknown	218095	4
BA	Brčko	29462	0
BA	Federation of Bosnia and Herzegovina	1227787	24
BA	Republika Srpska	443508	5
BA	Unknown	113753	2
BB	Christ Church	1787	0
BB	Saint Andrew	13	0
BB	Saint George	2935	0
BB	Saint James	3294	0
BB	Saint Lucy	9862	0
BB	Saint Michael	305529	13
BB	Saint Philip	4911	0
BB	Saint Thomas	3168	0
BB	Unknown	295	0
BD	Barisal Division	517	0
BD	Chittagong	232557	4
BD	Dhaka Division	3587766	64
BD	Khulna Division	36159	1
BD	Rajshahi Division	31448	0
BD	Rangpur Division	6438	0
BD	Sylhet Division	29112	0
BD	Unknown	715260	9
BE	Brussels Capital	1908626	28
BE	Flanders	5426295	121
BE	Unknown	1403765	33
BE	Wallonia	922428	16
BF	Centre	14681	0
BF	Centre-Est	5	0
BF	Centre-Ouest	12	0
BF	Centre-Sud	20	0
BF	High-Basins Region	792	0
BF	Southwest Region	31	0
BF	Unknown	4117	0
BG	Blagoevgrad	100918	2
BG	Burgas	175939	2
BG	Gabrovo	50142	1
BG	Lovech	25331	0
BG	Oblast Dobrich	55673	0
BG	Oblast Khaskovo	71973	2
BG	Oblast Kurdzhali	25128	2
BG	Oblast Kyustendil	24534	0
BG	Oblast Montana	34294	0
BG	Oblast Pleven	85303	0
BG	Oblast Razgrad	26529	1
BG	Oblast Ruse	116214	1
BG	Oblast Shumen	50071	0
BG	Oblast Silistra	28150	1
BG	Oblast Sliven	47629	1
BG	Oblast Smolyan	14144	0
BG	Oblast Stara Zagora	112867	1
BG	Oblast Turgovishte	21333	0
BG	Oblast Veliko Turnovo	107570	3
BG	Oblast Vidin	21812	0
BG	Oblast Vratsa	51381	0
BG	Oblast Yambol	37378	0
BG	Pazardzhik	59391	0
BG	Pernik	40522	1
BG	Plovdiv	377330	10
BG	Sofia-Capital	2124810	34
BG	Sofiya	48923	1
BG	Unknown	375994	9
BG	Varna	347544	7
BH	Central Governorate	23660	0
BH	Manama	682737	30
BH	Muharraq	21572	1
BH	Southern Governorate	21562	1
BH	Unknown	189292	6
BI	Bujumbura Mairie Province	8958	1
BI	Unknown	5125	0
BJ	Atlantique Department	263	0
BJ	Borgou Department	39	0
BJ	Departement de l'Oueme	116	0
BJ	Littoral	26395	0
BJ	Unknown	7593	0
BL	Unknown	6684	0
BM	Hamilton city	128551	3
BM	Paget	23	0
BM	Saint George	3067	0
BM	Sandys Parish	102	0
BM	Unknown	567	0
BN	Belait District	10900	0
BN	Brunei and Muara District	375378	3
BN	Tutong District	9130	0
BN	Unknown	6870	0
BO	Departamento de Chuquisaca	2870	0
BO	Departamento de Cochabamba	55828	1
BO	Departamento de La Paz	131557	1
BO	Departamento de Pando	26	0
BO	Departamento de Potosi	3044	0
BO	Departamento de Santa Cruz	13394	0
BO	Departamento de Tarija	3296	0
BO	El Beni	49922	1
BO	Oruro	3300	0
BO	Unknown	992	0
BQ	Bonaire	11263	1
BQ	Saba	7775	0
BQ	Sint Eustatius	257	0
BQ	Unknown	5930	0
BR	Acre	15099	3
BR	Alagoas	80666	1
BR	Amapa	10495	0
BR	Amazonas	122425	1
BR	Bahia	408319	5
BR	Ceara	72205	0
BR	Espirito Santo	233692	1
BR	Federal District	506243	4
BR	Goias	238445	1
BR	Maranhao	75782	0
BR	Mato Grosso	65783	0
BR	Mato Grosso do Sul	179807	0
BR	Minas Gerais	1177366	12
BR	Para	144549	0
BR	Parana	921434	7
BR	Paraíba	137380	0
BR	Pernambuco	426114	1
BR	Piaui	411810	6
BR	Rio Grande do Norte	164083	0
BR	Rio Grande do Sul	1096840	14
BR	Rio de Janeiro	1907574	56
BR	Rondonia	29483	0
BR	Roraima	718	0
BR	Santa Catarina	590446	4
BR	Sao Paulo	4995726	42
BR	Sergipe	75092	0
BR	Tocantins	25062	1
BR	Unknown	698757	16
BS	Central Abaco District	3292	1
BS	City of Freeport District	35422	4
BS	Harbour Island	1150	0
BS	New Providence District	270127	15
BS	North Andros District	213	0
BS	Unknown	805	0
BS	West Grand Bahama District	24	0
BT	Chhukha Dzongkhag	2585	0
BT	Thimphu Dzongkhag	61924	2
BT	Unknown	2468	0
BW	Central District	4497	0
BW	Ghanzi District	224	0
BW	North East District	1306	0
BW	North West District	1153	0
BW	South East District	163671	5
BW	Unknown	13726	1
BY	Brest	28431	0
BY	Gomel	45237	0
BY	Grodnenskaya	50604	0
BY	Minsk	712073	20
BY	Mogilev	36233	1
BY	Unknown	52715	2
BY	Vitebsk	52794	5
BZ	Belize District	75374	4
BZ	Cayo District	26817	3
BZ	Corozal District	5479	0
BZ	Orange Walk District	7794	0
BZ	Stann Creek District	3311	0
BZ	Toledo District	755	0
BZ	Unknown	14020	1
CA	Alberta	11515289	397
CA	British Columbia	15748702	624
CA	Manitoba	3135539	101
CA	New Brunswick	1596010	74
CA	Newfoundland and Labrador	996820	34
CA	Northwest Territories	95239	1
CA	Nova Scotia	2834502	75
CA	Nunavut	21209	0
CA	Ontario	53116557	1725
CA	Prince Edward Island	350726	22
CA	Quebec	13156259	331
CA	Saskatchewan	2296751	88
CA	Unknown	2265600	72
CA	Yukon	97779	5
CC	Unknown	253	0
CD	Katanga Province	4591	1
CD	Kinshasa City	20250	2
CD	Nord Kivu	252	0
CD	South Kivu Province	728	0
CD	Unknown	29619	0
CF	Mbomou	69	0
CF	Unknown	2069	0
CG	Commune de Brazzaville	4428	0
CG	Pointe-Noire	3	0
CG	Sangha	2	0
CG	Unknown	9438	0
CH	Aargau	265881	4
CH	Appenzell Ausserrhoden	6974	0
CH	Appenzell Innerrhoden	1963	0
CH	Basel-City	300842	13
CH	Basel-Landschaft	140145	5
CH	Bern	494124	6
CH	Fribourg	112103	1
CH	Geneva	672689	13
CH	Glarus	3591	0
CH	Grisons	47732	1
CH	Jura	6489	0
CH	Lucerne	172431	3
CH	Neuchâtel	75241	2
CH	Nidwalden	14666	0
CH	Obwalden	3836	0
CH	Saint Gallen	182604	2
CH	Schaffhausen	20497	0
CH	Schwyz	45907	2
CH	Solothurn	91439	2
CH	Thurgau	51138	1
CH	Ticino	161280	2
CH	Unknown	1411116	36
CH	Uri	1672	0
CH	Valais	92322	3
CH	Vaud	738134	16
CH	Zug	96995	1
CH	Zurich	2071200	67
CI	Lagunes	101788	0
CI	Unknown	17144	0
CK	Unknown	7732	2
CL	Antofagasta	70053	1
CL	Atacama	12192	0
CL	Aysen	4169	0
CL	Coquimbo	59133	2
CL	Los Lagos	54950	0
CL	Maule	43359	2
CL	Region de Arica y Parinacota	19963	0
CL	Region de Los Rios	51748	0
CL	Region de Magallanes y de la Antartica Chilena	19841	1
CL	Region de Valparaiso	271652	5
CL	Region de la Araucania	52764	1
CL	Region del Biobio	173187	6
CL	Region del Libertador General Bernardo O'Higgins	38335	0
CL	Santiago Metropolitan	1901178	20
CL	Tarapacá	31654	0
CL	Unknown	59137	0
CM	Adamaoua	168	0
CM	Centre	36180	1
CM	Littoral	49559	4
CM	North Region	1471	0
CM	North-West Region	1240	0
CM	South-West Region	8436	1
CM	Unknown	89749	7
CM	West	4056	0
CN	Anhui Sheng	510181	11
CN	Beijing Shi	2786567	84
CN	Chongqing Shi	224026	0
CN	Fujian	640135	55
CN	Gansu Sheng	70990	10
CN	Guangdong	2385642	69
CN	Guangxi Zhuangzu Zizhiqu	157370	3
CN	Guizhou Sheng	79850	0
CN	Hainan	34046	1
CN	Hebei	296096	3
CN	Heilongjiang Sheng	197748	4
CN	Henan Sheng	355399	4
CN	Hubei	412046	160
CN	Hunan	293074	7
CN	Inner Mongolia	97103	3
CN	Jiangsu Sheng	958259	24
CN	Jiangxi Sheng	529912	5
CN	Jilin Sheng	181970	4
CN	Liaoning	441910	9
CN	Ningxia Huizu Zizhiqu	18901	0
CN	Qinghai Sheng	14916	0
CN	Shaanxi	369836	6
CN	Shandong Sheng	607914	20
CN	Shanghai Shi	1630606	67
CN	Shanxi Sheng	100901	0
CN	Sichuan Sheng	409209	7
CN	Tianjin Shi	259740	4
CN	Tibet Autonomous Region	5889	0
CN	Unknown	428961	23
CN	Xinjiang Uygur Zizhiqu	117369	2
CN	Yunnan	192337	2
CN	Zhejiang Sheng	1806221	12
CO	Antioquia	612700	8
CO	Atlántico	55738	1
CO	Bogota D.C.	1318355	26
CO	Cundinamarca	12700	0
CO	Departamento de Arauca	2	0
CO	Departamento de Bolivar	15359	0
CO	Departamento de Boyaca	3398	0
CO	Departamento de Caldas	23178	3
CO	Departamento de Casanare	1686	0
CO	Departamento de Cordoba	6478	0
CO	Departamento de La Guajira	325	0
CO	Departamento de Narino	5195	0
CO	Departamento de Norte de Santander	8922	0
CO	Departamento de Risaralda	47430	1
CO	Departamento de Santander	53794	4
CO	Departamento de Sucre	925	0
CO	Departamento de Tolima	8462	0
CO	Departamento del Amazonas	3	0
CO	Departamento del Caqueta	72	0
CO	Departamento del Cauca	465	0
CO	Departamento del Cesar	3172	0
CO	Departamento del Guainia	17	0
CO	Departamento del Huila	2923	0
CO	Departamento del Magdalena	6222	0
CO	Departamento del Meta	9264	0
CO	Departamento del Putumayo	34	0
CO	Departamento del Valle del Cauca	147635	1
CO	Providencia y Santa Catalina, Departamento de Archipielago de San Andres	630	0
CO	Quindio Department	8619	0
CO	Unknown	367635	5
CR	Provincia de Alajuela	83702	4
CR	Provincia de Cartago	52132	4
CR	Provincia de Guanacaste	17816	1
CR	Provincia de Heredia	101070	2
CR	Provincia de Limon	4490	0
CR	Provincia de Puntarenas	9212	0
CR	Provincia de San Jose	554906	34
CR	Unknown	22175	0
CU	Artemisa	19	0
CU	La Habana	128	0
CU	Las Tunas	174	0
CU	Provincia Granma	4	0
CU	Provincia de Camagueey	71208	2
CU	Provincia de Ciego de Avila	7111	1
CU	Provincia de Cienfuegos	7	0
CU	Provincia de Guantanamo	22	0
CU	Provincia de Holguin	1	0
CU	Provincia de Matanzas	21244	0
CU	Provincia de Sancti Spiritus	6	0
CU	Provincia de Santiago de Cuba	809	0
CU	Unknown	5571	0
CV	Concelho de Ribeira Grande de Santiago	72	0
CV	Concelho de Sao Domingos	9462	0
CV	Concelho de Sao Vicente	53	0
CV	Unknown	16560	1
CW	Unknown	138956	3
CX	Unknown	132	0
CY	Ammochostos	3690	0
CY	Keryneia	1050	0
CY	Larnaka	47347	1
CY	Lefkosia	476127	16
CY	Limassol	228006	2
CY	Pafos	38909	1
CY	Unknown	269933	5
CZ	Central Bohemia	378077	6
CZ	Hlavni mesto Praha	2492395	85
CZ	Jihocesky kraj	194170	5
CZ	Karlovarsky kraj	71618	0
CZ	Kraj Vysocina	128580	5
CZ	Kralovehradecky kraj	172949	1
CZ	Liberecky kraj	119683	0
CZ	Moravskoslezsky kraj	391959	11
CZ	Olomoucky kraj	254114	2
CZ	Pardubicky kraj	154991	6
CZ	Plzensky kraj	195730	2
CZ	South Moravian	889947	31
CZ	Unknown	718924	19
CZ	Ustecky kraj	213895	4
CZ	Zlín	272018	1
DE	Baden-Württemberg Region	4574201	86
DE	Bavaria	5193521	78
DE	Brandenburg	278826	3
DE	Bremen	485131	9
DE	Hamburg	1662537	18
DE	Hesse	3989174	40
DE	Land Berlin	3853599	51
DE	Lower Saxony	2080749	23
DE	Mecklenburg-Vorpommern	233814	4
DE	North Rhine-Westphalia	7674383	89
DE	Rheinland-Pfalz	1280257	9
DE	Saarland	289633	5
DE	Saxony	1157741	13
DE	Saxony-Anhalt	372129	9
DE	Schleswig-Holstein	656095	10
DE	Thuringia	419941	9
DE	Unknown	16319154	88
DJ	Unknown	120777	4
DK	Capital Region	4311021	88
DK	Central Jutland	1892481	38
DK	North Denmark	743858	12
DK	South Denmark	1503945	38
DK	Unknown	726709	9
DK	Zealand	793535	21
DM	Saint Andrew	149	0
DM	Saint George	75950	17
DM	Saint John	12146	0
DM	Unknown	1467	0
DO	Nacional	741995	20
DO	Provincia Duarte	22	0
DO	Provincia Espaillat	1523	0
DO	Provincia Maria Trinidad Sanchez	80	0
DO	Provincia Sanchez Ramirez	60	0
DO	Provincia de El Seibo	17	0
DO	Provincia de Hermanas Mirabal	33	0
DO	Provincia de Independencia	231	0
DO	Provincia de La Altagracia	4135	0
DO	Provincia de La Romana	4396	0
DO	Provincia de La Vega	2653	1
DO	Provincia de Monsenor Nouel	151	0
DO	Provincia de Monte Cristi	1801	0
DO	Provincia de Pedernales	275	0
DO	Provincia de Peravia	355	0
DO	Provincia de San Cristobal	3489	0
DO	Provincia de San Jose de Ocoa	1595	0
DO	Provincia de San Juan	174	0
DO	Provincia de San Pedro de Macoris	2457	0
DO	Provincia de Santiago	48559	0
DO	Provincia de Santo Domingo	2492	0
DO	Provincia de Valverde	124	0
DO	Puerto Plata	501	0
DO	Samaná	27	0
DO	Unknown	3885	0
DZ	Adrar	364	0
DZ	Annaba	11539	0
DZ	El Oued	2888	0
DZ	El Tarf	120	0
DZ	Illizi	75	0
DZ	Oran	20237	0
DZ	Unknown	1030106	34
DZ	Wilaya d' Alger	115343	1
DZ	Wilaya de Ain Defla	346	0
DZ	Wilaya de Batna	14393	0
DZ	Wilaya de Bechar	61477	0
DZ	Wilaya de Bejaia	2592	0
DZ	Wilaya de Biskra	1604	0
DZ	Wilaya de Blida	14435	1
DZ	Wilaya de Bordj Bou Arreridj	416	0
DZ	Wilaya de Bouira	2401	0
DZ	Wilaya de Boumerdes	663	0
DZ	Wilaya de Chlef	49587	2
DZ	Wilaya de Constantine	12426	1
DZ	Wilaya de Djelfa	21821	0
DZ	Wilaya de Ghardaia	236	0
DZ	Wilaya de Guelma	3140	0
DZ	Wilaya de Jijel	635	0
DZ	Wilaya de Laghouat	3096	0
DZ	Wilaya de M'Sila	40	0
DZ	Wilaya de Mascara	3779	0
DZ	Wilaya de Medea	735	0
DZ	Wilaya de Mila	388	0
DZ	Wilaya de Mostaganem	282	0
DZ	Wilaya de Naama	8	0
DZ	Wilaya de Ouargla	32507	1
DZ	Wilaya de Relizane	746	0
DZ	Wilaya de Saida	4513	2
DZ	Wilaya de Setif	11718	1
DZ	Wilaya de Sidi Bel Abbes	1002	0
DZ	Wilaya de Skikda	1190	0
DZ	Wilaya de Souk Ahras	173	0
DZ	Wilaya de Tamanrasset	803	0
DZ	Wilaya de Tebessa	995	0
DZ	Wilaya de Tiaret	24761	1
DZ	Wilaya de Tindouf	3	0
DZ	Wilaya de Tipaza	27328	1
DZ	Wilaya de Tissemsilt	838	0
DZ	Wilaya de Tizi Ouzou	73808	0
DZ	Wilaya de Tlemcen	9724	0
EC	Provincia de Bolivar	8	0
EC	Provincia de Cotopaxi	366	0
EC	Provincia de El Oro	8606	0
EC	Provincia de Esmeraldas	2610	0
EC	Provincia de Francisco de Orellana	147	0
EC	Provincia de Imbabura	6206	0
EC	Provincia de Loja	13611	1
EC	Provincia de Los Rios	5512	1
EC	Provincia de Manabi	27482	1
EC	Provincia de Morona-Santiago	591	0
EC	Provincia de Napo	25	0
EC	Provincia de Pichincha	528683	7
EC	Provincia de Santa Elena	1557	0
EC	Provincia de Santo Domingo de los Tsachilas	10885	1
EC	Provincia de Sucumbios	537	0
EC	Provincia de Zamora-Chinchipe	141	0
EC	Provincia del Azuay	65065	1
EC	Provincia del Canar	1405	0
EC	Provincia del Carchi	110	0
EC	Provincia del Chimborazo	4765	0
EC	Provincia del Guayas	336117	16
EC	Provincia del Pastaza	583	0
EC	Provincia del Tungurahua	32655	1
EC	Unknown	32620	3
EE	Harjumaa	1510617	34
EE	Hiiumaa	7734	0
EE	Ida-Virumaa	40756	0
EE	Järvamaa	18571	1
EE	Jõgevamaa	13816	0
EE	Lääne	17288	2
EE	Lääne-Virumaa	39619	1
EE	Pärnumaa	67485	1
EE	Põlvamaa	16428	1
EE	Raplamaa	21579	0
EE	Saare	24609	1
EE	Tartu	441522	24
EE	Unknown	219755	5
EE	Valgamaa	13849	0
EE	Viljandimaa	38809	0
EE	Võrumaa	22038	2
EG	Alexandria	500615	29
EG	As Suways	3854	0
EG	Beheira Governorate	10183	2
EG	Eastern Province	27071	0
EG	Ismailia Governorate	35187	0
EG	Kafr ash Shaykh	514	1
EG	Luxor	4755	0
EG	Muhafazat Aswan	10512	2
EG	Muhafazat Asyut	40435	7
EG	Muhafazat Bani Suwayf	4997	0
EG	Muhafazat Bur Sa`id	26872	1
EG	Muhafazat Dumyat	10977	1
EG	Muhafazat Qina	10232	0
EG	Muhafazat Shamal Sina'	88	0
EG	Muhafazat Suhaj	8086	0
EG	Muhafazat ad Daqahliyah	105478	8
EG	Muhafazat al Fayyum	9727	0
EG	Muhafazat al Gharbiyah	90399	3
EG	Muhafazat al Jizah	273493	6
EG	Muhafazat al Minufiyah	2507	0
EG	Muhafazat al Minya	17932	0
EG	Muhafazat al Qahirah	2925656	130
EG	Muhafazat al Qalyubiyah	28040	1
EG	Red Sea	2791	0
EG	South Sinai	52	0
EG	Unknown	881063	49
ER	Maekel Region	171	0
ER	Unknown	13816	17
ES	Andalusia	1585622	29
ES	Aragon	290673	2
ES	Balearic Islands	286045	4
ES	Basque Country	595391	18
ES	Canary Islands	420535	6
ES	Cantabria	126475	3
ES	Castille and León	449637	16
ES	Castille-La Mancha	222101	3
ES	Catalonia	3354073	79
ES	Ceuta	3947	0
ES	Extremadura	102329	3
ES	Galicia	610154	34
ES	La Rioja	52769	2
ES	Madrid	3199425	53
ES	Melilla	2368	0
ES	Murcia	245654	5
ES	Navarre	145133	1
ES	Principality of Asturias	267440	7
ES	Unknown	750087	16
ES	Valencia	1211073	18
ET	Adis Abeba Astedader	391457	8
ET	Afar Region	66550	3
ET	Amhara	2471	0
ET	Bīnshangul Gumuz	69020	1
ET	Dire Dawa	27720	0
ET	Gambela	40430	3
ET	Harari Region	53628	2
ET	Oromiya	25654	1
ET	Somali	63098	0
ET	Tigray	56356	1
ET	Unknown	272021	11
FI	Central Finland	90165	3
FI	Central Ostrobothnia	36735	0
FI	Eastern Finland	63684	1
FI	Haeme	115884	1
FI	Kainuu	35623	0
FI	Kymenlaakso	77000	4
FI	Lapland	103106	1
FI	Lapponia	212224	4
FI	North Karelia	116157	4
FI	Northern Ostrobothnia	439181	6
FI	Northern Savo	126941	4
FI	Ostrobothnia	67376	2
FI	Oulu	43712	1
FI	Pirkanmaa	471570	7
FI	Päijänne Tavastia	116831	4
FI	Satakunta	136104	6
FI	South Karelia	111667	1
FI	Southern Finland	220449	1
FI	Southern Ostrobothnia	38377	1
FI	Southern Savonia	63369	2
FI	Southwest Finland	568458	17
FI	Unknown	2105137	43
FI	Uusimaa	3490389	102
FI	Western Finland	129186	1
FJ	Central	159013	0
FJ	Unknown	20368	1
FJ	Western	4289	0
FK	Unknown	6426	0
FM	State of Kosrae	223	0
FM	State of Pohnpei	144	1
FM	Unknown	15699	1
FO	Eysturoy	3523	0
FO	Norðoyar	4194	0
FO	Sandoy	40	0
FO	Streymoy	89928	3
FO	Suðuroy	1095	0
FO	Unknown	7385	0
FO	Vágar	353	0
FR	Alsace	638040	13
FR	Aquitaine	854943	15
FR	Auvergne	253952	0
FR	Bourgogne	309595	6
FR	Brittany	844973	9
FR	Centre	579557	7
FR	Champagne-Ardenne	264251	2
FR	Corsica	34633	2
FR	Franche-Comté	203656	1
FR	Haute-Normandie	369817	3
FR	Languedoc-Roussillon	693881	11
FR	Limousin	113626	1
FR	Lorraine	541990	11
FR	Lower Normandy	288058	3
FR	Midi-Pyrénées	947373	9
FR	Nord-Pas-de-Calais	918179	8
FR	Pays de la Loire	813592	10
FR	Picardie	358729	3
FR	Poitou-Charentes	420875	10
FR	Provence-Alpes-Côte d'Azur	1523095	23
FR	Rhône-Alpes	2156760	22
FR	Unknown	4558905	46
FR	Île-de-France	9304129	117
GA	Estuaire	15508	1
GA	Province de l'Ogooue-Lolo	9	0
GA	Province de l'Ogooue-Maritime	310	0
GA	Province de la Ngounie	9	0
GA	Province du Haut-Ogooue	117	0
GA	Unknown	8548	0
GB	England	141633331	3840
GB	Northern Ireland	2594250	59
GB	Scotland	11998590	424
GB	Unknown	15552853	342
GB	Wales	5390852	111
GD	Saint Andrew	122	0
GD	Saint David	26	0
GD	Saint George	42038	14
GD	Unknown	46139	3
GE	Abkhazia	3	0
GE	Ajaria	10547	0
GE	Guria	86	0
GE	Imereti	1841	0
GE	K'alak'i T'bilisi	1487330	42
GE	Kakheti	1104	0
GE	Kvemo Kartli	1376	0
GE	Mtskheta-Mtianeti	8	0
GE	Racha-Lechkhumi and Kvemo Svaneti	10	0
GE	Samegrelo and Zemo Svaneti	4219	0
GE	Samtskhe-Javakheti	452	0
GE	Shida Kartli	39681	3
GE	Unknown	293624	8
GF	Unknown	23119	0
GG	Saint Peter Port	143944	2
GG	Saint Sampson	45	0
GG	Unknown	1366	0
GG	Vale	1228	0
GH	Ashanti Region	29821	2
GH	Brong-Ahafo	688	0
GH	Central Region	6644	0
GH	Eastern Region	161	0
GH	Greater Accra Region	600284	21
GH	Unknown	309314	14
GH	Upper East Region	586	0
GH	Volta Region	3417	0
GH	Western Region	3548	0
GI	Unknown	106653	0
GL	Kujalleq	1139	0
GL	Qaasuitsup	3007	0
GL	Qeqqata	3291	1
GL	Sermersooq	10492	0
GL	Unknown	5539	0
GM	City of Banjul	12554	3
GM	Unknown	29051	3
GM	Western Division	168	0
GN	Conakry Region	4062	0
GN	Unknown	8879	0
GP	Unknown	51955	0
GQ	Provincia de Bioko Norte	664	0
GQ	Unknown	4657	0
GR	Attica	5684376	93
GR	Central Greece	48882	0
GR	Central Macedonia	1238063	24
GR	Crete	172206	5
GR	East Macedonia and Thrace	106597	0
GR	Epirus	53573	0
GR	Ionian Islands	75399	2
GR	North Aegean	27611	1
GR	Peloponnese	85054	1
GR	South Aegean	55286	1
GR	Thessaly	158678	1
GR	Unknown	1748338	43
GR	West Greece	186045	2
GR	West Macedonia	38909	0
GS	Unknown	18	0
GT	Departamento de Alta Verapaz	28	0
GT	Departamento de Baja Verapaz	7	0
GT	Departamento de Chiquimula	310	0
GT	Departamento de Escuintla	3	0
GT	Departamento de Guatemala	354820	5
GT	Departamento de Huehuetenango	10646	0
GT	Departamento de Izabal	6	0
GT	Departamento de Jutiapa	768	0
GT	Departamento de Quetzaltenango	10215	0
GT	Departamento de Retalhuleu	824	0
GT	Departamento de Sacatepequez	1267	0
GT	Departamento de San Marcos	72	0
GT	Departamento de Solola	170	0
GT	Departamento de Zacapa	2091	0
GT	Departamento del Quiche	88	0
GT	Suchitepeque	21	0
GT	Unknown	11218	1
GU	Agat	998	0
GU	Barrigada	47941	1
GU	Dededo	691	0
GU	Hagatna	30150	1
GU	Inarajan	102	0
GU	Mangilao	883	0
GU	Merizo Municipality	48	0
GU	Santa Rita Municipality	15971	0
GU	Tamuning	7849	1
GU	Unknown	79339	1
GU	Yigo	34766	1
GW	Bissau	2127	0
GW	Unknown	312	0
GY	Cuyuni-Mazaruni Region	338	0
GY	Demerara-Mahaica Region	190738	14
GY	East Berbice-Corentyne Region	1978	1
GY	Essequibo Islands-West Demerara Region	656	0
GY	Unknown	174	0
GY	Upper Demerara-Berbice Region	2238	0
HK	Central and Western District	634	0
HK	Eastern	5592	0
HK	Kowloon City	685335	27
HK	Kwon Tong	254	0
HK	Sha Tin	37401	5
HK	Sham Shui Po	24041	1
HK	Southern	22851	1
HK	Tsuen Wan District	218	0
HK	Unknown	9962016	385
HK	Wanchai	20947	0
HK	Wong Tai Sin	24189	3
HK	Yau Tsim Mong	17873	0
HK	Yuen Long District	18083	0
HN	Bay Islands	1272	0
HN	Departamento de Atlantida	11918	2
HN	Departamento de Choluteca	1142	0
HN	Departamento de Colon	156	0
HN	Departamento de Comayagua	3367	0
HN	Departamento de Copan	866	0
HN	Departamento de Cortes	71526	3
HN	Departamento de El Paraiso	62	0
HN	Departamento de Francisco Morazan	176660	3
HN	Departamento de Intibuca	71	0
HN	Departamento de Lempira	35	0
HN	Departamento de Ocotepeque	337	0
HN	Departamento de Olancho	514	0
HN	Departamento de Santa Barbara	7643	0
HN	Departamento de Yoro	5678	0
HN	Unknown	12514	0
HR	Bjelovarsko-Bilogorska Zupanija	7699	1
HR	Brodsko-Posavska Zupanija	61333	0
HR	Dubrovacko-Neretvanska Zupanija	16295	0
HR	Grad Zagreb	2400321	44
HR	Istarska Zupanija	80091	2
HR	Karlovacka Zupanija	3918	0
HR	Koprivnicko-Krizevacka Zupanija	39269	1
HR	Krapinsko-Zagorska Zupanija	13769	0
HR	Licko-Senjska Zupanija	1463	0
HR	Megimurska Zupanija	64585	0
HR	Osjecko-Baranjska Zupanija	192987	1
HR	Pozesko-Slavonska Zupanija	13966	0
HR	Primorsko-Goranska Zupanija	378700	6
HR	Sibensko-Kninska Zupanija	8091	0
HR	Sisacko-Moslavacka Zupanija	35636	0
HR	Splitsko-Dalmatinska Zupanija	290050	8
HR	Unknown	904596	14
HR	Varazdinska Zupanija	106466	0
HR	Viroviticko-Podravska Zupanija	10441	0
HR	Vukovarsko-Srijemska Zupanija	32814	1
HR	Zadarska Zupanija	39304	0
HR	Zagreb County	38039	0
HT	Centre	67	0
HT	Departement de l'Ouest	73782	2
HT	Nord	111	0
HT	Unknown	4060	0
HU	Baranya	186220	4
HU	Bekes	78448	0
HU	Borsod-Abaúj-Zemplén	168251	1
HU	Budapest fovaros	2930344	38
HU	Bács-Kiskun	138145	1
HU	Csongrad megye	263810	6
HU	Fejér	159553	0
HU	Győr-Moson-Sopron	149166	1
HU	Hajdú-Bihar	303940	14
HU	Heves megye	78862	0
HU	Jász-Nagykun-Szolnok	76665	0
HU	Komárom-Esztergom	94520	0
HU	Nograd megye	39540	1
HU	Pest megye	542175	5
HU	Somogy megye	69249	0
HU	Szabolcs-Szatmár-Bereg	98876	2
HU	Tolna megye	54901	0
HU	Unknown	760148	7
HU	Vas	66845	1
HU	Veszprem megye	97336	1
HU	Zala	76796	0
ID	Bali	228802	4
ID	Bangka\u2013Belitung Islands	1011	0
ID	Banten	28623	0
ID	Central Java	669395	11
ID	Central Kalimantan	15112	0
ID	Central Sulawesi	8793	2
ID	Daerah Istimewa Yogyakarta	598568	16
ID	Daerah Khusus Ibukota Jakarta	4989493	87
ID	East Java	1328291	27
ID	East Kalimantan	120753	2
ID	East Nusa Tenggara	13234	0
ID	Nanggroe Aceh Darussalam Province	6018	0
ID	North Kalimantan	4788	0
ID	North Sulawesi	45175	5
ID	North Sumatra	372931	8
ID	Propinsi Bengkulu	1381	0
ID	Provinsi Gorontalo	1992	0
ID	Provinsi Jambi	6641	0
ID	Provinsi Lampung	2548	0
ID	Provinsi Maluku	3467	0
ID	Provinsi Maluku Utara	1128	0
ID	Provinsi Papua	5216	0
ID	Provinsi Riau	135133	3
ID	Provinsi Sulawesi Barat	273	0
ID	Riau Islands	116211	0
ID	South Kalimantan	57885	0
ID	South Sulawesi	70685	5
ID	South Sumatra	114941	9
ID	Sulawesi Tenggara	274	1
ID	Unknown	950704	13
ID	West Java	2168754	75
ID	West Kalimantan	84261	4
ID	West Nusa Tenggara	45593	0
ID	West Papua	351	0
ID	West Sumatra	55064	2
IE	Connaught	661512	15
IE	Leinster	6543634	167
IE	Munster	1682434	43
IE	Ulster	156294	0
IE	Unknown	3374292	100
IL	Central District	883552	36
IL	Haifa	459665	14
IL	Jerusalem	505396	22
IL	Northern District	127486	6
IL	Southern District	119245	6
IL	Tel Aviv	4610517	187
IL	Unknown	1367465	58
IM	Unknown	222111	5
IN	Andhra Pradesh	3316519	53
IN	Arunachal Pradesh	23258	0
IN	Assam	618677	21
IN	Bihar	460896	5
IN	Chandigarh	929327	27
IN	Dadra and Nagar Haveli	15550	0
IN	Daman and Diu	11562	0
IN	Goa	473452	21
IN	Gujarat	4229827	108
IN	Haryana	4018589	119
IN	Karnataka	17956742	399
IN	Kashmir	326639	7
IN	Kerala	5425947	184
IN	Madhya Pradesh	2289352	53
IN	Maharashtra	23833530	498
IN	Manipur	40995	1
IN	Meghalaya	71782	1
IN	Mizoram	85912	2
IN	Nagaland	58826	0
IN	National Capital Territory of Delhi	13335174	307
IN	Odisha	1552348	35
IN	Rajasthan	2054153	39
IN	Sikkim	20038	0
IN	State of Chhattisgarh	375803	11
IN	State of Himachal Pradesh	483601	12
IN	State of Jharkhand	649026	7
IN	State of Punjab	1611631	73
IN	Tamil Nadu	12517702	323
IN	Telangana	10770366	215
IN	Tripura	74302	0
IN	Union Territory of Andaman and Nicobar Islands	3190	1
IN	Union Territory of Puducherry	346068	9
IN	Unknown	7033113	165
IN	Uttar Pradesh	5732292	203
IN	Uttarakhand	592695	17
IN	West Bengal	7146863	153
IO	Unknown	4197	0
IQ	An Najaf	37266	1
IQ	Anbar	104805	2
IQ	Basra Governorate	16622	0
IQ	Dhi Qar	1745	0
IQ	Dihok	3975	0
IQ	Diyālá	660	0
IQ	Mayorality of Baghdad	317313	23
IQ	Maysan	4988	0
IQ	Muhafazat Arbil	327717	23
IQ	Muhafazat Babil	26505	1
IQ	Muhafazat Karbala'	9602	2
IQ	Muhafazat Kirkuk	19257	2
IQ	Muhafazat Ninawa	6	0
IQ	Muhafazat Wasit	6900	0
IQ	Muhafazat al Muthanna	181	0
IQ	Muhafazat as Sulaymaniyah	9278	0
IQ	Salah ad Din Governorate	1605	1
IQ	Unknown	232107	41
IR	Alborz	940111	3
IR	Bushehr	533843	1
IR	East Azerbaijan	2659535	16
IR	Fars	5825678	18
IR	Hormozgan	172371	1
IR	Isfahan	18075419	78
IR	Kerman	313783	2
IR	Khuzestan	1077559	1
IR	Markazi	269229	3
IR	Māzandarān	574054	0
IR	Ostan-e Ardabil	1534842	17
IR	Ostan-e Azarbayjan-e Gharbi	569220	1
IR	Ostan-e Chahar Mahal va Bakhtiari	68729	1
IR	Ostan-e Gilan	236482	0
IR	Ostan-e Golestan	35024	0
IR	Ostan-e Hamadan	7205530	18
IR	Ostan-e Ilam	131941	1
IR	Ostan-e Kermanshah	720379	4
IR	Ostan-e Khorasan-e Jonubi	84601	0
IR	Ostan-e Khorasan-e Shomali	317713	0
IR	Ostan-e Kohgiluyeh va Bowyer Ahmad	238619	1
IR	Ostan-e Kordestan	5693237	11
IR	Ostan-e Lorestan	3308	0
IR	Ostan-e Qazvin	553548	4
IR	Ostan-e Tehran	14040196	32
IR	Qom	52266	0
IR	Razavi Khorasan	4695039	27
IR	Semnān	383850	0
IR	Sistan and Baluchestan	50678	0
IR	Unknown	58536753	212
IR	Yazd	633208	3
IR	Zanjan	310940	4
IS	Capital Region	1014476	23
IS	East	8394	1
IS	Northeast	50312	2
IS	Northwest	7662	0
IS	South	12756	1
IS	Southern Peninsula	17621	0
IS	Unknown	58186	2
IS	West	9824	0
IS	Westfjords	1088	0
IT	Abruzzo	218037	1
IT	Aosta Valley	9327	0
IT	Apulia	441682	4
IT	Basilicate	16383	1
IT	Calabria	148226	0
IT	Campania	815655	6
IT	Emilia-Romagna	1346799	11
IT	Friuli Venezia Giulia	397555	9
IT	Latium	1990573	31
IT	Liguria	436803	3
IT	Lombardy	3380494	99
IT	Molise	17058	1
IT	Piedmont	1053182	15
IT	Sardinia	265361	5
IT	Sicily	557262	4
IT	The Marches	290888	2
IT	Trentino-Alto Adige	304315	1
IT	Tuscany	1112522	11
IT	Umbria	133617	2
IT	Unknown	1213689	13
IT	Veneto	1288781	9
JE	Saint Helier	224193	14
JE	Saint Mary	63	0
JE	Saint Peter	91	0
JE	St. Brelade	93	0
JE	Unknown	3939	0
JM	Kingston	854883	64
JM	Parish of Clarendon	8129	0
JM	Parish of Manchester	26061	0
JM	Parish of Portland	314	0
JM	Parish of Saint Andrew	147	0
JM	Parish of Saint Ann	9270	0
JM	Parish of Saint Catherine	74853	4
JM	Parish of Saint James	42114	10
JM	Unknown	1110	0
JO	Amman	1221702	64
JO	Aqaba	103	0
JO	Balqa	1555	0
JO	Irbid	8818	0
JO	Jerash	1	0
JO	Karak	3	0
JO	Ma\u2019an	5	0
JO	Madaba	2754	0
JO	Mafraq	980	0
JO	Unknown	109360	2
JO	Zarqa	253	0
JP	Aichi	434816	6
JP	Akita	33330	0
JP	Aomori	21501	0
JP	Chiba	367274	6
JP	Ehime	32442	0
JP	Fukui	23119	0
JP	Fukuoka	192696	6
JP	Fukushima-ken	35919	1
JP	Gifu	66641	1
JP	Gunma	58042	0
JP	Hiroshima	113724	1
JP	Hokkaido	170494	26
JP	Hyōgo	311646	4
JP	Ibaraki	136009	2
JP	Ishikawa	47552	0
JP	Iwate	17035	1
JP	Kagawa	26036	0
JP	Kagoshima	23919	1
JP	Kanagawa	959970	13
JP	Kochi	19392	0
JP	Kumamoto	41546	0
JP	Kyoto	308513	4
JP	Mie	56428	0
JP	Miyagi	109083	6
JP	Miyazaki	17520	1
JP	Nagano	66480	1
JP	Nagasaki	29206	0
JP	Nara	80348	1
JP	Niigata	56243	1
JP	Oita	45765	2
JP	Okayama	74105	0
JP	Okinawa	67117	7
JP	Saga Prefecture	18510	0
JP	Saitama	456846	3
JP	Shiga Prefecture	67952	0
JP	Shimane	15769	0
JP	Shizuoka	163918	4
JP	Tochigi	53085	2
JP	Tokushima	19342	0
JP	Tokyo	4926380	106
JP	Tottori	15221	0
JP	Toyama	41220	3
JP	Unknown	4749475	58
JP	Wakayama	35030	1
JP	Yamagata	25149	0
JP	Yamaguchi	29699	0
JP	Yamanashi	36966	3
JP	Ōsaka	716660	9
KE	Baringo District	19	0
KE	Bomet District	36	0
KE	Bungoma District	236	0
KE	Garissa District	491	0
KE	Kajiado District	584	0
KE	Kakamega District	362	0
KE	Kericho District	843	0
KE	Kiambu District	5661	0
KE	Kilifi District	1	0
KE	Kirinyaga District	66	0
KE	Kisii District	2000	0
KE	Kisumu	6691	0
KE	Kitui District	1983	0
KE	Kwale District	39	0
KE	Laikipia	23	0
KE	Machakos District	40	0
KE	Makueni District	163	0
KE	Meru Central District	2712	0
KE	Mombasa District	45587	4
KE	Nairobi Province	1373687	38
KE	Nakuru District	6956	0
KE	Nandi South District	1269	0
KE	Nyeri District	381	0
KE	Siaya District	85	0
KE	Tharaka District	4304	0
KE	Trans Nzoia District	420	0
KE	Uasin Gishu	7168	1
KE	Unknown	677339	21
KE	Vihiga District	18	0
KG	Gorod Bishkek	139571	20
KG	Issyk-Kul'skaya Oblast'	72	0
KG	Osh Oblasty	427	0
KG	Unknown	51658	6
KH	Banteay Meanchey	2559	0
KH	Battambang	67	0
KH	Kampong Speu	1936	0
KH	Kampong Thom	8413	0
KH	Kandal	15399	0
KH	Phnom Penh	547759	23
KH	Preah Sihanouk	7498	0
KH	Svay Rieng	12	0
KH	Unknown	71750	2
KI	Gilbert Islands	1849	0
KM	Grande Comore	193	0
KM	Ndzuwani	149	0
KM	Unknown	1561	0
KN	Saint Anne Sandy Point	103	0
KN	Saint George Basseterre	46650	4
KN	Saint Mary Cayon	264	0
KN	Saint Paul Charlestown	6079	0
KN	Unknown	5168	0
KP	Chagang-do	127	0
KP	Pyongyang	3	0
KP	Unknown	3015	0
KR	Busan	216337	5
KR	Chungcheongbuk-do	44630	1
KR	Chungcheongnam-do	77123	17
KR	Daegu	143737	2
KR	Daejeon	242222	14
KR	Gangwon-do	45648	5
KR	Gwangju	107734	3
KR	Gyeonggi-do	1124913	27
KR	Gyeongsangbuk-do	115231	2
KR	Gyeongsangnam-do	141609	2
KR	Incheon	267997	6
KR	Jeju-do	33373	1
KR	Jeollabuk-do	48662	10
KR	Jeollanam-do	35141	2
KR	Seoul	4394980	105
KR	Ulsan	82519	3
KR	Unknown	2521431	103
KW	Al Asimah	1533410	55
KW	Al Aḩmadī	8789	1
KW	Al Farwaniyah	213	0
KW	Muhafazat Hawalli	22783	2
KW	Unknown	106418	1
KY	Unknown	112200	3
KZ	Aktyubinskaya Oblast'	39476	0
KZ	Almaty Oblysy	10116	0
KZ	Almaty Qalasy	546100	7
KZ	Aqmola Oblysy	8884	0
KZ	Astana Qalasy	188702	5
KZ	Atyrau Oblysy	32123	0
KZ	Batys Qazaqstan Oblysy	13607	0
KZ	East Kazakhstan	29463	0
KZ	Mangistauskaya Oblast'	12790	0
KZ	Pavlodar Oblysy	25757	0
KZ	Qaraghandy Oblysy	63251	3
KZ	Qostanay Oblysy	23475	0
KZ	Qyzylorda Oblysy	6395	0
KZ	Severo-Kazakhstanskaya Oblast'	12465	0
KZ	Unknown	182314	3
KZ	Yuzhno-Kazakhstanskaya Oblast'	60248	2
KZ	Zhambyl Oblysy	11460	0
LA	Khammouan	151	0
LA	Unknown	55594	1
LA	Vientiane	61489	1
LB	Beyrouth	1270672	60
LB	Mohafazat Aakkar	205	0
LB	Mohafazat Baalbek-Hermel	26	0
LB	Mohafazat Beqaa	1057	0
LB	Mohafazat Liban-Nord	15713	0
LB	Mohafazat Liban-Sud	17252	0
LB	Mohafazat Mont-Liban	37515	2
LB	Unknown	124231	14
LC	Castries Quarter	91697	9
LC	Choiseul Quarter	1	0
LC	Gros-Islet	451	0
LC	Soufriere	2199	0
LC	Unknown	2338	0
LC	Vieux-Fort	949	0
LI	Balzers	2003	0
LI	Eschen	2491	1
LI	Gemeinde Gamprin	673	0
LI	Mauren	2184	0
LI	Planken	187	0
LI	Ruggell	124	0
LI	Schaan	3582	0
LI	Schellenberg	126	0
LI	Triesen	1889	0
LI	Triesenberg	593	0
LI	Unknown	1865	0
LI	Vaduz	10038	0
LK	Central Province	1282	0
LK	Eastern Province	2	0
LK	North Central Province	628	0
LK	North Western Province	25	0
LK	Northern Province	2956	0
LK	Southern Province	81	0
LK	Unknown	810493	22
LK	Western Province	1942328	40
LR	Montserrado County	42288	2
LR	Unknown	28056	1
LS	Leribe	39	0
LS	Maseru	23048	0
LS	Unknown	6100	0
LT	Alytaus apskritis	25562	0
LT	Kauno apskritis	695463	24
LT	Klaipedos apskritis	216832	2
LT	Marijampoles apskritis	14748	0
LT	Panevėžys	88342	3
LT	Siauliu apskritis	113448	6
LT	Taurages apskritis	6839	0
LT	Telsiu apskritis	33605	1
LT	Unknown	410893	15
LT	Utenos apskritis	16431	1
LT	Vilnius County	1439920	35
LU	District de Diekirch	6005	0
LU	District de Grevenmacher	23452	1
LU	District de Luxembourg	505723	11
LU	Unknown	211229	5
LV	Aglona	4	0
LV	Aizkraukles Rajons	577	0
LV	Aloja	106	0
LV	Alsunga	217	0
LV	Aluksnes Rajons	124	0
LV	Apes Novads	284	0
LV	Auces Novads	77	0
LV	Babīte	43	0
LV	Baldone	105	0
LV	Balvu Novads	150	0
LV	Bauskas Novads	2954	0
LV	Beverīna	86	0
LV	Brocēni	270	0
LV	Carnikava	891	0
LV	Cesu Novads	17048	0
LV	Cibla	16	0
LV	Daugavpils	22060	0
LV	Dobeles Rajons	4926	0
LV	Engure	327	0
LV	Grobiņa	170	0
LV	Gulbenes Rajons	224	0
LV	Ikšķile	2964	1
LV	Inčukalns	555	0
LV	Jelgava	58248	1
LV	Jelgavas Rajons	151	0
LV	Jurmala	40011	3
LV	Jēkabpils Municipality	2780	0
LV	Kandava	259	0
LV	Kocēni	2	0
LV	Kraslavas Rajons	419	0
LV	Krimulda	689	0
LV	Kuldigas Rajons	4379	0
LV	Lecava	1021	0
LV	Lielvārde	1327	0
LV	Liepaja	51506	4
LV	Limbazu Rajons	653	0
LV	Lubāna	3722	0
LV	Ludzas Rajons	1859	0
LV	Līgatne	12	0
LV	Līvāni	1012	0
LV	Madona Municipality	1022	0
LV	Mersraga Novads	17	0
LV	Mālpils	234	0
LV	Mārupe	3051	0
LV	Ogre	27865	1
LV	Olaine	5852	0
LV	Ozolnieku Novads	1282	0
LV	Preili Municipality	981	0
LV	Priekuli Municipality	16	0
LV	Rezekne	15391	0
LV	Riga	1387125	49
LV	Rojas Novads	271	0
LV	Ropazu Novads	377	0
LV	Rugaju Novads	223	0
LV	Salacgrivas Novads	33	0
LV	Salaspils Novads	3145	0
LV	Saldus Municipality	3271	1
LV	Saulkrastu Novads	146	0
LV	Sejas Novads	310	0
LV	Siguldas Novads	2084	0
LV	Skrundas Novads	34	0
LV	Smiltenes Novads	1010	0
LV	Stopinu Novads	17	0
LV	Talsi Municipality	5875	0
LV	Tukuma Rajons	13876	0
LV	Unknown	186965	7
LV	Valka Municipality	106	0
LV	Valmiera District	27018	0
LV	Varaklanu Novads	16	0
LV	Vecumnieku Novads	42	0
LV	Ventspils	21821	0
LV	Ventspils Municipality	276	0
LV	Viesites Novads	1417	0
LV	Vilanu Novads	74	0
LV	Ādaži	299	0
LV	Ērgļi	65	0
LV	Ķegums	345	0
LV	Ķekava	1286	0
LY	Al Jufrah	144	0
LY	Sha'biyat Banghazi	33930	8
LY	Sha'biyat Misratah	3421	2
LY	Sha'biyat Sabha	691	0
LY	Sha'biyat al Butnan	64	0
LY	Sha'biyat al Jabal al Gharbi	196	0
LY	Sha`biyat Nalut	135	0
LY	Tripoli	103797	1
LY	Unknown	87923	6
MA	Chaouia-Ouardigha	37349	1
MA	Doukkala-Abda	37020	0
MA	Gharb-Chrarda-Beni Hssen	50763	0
MA	Guelmim-Es Semara	1184	0
MA	Marrakech-Tensift-Al Haouz	124346	1
MA	Oriental	73663	2
MA	Region de Fes-Boulemane	98623	5
MA	Region de Meknes-Tafilalet	69261	0
MA	Region de Rabat-Sale-Zemmour-Zaer	248378	2
MA	Region de Souss-Massa-Draa	107185	0
MA	Region de Tanger-Tetouan	121423	0
MA	Region du Grand Casablanca	380565	6
MA	Tadla-Azilal	14454	0
MA	Taza-Al Hoceima-Taounate	1887	0
MA	Unknown	325937	5
MC	Unknown	48980	2
MD	Anenii Noi	648	0
MD	Basarabeasca	37	0
MD	Briceni	1	0
MD	Cahul	4008	0
MD	Cantemir	258	0
MD	Cimişlia	782	0
MD	Criuleni	444	0
MD	Donduşeni	204	0
MD	Drochia	1194	0
MD	Floreşti	418	0
MD	Făleşti	144	0
MD	Gagauzia	1483	0
MD	Glodeni	90	0
MD	Hînceşti	3606	0
MD	Laloveni	5640	0
MD	Leova	186	0
MD	Municipiul Balti	18372	0
MD	Municipiul Bender	5396	0
MD	Municipiul Chisinau	661762	21
MD	Nisporeni	1328	0
MD	Orhei	3214	0
MD	Raionul Calarasi	1182	0
MD	Raionul Causeni	427	0
MD	Raionul Dubasari	710	1
MD	Raionul Edineţ	669	0
MD	Raionul Ocniţa	47	0
MD	Raionul Soroca	1133	1
MD	Raionul Stefan Voda	141	0
MD	Rezina	316	0
MD	Strășeni	4264	0
MD	Sîngerei	417	0
MD	Taraclia	211	0
MD	Teleneşti	515	0
MD	Ungheni	2040	0
MD	Unitatea Teritoriala din Stinga Nistrului	23799	0
MD	Unknown	121134	0
MD	Şoldăneşti	304	0
ME	Bijelo Polje	25	0
ME	Budva	26102	2
ME	Cetinje	137	0
ME	Herceg Novi	8566	0
ME	Kotor	25484	0
ME	Opstina Niksic	4527	0
ME	Pljevlja	774	0
ME	Podgorica	279331	3
ME	Tivat	4857	0
ME	Unknown	59852	2
MF	Unknown	10701	0
MG	Analamanga Region	28782	0
MG	Anosy Region	89	0
MG	Atsimo-Andrefana Region	2297	0
MG	Atsinanana Region	3804	0
MG	Boeny Region	1106	0
MG	Sava Region	5	0
MG	Unknown	36501	0
MG	Upper Matsiatra	32	0
MG	Vakinankaratra Region	915	0
MH	Majuro Atoll	2268	0
MH	Unknown	6791	0
MK	Berovo	2114	0
MK	Bitola	94905	1
MK	Bogdanci	1489	0
MK	Bogovinje	8	0
MK	Brvenica	18	0
MK	Debar	1605	0
MK	Demir Hisar	784	0
MK	Gevgelija	15294	0
MK	Gostivar	22919	0
MK	Kavadarci	24847	2
MK	Kratovo	135	0
MK	Kriva Palanka	3991	0
MK	Kumanovo	79870	1
MK	Makedonska Kamenica	174	0
MK	Makedonski Brod	776	0
MK	Negotino	8089	0
MK	Novo Selo	1240	0
MK	Ohrid	32595	0
MK	Opstina Caska	253	0
MK	Opstina Cucer-Sandevo	320	0
MK	Opstina Delcevo	1720	0
MK	Opstina Karpos	929237	30
MK	Opstina Kicevo	15371	0
MK	Opstina Kocani	17878	0
MK	Opstina Krivogastani	820	0
MK	Opstina Krusevo	2694	0
MK	Opstina Probistip	3136	0
MK	Opstina Radovis	7791	0
MK	Opstina Stip	55938	6
MK	Opstina Vevcani	1457	0
MK	Opstina Vrapciste	320	0
MK	Petrovec	20	0
MK	Prilep	57028	0
MK	Resen	7006	0
MK	Struga	16487	0
MK	Strumica	37787	0
MK	Sveti Nikole	3576	0
MK	Tetovo	56707	1
MK	Unknown	127648	3
MK	Valandovo	3385	0
MK	Veles	39619	1
MK	Vinica	1719	0
ML	Bamako Region	11523	0
ML	Kayes	26	0
ML	Sikasso	539	0
ML	Unknown	11501	0
MM	Kayin State	51950	5
MM	Mandalay Region	17207	0
MM	Shan State	1609	0
MM	Unknown	83291	0
MM	Yangon Region	300631	2
MN	Arhangay Aymag	244	0
MN	Bayan-OElgiy Aymag	1	0
MN	Bayanhongor Aymag	84	0
MN	Bulgan	3515	0
MN	Darhan-Uul Aymag	83	0
MN	East Aimak	1273	0
MN	East Gobi Aymag	4	0
MN	Govi-Altay Aymag	41	0
MN	Hovsgol Aymag	5	0
MN	Middle Govĭ	195	0
MN	Orhon Aymag	1058	0
MN	Selenge Aymag	10982	2
MN	Suhbaatar Aymag	124	0
MN	Ulaanbaatar Hot	515261	27
MN	Unknown	29911	0
MN	Ömnögovĭ	46	0
MO	Unknown	333192	8
MP	Rota	162	0
MP	Saipan	42891	1
MP	Tinian	1517	0
MP	Unknown	2940	0
MQ	Unknown	46682	1
MR	District de Nouakchott	12258	1
MR	Unknown	8909	0
MR	Wilaya du Trarza	293	0
MS	Parish of Saint Anthony	615	0
MS	Unknown	1510	1
MT	Attard	48392	2
MT	Balzan	16367	0
MT	Birkirkara	145140	1
MT	Birzebbuga	8156	0
MT	Bormla	4807	0
MT	Dingli	2123	0
MT	Ghajnsielem	1373	0
MT	Hal Gharghur	3277	0
MT	Hal Ghaxaq	4954	0
MT	Haz-Zabbar	38954	0
MT	Haz-Zebbug	2123	0
MT	Il-Belt Valletta	14158	0
MT	Il-Birgu	1410	0
MT	Il-Fgura	52553	5
MT	Il-Furjana	2370	0
MT	Il-Gudja	2146	0
MT	Il-Gzira	37029	0
MT	Il-Hamrun	12989	0
MT	Il-Kalkara	5534	0
MT	Il-Marsa	9858	0
MT	Il-Mellieha	17005	1
MT	Il-Mosta	109385	6
MT	Il-Munxar	1068	0
MT	Il-Qala	288	0
MT	Il-Qrendi	4041	0
MT	In-Nadur	6410	0
MT	In-Naxxar	60026	3
MT	Ir-Rabat	12331	1
MT	Is-Siggiewi	7879	4
MT	Is-Swieqi	4121	0
MT	Ix-Xaghra	5434	1
MT	Ix-Xewkija	2036	0
MT	Ix-Xghajra	2242	0
MT	Iz-Zebbug	11511	0
MT	Iz-Zejtun	12605	4
MT	Iz-Zurrieq	16611	0
MT	Kirkop	2829	0
MT	L-Gharb	340	0
MT	L-Ghasri	1793	0
MT	L-Imdina	1774	0
MT	L-Imgarr	189	0
MT	L-Imqabba	1531	0
MT	L-Imsida	54238	1
MT	L-Imtarfa	1650	0
MT	L-Isla	3538	0
MT	Lija	7611	0
MT	Luqa	11823	0
MT	Marsaskala	5839	0
MT	Marsaxlokk	3618	1
MT	Paola	31633	1
MT	Qormi	33452	0
MT	Safi	2506	0
MT	Saint John	62602	0
MT	Saint Julian	5504	0
MT	Saint Lawrence	129	0
MT	Saint Lucia	2179	0
MT	Saint Paul\u2019s Bay	11504	0
MT	Saint Venera	10855	1
MT	Sannat	625	0
MT	Ta' Kercem	564	0
MT	Ta' Xbiex	5175	0
MT	Tal-Pieta	5304	0
MT	Tarxien	39434	1
MT	Tas-Sliema	125215	2
MT	Unknown	56527	3
MT	Victoria	8599	0
MU	Black River District	6984	0
MU	Flacq District	1899	0
MU	Grand Port District	33	0
MU	Moka District	2014	0
MU	Pamplemousses District	10150	0
MU	Plaines Wilhems District	470848	4
MU	Port Louis District	310485	4
MU	Riviere du Rempart District	7990	0
MU	Rodrigues	1055	0
MU	Savanne District	22	0
MU	Unknown	92513	5
MV	Kaafu Atoll	258366	5
MV	Unknown	10046	0
MW	Central Region	9804	1
MW	Southern Region	5455	0
MW	Unknown	74926	4
MX	Aguascalientes	102454	6
MX	Baja California Sur	87556	3
MX	Campeche	37864	2
MX	Chiapas	61561	6
MX	Chihuahua	288086	10
MX	Coahuila	183727	1
MX	Colima	46526	1
MX	Durango	47005	8
MX	Estado de Baja California	669291	28
MX	Estado de Mexico	447552	46
MX	Guanajuato	287167	17
MX	Guerrero	47977	7
MX	Hidalgo	70584	5
MX	Jalisco	706471	29
MX	Mexico City	2627647	149
MX	Michoacán	146269	9
MX	Morelos	129282	9
MX	Nayarit	41458	6
MX	Nuevo León	925696	47
MX	Oaxaca	76468	3
MX	Puebla	252468	12
MX	Querétaro	197402	11
MX	Quintana Roo	415102	4
MX	San Luis Potosí	100915	5
MX	Sinaloa	178814	9
MX	Sonora	292040	20
MX	Tabasco	69507	7
MX	Tamaulipas	194364	4
MX	Tlaxcala	68532	3
MX	Unknown	463229	31
MX	Veracruz	266247	21
MX	Yucatán	197550	8
MX	Zacatecas	59773	5
MY	Johor	904587	23
MY	Kedah	486075	9
MY	Kelantan	67242	1
MY	Kuala Lumpur	5216518	143
MY	Labuan	6429	0
MY	Melaka	384977	4
MY	Negeri Sembilan	605369	18
MY	Pahang	310707	12
MY	Penang	1111687	42
MY	Perak	837224	32
MY	Perlis	56807	4
MY	Putrajaya	94939	0
MY	Sabah	398303	7
MY	Sarawak	640619	11
MY	Selangor	4686114	111
MY	Terengganu	221676	1
MY	Unknown	871612	24
MZ	Cabo Delgado Province	583	0
MZ	Cidade de Maputo	68093	1
MZ	Gaza Province	14	0
MZ	Manica Province	10	0
MZ	Maputo Province	731	0
MZ	Nampula	2589	0
MZ	Niassa Province	55	0
MZ	Provincia de Zambezia	11	0
MZ	Sofala Province	2688	0
MZ	Tete	511	0
MZ	Unknown	26681	0
NA	Erongo	13510	1
NA	Hardap	23	0
NA	Karas	3765	0
NA	Khomas	119693	1
NA	Kunene	468	0
NA	Ohangwena	2	0
NA	Omaheke	1223	0
NA	Omusati	537	1
NA	Oshana	8143	0
NA	Oshikoto	5679	0
NA	Otjozondjupa	3237	1
NA	Unknown	18555	0
NA	Zambezi Region	802	0
NC	North Province	57	0
NC	South Province	37588	0
NC	Unknown	2166	0
NE	Agadez	35	0
NE	Niamey	6753	0
NE	Unknown	4942	0
NF	Unknown	96	0
NG	Abia State	1600	0
NG	Adamawa	7117	0
NG	Akwa Ibom State	3988	0
NG	Anambra	3397	0
NG	Bayelsa State	306	0
NG	Benue State	1169	0
NG	Cross River State	3869	0
NG	Delta	3814	0
NG	Edo	13538	1
NG	Ekiti State	15	0
NG	Enugu State	7842	0
NG	Federal Capital Territory	707	0
NG	Gombe State	8	0
NG	Imo State	1596	0
NG	Kaduna State	16479	0
NG	Kano State	5823	0
NG	Kebbi State	14	0
NG	Kogi State	3	0
NG	Kwara State	14162	1
NG	Lagos	1278344	41
NG	Niger State	255162	3
NG	Ogun State	5775	0
NG	Ondo State	3267	0
NG	Osun State	9865	0
NG	Oyo State	29966	0
NG	Plateau State	390	0
NG	Rivers State	51137	0
NG	Sokoto State	667	0
NG	Taraba State	2	0
NG	Unknown	934492	23
NI	Departamento de Boaco	459	0
NI	Departamento de Carazo	1302	0
NI	Departamento de Chinandega	1174	0
NI	Departamento de Chontales	276	0
NI	Departamento de Esteli	2513	0
NI	Departamento de Granada	3085	0
NI	Departamento de Jinotega	146	0
NI	Departamento de Leon	3895	1
NI	Departamento de Madriz	53	0
NI	Departamento de Managua	188510	7
NI	Departamento de Masaya	3649	0
NI	Departamento de Matagalpa	2850	0
NI	Departamento de Nueva Segovia	280	0
NI	Departamento de Rio San Juan	9	0
NI	Departamento de Rivas	1740	0
NI	Region Autonoma Atlantico Sur	1797	0
NI	Unknown	711	0
NL	Friesland	340985	11
NL	Groningen	759069	52
NL	Limburg	785600	31
NL	North Brabant	1904131	34
NL	North Holland	5293470	90
NL	Provincie Drenthe	204183	9
NL	Provincie Flevoland	337759	7
NL	Provincie Gelderland	1482923	35
NL	Provincie Overijssel	768179	14
NL	Provincie Utrecht	1547847	44
NL	Provincie Zeeland	218551	2
NL	South Holland	4025293	68
NL	Unknown	4263846	76
NO	Akershus	628663	19
NO	Aust-Agder	110846	1
NO	Buskerud	330163	3
NO	Finnmark Fylke	68034	1
NO	Hedmark	182258	16
NO	Hordaland Fylke	852635	22
NO	More og Romsdal fylke	295600	4
NO	Nord-Trondelag Fylke	123805	2
NO	Nordland Fylke	245631	6
NO	Oppland	169749	13
NO	Oslo County	2298347	50
NO	Rogaland Fylke	654241	11
NO	Sogn og Fjordane Fylke	121943	1
NO	Sor-Trondelag Fylke	841649	13
NO	Telemark	205389	5
NO	Troms Fylke	234362	4
NO	Unknown	818201	17
NO	Vest-Agder Fylke	241139	3
NO	Vestfold	297959	4
NO	Østfold	262721	6
NP	Central Region	1171738	69
NP	Eastern Region	6739	1
NP	Mid Western	1459	0
NP	Unknown	243534	10
NP	Western Region	54179	4
NR	Anabar	78	0
NR	Uaboe	1	0
NR	Unknown	2047	0
NU	Unknown	779	0
NZ	Auckland	4537299	65
NZ	Bay of Plenty	401106	2
NZ	Canterbury	1074681	14
NZ	Chatham Islands	315	0
NZ	Gisborne	24412	0
NZ	Hawke's Bay	205961	9
NZ	Manawatu-Wanganui	351071	7
NZ	Marlborough	26328	1
NZ	Nelson	145918	4
NZ	Northland	154233	0
NZ	Otago	370868	5
NZ	Southland	88881	1
NZ	Taranaki	122862	3
NZ	Tasman	3175	0
NZ	Unknown	882862	32
NZ	Waikato	517535	6
NZ	Wellington	1708666	23
NZ	West Coast	9740	0
OM	Al Batinah	1711	0
OM	Al Buraimi	103	0
OM	Ash Sharqiyah	931	0
OM	Ash Sharqiyah South	8	0
OM	Muhafazat Masqat	899040	17
OM	Muhafazat Zufar	6640	1
OM	Muhafazat ad Dakhiliyah	44	0
OM	Unknown	234631	5
PA	Guna Yala	145	0
PA	Ngoebe-Bugle	1	0
PA	Provincia de Bocas del Toro	1273	0
PA	Provincia de Chiriqui	82850	1
PA	Provincia de Cocle	4732	0
PA	Provincia de Colon	11022	0
PA	Provincia de Herrera	1054	0
PA	Provincia de Los Santos	3315	0
PA	Provincia de Panama	390210	3
PA	Provincia de Veraguas	13416	0
PA	Provincia del Darien	1127	0
PA	Unknown	124947	1
PE	Amazonas	4	0
PE	Ancash	3469	0
PE	Apurimac	9	0
PE	Arequipa	31728	0
PE	Ayacucho	778	0
PE	Cajamarca	6169	0
PE	Callao	6289	0
PE	Cusco	10854	1
PE	Departamento de Moquegua	43	0
PE	Huancavelica	66	0
PE	Ica	4776	0
PE	Junin	3629	0
PE	La Libertad	18883	0
PE	Lambayeque	19115	0
PE	Lima	15620	0
PE	Loreto	373	0
PE	Pasco	16	0
PE	Piura	3029	0
PE	Provincia de Lima	1837437	47
PE	Puno	1847	0
PE	Region de Huanuco	460	0
PE	Region de San Martin	928	0
PE	Tacna	3390	0
PE	Tumbes	36	0
PE	Ucayali	2047	0
PE	Unknown	217435	7
PF	Iles Tuamotu-Gambier	26	0
PF	Iles du Vent	38059	0
PF	Unknown	953	0
PG	Bougainville	114	0
PG	Chimbu Province	1162	0
PG	East New Britain Province	559	0
PG	East Sepik Province	1328	0
PG	Eastern Highlands Province	3900	1
PG	Enga Province	63	0
PG	Gulf Province	4480	0
PG	Madang Province	80	0
PG	Manus Province	40	0
PG	Milne Bay Province	670	0
PG	Morobe Province	1031	0
PG	National Capital	26878	0
PG	New Ireland	989	0
PG	Northern Province	262	0
PG	Southern Highlands Province	302	0
PG	Unknown	23232	0
PG	West New Britain Province	393	0
PG	West Sepik Province	29	0
PG	Western Highlands Province	204	0
PG	Western Province	3538	0
PH	Autonomous Region in Muslim Mindanao	24924	1
PH	Bicol	237078	33
PH	Cagayan Valley	44865	4
PH	Calabarzon	5922702	470
PH	Caraga	37949	3
PH	Central Luzon	1485396	120
PH	Central Visayas	2257985	180
PH	Cordillera	168674	17
PH	Davao	604949	49
PH	Eastern Visayas	46296	1
PH	Ilocos	86286	2
PH	Mimaropa	16424	1
PH	National Capital Region	10751691	788
PH	Northern Mindanao	224116	11
PH	Soccsksargen	194324	11
PH	Unknown	7502039	517
PH	Western Visayas	223319	16
PH	Zamboanga Peninsula	31668	3
PK	Azad Kashmir	52454	1
PK	Balochistan	347629	9
PK	Federally Administered Tribal Areas	4308	0
PK	Gilgit-Baltistan	11286	0
PK	Islamabad Capital Territory	1493227	55
PK	Khyber Pakhtunkhwa	993223	47
PK	Punjab	7758006	282
PK	Sindh	5293948	124
PK	Unknown	689459	22
PL	Greater Poland Voivodeship	1030361	30
PL	Kujawsko-Pomorskie	813651	19
PL	Lesser Poland Voivodeship	1537854	55
PL	Lower Silesian Voivodeship	1040507	31
PL	Lublin Voivodeship	354569	12
PL	Lubusz	96453	2
PL	Masovian Voivodeship	3327920	83
PL	Opole Voivodeship	120831	1
PL	Podlasie	247877	4
PL	Pomeranian Voivodeship	861083	24
PL	Silesian Voivodeship	1306929	27
PL	Subcarpathian Voivodeship	369760	10
PL	Unknown	1470423	40
PL	Warmian-Masurian Voivodeship	223654	5
PL	West Pomeranian Voivodeship	355932	20
PL	Łódź Voivodeship	627276	12
PL	Świętokrzyskie	177129	6
PM	Commune de Miquelon-Langlade	153	0
PM	Commune de Saint-Pierre	2758	0
PN	Unknown	49	0
PR	Adjuntas	964	0
PR	Aguada	6704	0
PR	Aguadilla	21954	1
PR	Aguas Buenas	6704	0
PR	Aibonito	1177	0
PR	Anasco	8674	0
PR	Arecibo	24396	0
PR	Arroyo	1320	0
PR	Barceloneta	2667	1
PR	Barranquitas	6742	0
PR	Bayamon Municipio	147581	12
PR	Cabo Rojo Municipio	10004	0
PR	Caguas Municipio	81934	10
PR	Camuy Municipio	2387	0
PR	Canovanas Municipio	15901	0
PR	Carolina Municipio	54835	8
PR	Catano Municipio	4684	1
PR	Cayey Municipio	14826	0
PR	Ceiba Municipio	1261	0
PR	Ciales Municipio	1591	0
PR	Cidra Municipio	6531	0
PR	Coamo Municipio	7639	1
PR	Comerio Municipio	1664	0
PR	Corozal Municipio	4987	0
PR	Culebra Municipio	509	0
PR	Dorado Municipio	9880	1
PR	Fajardo Municipio	8820	0
PR	Guanica Municipio	489	0
PR	Guayama Municipio	6877	1
PR	Guayanilla Municipio	439	0
PR	Guaynabo Municipio	41294	3
PR	Gurabo Municipio	5390	0
PR	Hatillo Municipio	6499	1
PR	Hormigueros Municipio	1002	0
PR	Humacao Municipio	15650	1
PR	Juana Diaz Municipio	3420	0
PR	Lajas Municipio	7623	0
PR	Lares Municipio	2862	0
PR	Las Marias Municipio	16	0
PR	Las Piedras Municipio	10027	0
PR	Loiza Municipio	638	0
PR	Luquillo Municipio	7025	1
PR	Manati Municipio	5739	0
PR	Maricao Municipio	78	0
PR	Maunabo Municipio	12	0
PR	Mayagueez Municipio	64418	4
PR	Moca Municipio	9654	0
PR	Morovis Municipio	6839	0
PR	Municipio de Isabela	9777	0
PR	Municipio de Jayuya	1035	0
PR	Municipio de Juncos	1084	0
PR	Naguabo Municipio	2212	0
PR	Naranjito Municipio	9678	0
PR	Orocovis Municipio	4529	1
PR	Patillas Municipio	536	0
PR	Penuelas Municipio	602	0
PR	Ponce Municipio	79025	2
PR	Quebradillas Municipio	1626	0
PR	Rincon Municipio	3254	0
PR	Rio Grande Municipio	14909	2
PR	Sabana Grande Municipio	2438	0
PR	Salinas Municipio	1437	0
PR	San German Municipio	7585	0
PR	San Juan	481435	11
PR	San Lorenzo Municipio	3385	0
PR	San Sebastian Municipio	5598	1
PR	Santa Isabel Municipio	3779	0
PR	Toa Alta Municipio	36750	0
PR	Toa Baja Municipio	22198	3
PR	Trujillo Alto Municipio	9321	0
PR	Unknown	66718	6
PR	Utuado Municipio	2825	0
PR	Vega Alta Municipio	8201	0
PR	Vega Baja Municipio	20690	2
PR	Vieques Municipality	824	0
PR	Villalba Municipio	3587	0
PR	Yabucoa Municipio	1835	0
PR	Yauco Municipio	1374	1
PS	Gaza Strip	68470	4
PS	Unknown	113314	3
PS	West Bank	275816	10
PT	Aveiro	269559	17
PT	Azores	37719	0
PT	Bragança	13919	0
PT	Distrito da Guarda	17311	1
PT	Distrito de Beja	20164	0
PT	Distrito de Braga	280200	4
PT	Distrito de Castelo Branco	51121	2
PT	Distrito de Coimbra	235496	6
PT	Distrito de Evora	46903	2
PT	Distrito de Faro	187449	3
PT	Distrito de Leiria	141053	3
PT	Distrito de Portalegre	12164	0
PT	Distrito de Santarem	105581	0
PT	Distrito de Viana do Castelo	44726	4
PT	Distrito de Vila Real	27239	1
PT	Distrito de Viseu	71584	1
PT	Distrito do Porto	1068263	41
PT	Lisbon	2474302	51
PT	Madeira	81230	1
PT	Setúbal	403404	11
PT	Unknown	997781	33
PW	Unknown	8247	1
PY	Asuncion	162351	1
PY	Departamento Central	20519	0
PY	Departamento de Alto Paraguay	1	0
PY	Departamento de Boqueron	554	0
PY	Departamento de Caazapa	237	0
PY	Departamento de Canindeyu	14	0
PY	Departamento de Itapua	1069	0
PY	Departamento de Misiones	613	0
PY	Departamento de Paraguari	53	0
PY	Departamento de Presidente Hayes	338	0
PY	Departamento de la Cordillera	91	0
PY	Departamento del Alto Parana	4452	0
PY	Departamento del Amambay	22	0
PY	Departamento del Guaira	152	0
PY	Unknown	14943	0
QA	Al Wakrah	2908	0
QA	Baladiyat Umm Salal	1724	1
QA	Baladiyat ad Dawhah	2006944	98
QA	Baladiyat al Khawr wa adh Dhakhirah	8842	0
QA	Baladiyat ar Rayyan	13529	1
QA	Baladiyat ash Shamal	10242	0
QA	Baladiyat az Za'ayin	7631	1
QA	Unknown	52826	2
RE	Unknown	112796	0
RO	Arad	140457	3
RO	Bihor	189308	4
RO	Bucuresti	2737654	75
RO	Constanta	267893	6
RO	Covasna	7111	0
RO	Dolj	202776	8
RO	Giurgiu	24715	0
RO	Gorj	50005	1
RO	Harghita	45435	0
RO	Hunedoara	102382	0
RO	Ilfov	109649	1
RO	Judetul Alba	76513	1
RO	Judetul Arges	142414	1
RO	Judetul Bacau	115629	4
RO	Judetul Bistrita-Nasaud	49458	0
RO	Judetul Botosani	59857	2
RO	Judetul Braila	67007	0
RO	Judetul Brasov	271814	7
RO	Judetul Buzau	80181	2
RO	Judetul Calarasi	37313	1
RO	Judetul Caras-Severin	81301	3
RO	Judetul Cluj	660759	25
RO	Judetul Dambovita	78999	1
RO	Judetul Galati	158758	4
RO	Judetul Ialomita	38980	1
RO	Judetul Iasi	427225	9
RO	Judetul Mehedinti	3064	0
RO	Judetul Mures	183339	6
RO	Judetul Neamt	90474	1
RO	Judetul Salaj	37482	2
RO	Judetul Sibiu	146333	9
RO	Judetul Timis	454393	14
RO	Judetul Valcea	74585	2
RO	Maramureş	94394	1
RO	Olt	56198	0
RO	Prahova	220670	6
RO	Satu Mare	68666	4
RO	Suceava	116322	0
RO	Teleorman	44794	0
RO	Tulcea	46594	0
RO	Unknown	1381244	23
RO	Vaslui	43995	0
RO	Vrancea	47462	0
RS	Central Serbia	4798702	107
RS	Unknown	525136	3
RS	Vojvodina	894658	13
RU	Altai Krai	71324	1
RU	Amurskaya Oblast'	20388	0
RU	Arkhangelskaya	61300	4
RU	Astrakhanskaya Oblast'	37372	2
RU	Bashkortostan	168391	10
RU	Belgorodskaya Oblast'	55588	4
RU	Bryanskaya Oblast'	42731	1
RU	Chechnya	11999	0
RU	Chelyabinsk	212511	5
RU	Chukotskiy Avtonomnyy Okrug	52	0
RU	Chuvashia	51128	0
RU	Dagestan	35522	0
RU	Irkutskaya Oblast'	116438	1
RU	Ivanovskaya Oblast'	52630	1
RU	Jewish Autonomous Oblast	1290	0
RU	Kabardino-Balkarskaya Respublika	14857	0
RU	Kaliningradskaya Oblast'	92310	1
RU	Kalmykiya	6516	0
RU	Kaluzhskaya Oblast'	64944	1
RU	Kamtchatski Kray	4420	0
RU	Karachayevo-Cherkesiya	8207	0
RU	Kemerovskaya Oblast'	96691	3
RU	Khabarovsk Krai	107776	0
RU	Khanty-Mansiyskiy Avtonomnyy Okrug-Yugra	112119	2
RU	Kirovskaya Oblast'	52375	0
RU	Komi Republic	50149	1
RU	Kostromskaya Oblast'	22053	0
RU	Krasnodarskiy Kray	325542	9
RU	Krasnoyarskiy Kray	205772	1
RU	Kurganskaya Oblast'	22776	0
RU	Kurskaya Oblast'	68904	4
RU	Leningrad	73256	0
RU	Lipetskaya Oblast'	54753	1
RU	Magadanskaya Oblast'	1944	0
RU	Moscow	4907318	107
RU	Moscow Oblast	593568	8
RU	Murmansk	53086	1
RU	Nenetskiy Avtonomnyy Okrug	1381	0
RU	Nizhegorodskaya Oblast'	260933	3
RU	North Ossetia	30070	0
RU	Novgorodskaya Oblast'	46640	0
RU	Novosibirskaya Oblast'	319046	5
RU	Omskaya Oblast'	103976	4
RU	Orenburgskaya Oblast'	66197	1
RU	Orlovskaya Oblast'	44004	3
RU	Penzenskaya Oblast'	51372	2
RU	Perm Krai	142269	4
RU	Primorskiy Kray	154753	3
RU	Pskovskaya Oblast'	22134	0
RU	Republic of Karelia	49519	2
RU	Respublika Adygeya	8060	0
RU	Respublika Altay	2736	0
RU	Respublika Buryatiya	33949	0
RU	Respublika Ingushetiya	2485	0
RU	Respublika Khakasiya	12391	0
RU	Respublika Mariy-El	31086	0
RU	Respublika Mordoviya	22827	0
RU	Respublika Sakha (Yakutiya)	36245	1
RU	Respublika Tyva	1696	0
RU	Rostov	307994	1
RU	Ryazanskaya Oblast'	62755	0
RU	Sakhalinskaya Oblast'	25219	2
RU	Samarskaya Oblast'	275318	4
RU	Saratovskaya Oblast'	126451	1
RU	Smolenskaya Oblast'	35120	4
RU	St.-Petersburg	1885927	46
RU	Stavropol'skiy Kray	101107	2
RU	Sverdlovskaya Oblast'	376014	4
RU	Tambovskaya Oblast'	40845	8
RU	Tatarstan	290962	7
RU	Tomskaya Oblast'	116975	2
RU	Transbaikal Territory	165428	2
RU	Tul'skaya Oblast'	93854	0
RU	Tverskaya Oblast'	59922	1
RU	Tyumenskaya Oblast'	78663	0
RU	Udmurtskaya Respublika	94541	0
RU	Ulyanovsk Oblast	64753	1
RU	Unknown	1607410	22
RU	Vladimirskaya Oblast'	55460	1
RU	Volgogradskaya Oblast'	113781	4
RU	Vologodskaya Oblast'	55480	0
RU	Voronezhskaya Oblast'	158937	2
RU	Yamalo-Nenetskiy Avtonomnyy Okrug	22666	0
RU	Yaroslavskaya Oblast'	100577	2
RW	Kigali	128219	5
RW	Unknown	83501	2
SA	Al Jawf	983	1
SA	Al Madinah al Munawwarah	46379	4
SA	Al-Qassim	8306	1
SA	Ar Riyāḑ	3265845	211
SA	Eastern Province	822625	39
SA	Jizan	8697	0
SA	Makkah Province	2212903	89
SA	Mintaqat 'Asir	11364	1
SA	Mintaqat Ha'il	3202	0
SA	Mintaqat Najran	3443	1
SA	Mintaqat Tabuk	4962	0
SA	Mintaqat al Bahah	128	0
SA	Unknown	837672	49
SB	Guadalcanal Province	12188	0
SB	Unknown	2147	0
SC	Beau Vallon	3829	1
SC	English River	38052	1
SC	Takamaka	170	0
SC	Unknown	5343	0
SD	Kassala	7	0
SD	Khartoum	20541	2
SD	Northern	22	0
SD	Northern Darfur	13939	0
SD	River Nile	63	0
SD	Sinnār	6	0
SD	Southern Kordofan	5	0
SD	Unknown	235534	8
SE	Blekinge	177077	2
SE	Dalarna	231981	5
SE	Gotland	54978	1
SE	Gävleborg	259057	7
SE	Halland	268096	3
SE	Jämtland	94225	3
SE	Jönköping	299910	12
SE	Kalmar	182557	1
SE	Kronoberg	186017	3
SE	Norrbotten	300284	7
SE	Skåne	2079975	41
SE	Stockholm	4860371	123
SE	Södermanland	245788	5
SE	Unknown	1752301	20
SE	Uppsala	676488	26
SE	Värmland	226779	6
SE	Västerbotten	460041	16
SE	Västernorrland	228660	1
SE	Västmanland	303914	4
SE	Västra Götaland	2298706	74
SE	Örebro	303065	6
SE	Östergötland	630963	36
SG	Central Singapore Community Development Council	46	0
SG	North East Community Development Region	208	0
SG	North West Community Development Council	513	0
SG	South West Community Development Council	10	0
SG	Unknown	14746398	357
SH	Unknown	72	0
SI	Beltinci	4720	0
SI	Benedikt	206	0
SI	Bloke	205	0
SI	Bohinj	369	0
SI	Borovnica	126	0
SI	Brda	8092	0
SI	Brezovica	5951	0
SI	Cankova	338	0
SI	Celje	93055	2
SI	Cerklje na Gorenjskem	1141	0
SI	Cerknica	2511	0
SI	Cerkno	1513	0
SI	Cerkvenjak	609	0
SI	Destrnik	1844	0
SI	Dobrepolje	289	0
SI	Dobrna	1152	0
SI	Dobrova-Polhov Gradec	2554	0
SI	Dobrovnik	426	0
SI	Dol pri Ljubljani	6938	0
SI	Dolenjske Toplice	436	0
SI	Dornava	68	0
SI	Dravograd	4974	0
SI	Duplek	2550	2
SI	Gorenja Vas-Poljane	689	0
SI	Gorje	130	0
SI	Gornja Radgona	3893	0
SI	Gornji Grad	477	0
SI	Gornji Petrovci	15	0
SI	Grosuplje	11243	0
SI	Hajdina	3747	0
SI	Horjul	4276	0
SI	Hrastnik	10889	0
SI	Idrija	11167	0
SI	Ig	1197	0
SI	Ilirska Bistrica	3204	0
SI	Izola	9874	0
SI	Jesenice	13068	0
SI	Kamnik	15352	0
SI	Kanal	2669	0
SI	Kobilje	187	0
SI	Komen	158	0
SI	Komenda	1052	0
SI	Koper	61529	0
SI	Kostanjevica na Krki	254	0
SI	Kranj	84305	1
SI	Kranjska Gora	3762	0
SI	Kungota	1892	0
SI	Lenart	3082	0
SI	Lendava	4986	0
SI	Litija	1495	0
SI	Ljubljana	1373982	31
SI	Ljubno	787	0
SI	Ljutomer	5266	0
SI	Log\u2013Dragomer	1190	0
SI	Logatec	8278	0
SI	Lovrenc na Pohorju	1347	0
SI	Lukovica	1543	0
SI	Makole	1412	0
SI	Maribor	254183	2
SI	Markovci	521	0
SI	Medvode	15748	0
SI	Mestna Obcina Novo mesto	42964	0
SI	Metlika	626	0
SI	Miren-Kostanjevica	2725	0
SI	Mislinja	421	0
SI	Mokronog-Trebelno	368	0
SI	Moravske Toplice	4064	0
SI	Mozirje	1924	0
SI	Murska Sobota	16587	0
SI	Muta	466	0
SI	Naklo	4085	0
SI	Nazarje	888	0
SI	Nova Gorica	43858	2
SI	Obcina Ajdovscina	22570	0
SI	Obcina Apace	194	0
SI	Obcina Bled	13050	0
SI	Obcina Bovec	818	0
SI	Obcina Braslovce	1491	0
SI	Obcina Brezice	5131	1
SI	Obcina Crensovci	995	0
SI	Obcina Crna na Koroskem	309	0
SI	Obcina Crnomelj	17	0
SI	Obcina Divaca	324	0
SI	Obcina Domzale	51916	5
SI	Obcina Gorisnica	2082	0
SI	Obcina Hoce-Slivnica	4615	0
SI	Obcina Ivancna Gorica	2390	0
SI	Obcina Jursinci	535	0
SI	Obcina Kidricevo	4280	0
SI	Obcina Kobarid	253	0
SI	Obcina Kocevje	4932	0
SI	Obcina Krizevci	3004	0
SI	Obcina Krsko	9898	1
SI	Obcina Lasko	6635	1
SI	Obcina Loska Dolina	1862	0
SI	Obcina Majsperk	1046	0
SI	Obcina Menges	9963	0
SI	Obcina Mezica	896	0
SI	Obcina Miklavz na Dravskem Polju	7330	0
SI	Obcina Moravce	2275	0
SI	Obcina Ormoz	2750	0
SI	Obcina Podcetrtek	6	0
SI	Obcina Poljcane	2263	0
SI	Obcina Race-Fram	7919	0
SI	Obcina Radece	2172	0
SI	Obcina Ravne na Koroskem	3678	0
SI	Obcina Recica ob Savinji	454	0
SI	Obcina Rence-Vogrsko	6050	0
SI	Obcina Rogaska Slatina	3901	0
SI	Obcina Rogasovci	285	0
SI	Obcina Ruse	5013	0
SI	Obcina Semic	799	0
SI	Obcina Sempeter-Vrtojba	7493	0
SI	Obcina Sencur	1933	0
SI	Obcina Sentilj	1406	0
SI	Obcina Sentjernej	1994	0
SI	Obcina Sentjur	8217	0
SI	Obcina Sentrupert	71	0
SI	Obcina Sezana	3071	0
SI	Obcina Skofljica	5171	1
SI	Obcina Smarje pri Jelsah	1206	0
SI	Obcina Smarjeske Toplice	288	0
SI	Obcina Smartno ob Paki	1577	0
SI	Obcina Smartno pri Litiji	139	0
SI	Obcina Sodrazica	283	0
SI	Obcina Sostanj	2633	0
SI	Obcina Sredisce ob Dravi	9	0
SI	Obcina Starse	1422	0
SI	Obcina Store	473	0
SI	Obcina Sveti Jurij ob Scavnici	182	0
SI	Obcina Sveti Tomaz	91	0
SI	Obcina Tisina	422	0
SI	Obcina Tolmin	3746	0
SI	Obcina Trnovska vas	1280	0
SI	Obcina Trzic	7332	0
SI	Obcina Turnisce	926	0
SI	Obcina Velike Lasce	1275	0
SI	Obcina Verzej	706	0
SI	Obcina Zalec	10649	0
SI	Obcina Zavrc	127	0
SI	Obcina Zelezniki	3414	0
SI	Obcina Zetale	52	0
SI	Obcina Ziri	919	0
SI	Obcina Zirovnica	310	0
SI	Obcina Zrece	2394	0
SI	Odranci	850	0
SI	Oplotnica	623	0
SI	Pesnica	2227	0
SI	Piran	10758	0
SI	Podlehnik	73	0
SI	Polzela	4033	0
SI	Postojna	11419	0
SI	Prebold	2177	0
SI	Preddvor	1617	0
SI	Prevalje	3176	0
SI	Ptuj	25639	0
SI	Puconci	288	0
SI	Radenci	2530	0
SI	Radlje ob Dravi	1561	0
SI	Radovljica	20315	0
SI	Ribnica	3415	0
SI	Selnica ob Dravi	4491	0
SI	Sevnica	11797	0
SI	Slovenj Gradec	12138	1
SI	Slovenska Bistrica	14218	0
SI	Slovenske Konjice	5380	1
SI	Sveta Ana	337	0
SI	Sveti Jurij v Slovenskih Goricah	524	0
SI	Trbovlje	16275	0
SI	Trebnje	3210	0
SI	Trzin	6813	2
SI	Unknown	527535	13
SI	Velenje	28904	2
SI	Videm	719	0
SI	Vipava	8533	0
SI	Vitanje	56	0
SI	Vodice	2052	0
SI	Vojnik	3642	0
SI	Vrhnika	7800	1
SI	Vuzenica	744	0
SI	Zagorje ob Savi	12715	1
SI	Škofja Loka	15596	0
SJ	Svalbard	114	0
SK	Banskobystricky kraj	215775	1
SK	Bratislavsky kraj	1045617	73
SK	Kosicky kraj	358041	16
SK	Nitriansky kraj	284539	5
SK	Presovsky kraj	184262	15
SK	Trenciansky kraj	79999	2
SK	Trnavsky kraj	240220	9
SK	Unknown	451028	7
SK	Zilinsky kraj	299008	23
SL	Unknown	17627	0
SL	Western Area	14886	0
SM	Castello di Acquaviva	17	0
SM	Castello di Borgo Maggiore	663	0
SM	Castello di Domagnano	1029	0
SM	Castello di Faetano	405	0
SM	Castello di Fiorentino	272	0
SM	Castello di San Marino Citta	2877	0
SM	Serravalle	3824	0
SM	Unknown	160	0
SN	Dakar	101010	4
SN	Fatick	20	0
SN	Kaolack	54	0
SN	Kolda	103	0
SN	Louga	182	0
SN	Region de Kaffrine	8	0
SN	Region de Kedougou	19	0
SN	Region de Sedhiou	1	0
SN	Saint-Louis	110	0
SN	Tambacounda	6	0
SN	Unknown	41838	0
SO	Banaadir	63856	10
SO	Gedo	77	0
SO	Unknown	122739	7
SO	Woqooyi Galbeed	111	0
SR	Distrikt Brokopondo	15	0
SR	Distrikt Commewijne	2	0
SR	Distrikt Coronie	1	0
SR	Distrikt Marowijne	1	0
SR	Distrikt Nickerie	1013	0
SR	Distrikt Paramaribo	133271	7
SR	Distrikt Saramacca	1	0
SR	Distrikt Wanica	203	0
SR	Unknown	60	0
SS	Central Equatoria	7640	0
SS	Unknown	9325	0
ST	São Tomé Island	677	0
ST	Unknown	1768	0
SV	Departamento de Ahuachapan	709	0
SV	Departamento de Cabanas	2	0
SV	Departamento de Chalatenango	146	0
SV	Departamento de Cuscatlan	1670	0
SV	Departamento de La Libertad	33936	0
SV	Departamento de La Paz	234	0
SV	Departamento de La Union	141	0
SV	Departamento de Morazan	374	0
SV	Departamento de San Miguel	7610	1
SV	Departamento de San Salvador	232437	4
SV	Departamento de San Vicente	274	0
SV	Departamento de Santa Ana	8493	0
SV	Departamento de Sonsonate	3156	0
SV	Departamento de Usulutan	1512	0
SV	Unknown	2484	0
SX	Unknown	43460	2
SY	Aleppo Governorate	52	0
SY	As-Suwayda Governorate	131	0
SY	Damascus Governorate	5271	0
SY	Homs Governorate	30	0
SY	Latakia Governorate	2268	0
SY	Quneitra Governorate	515	0
SY	Unknown	181968	11
SZ	Hhohho District	18565	0
SZ	Lubombo District	263	0
SZ	Manzini District	12936	0
SZ	Unknown	1554	0
TC	Unknown	29853	0
TD	Chari-Baguirmi Region	555	0
TD	Unknown	2155	0
TG	Maritime	25044	0
TG	Unknown	3958	0
TH	Bangkok	5108620	118
TH	Changwat Amnat Charoen	363	0
TH	Changwat Ang Thong	291	0
TH	Changwat Buriram	18521	0
TH	Changwat Chachoengsao	21194	2
TH	Changwat Chai Nat	85	0
TH	Changwat Chaiyaphum	2987	0
TH	Changwat Chanthaburi	28412	0
TH	Changwat Chiang Rai	42917	2
TH	Changwat Chon Buri	267536	7
TH	Changwat Chumphon	5018	0
TH	Changwat Kalasin	4275	0
TH	Changwat Kamphaeng Phet	4427	0
TH	Changwat Kanchanaburi	21903	0
TH	Changwat Khon Kaen	108840	13
TH	Changwat Krabi	4312	0
TH	Changwat Lampang	33559	0
TH	Changwat Lamphun	11553	0
TH	Changwat Loei	7122	0
TH	Changwat Lop Buri	137	0
TH	Changwat Mae Hong Son	233	0
TH	Changwat Maha Sarakham	933	0
TH	Changwat Mukdahan	1478	0
TH	Changwat Nakhon Nayok	527	0
TH	Changwat Nakhon Pathom	54200	2
TH	Changwat Nakhon Phanom	918	0
TH	Changwat Nakhon Ratchasima	53305	0
TH	Changwat Nakhon Sawan	11719	0
TH	Changwat Nakhon Si Thammarat	1609	0
TH	Changwat Nan	6703	0
TH	Changwat Narathiwat	5098	0
TH	Changwat Nong Bua Lamphu	1607	0
TH	Changwat Nong Khai	517	0
TH	Changwat Nonthaburi	281061	13
TH	Changwat Pathum Thani	91898	3
TH	Changwat Pattani	17775	0
TH	Changwat Phangnga	880	0
TH	Changwat Phatthalung	3608	0
TH	Changwat Phayao	10397	2
TH	Changwat Phetchabun	4235	0
TH	Changwat Phetchaburi	16695	1
TH	Changwat Phichit	9901	0
TH	Changwat Phitsanulok	74964	5
TH	Changwat Phra Nakhon Si Ayutthaya	68066	0
TH	Changwat Phrae	6624	0
TH	Changwat Prachin Buri	84	0
TH	Changwat Prachuap Khiri Khan	14299	0
TH	Changwat Ranong	1458	0
TH	Changwat Ratchaburi	18489	0
TH	Changwat Rayong	63540	0
TH	Changwat Roi Et	1465	0
TH	Changwat Sa Kaeo	575	0
TH	Changwat Sakon Nakhon	1884	0
TH	Changwat Samut Prakan	29311	1
TH	Changwat Samut Sakhon	47341	2
TH	Changwat Samut Songkhram	2666	1
TH	Changwat Sara Buri	1924	0
TH	Changwat Satun	4182	0
TH	Changwat Sing Buri	34	0
TH	Changwat Sisaket	1629	0
TH	Changwat Songkhla	98594	2
TH	Changwat Sukhothai	6040	1
TH	Changwat Suphan Buri	2323	0
TH	Changwat Surat Thani	194320	1
TH	Changwat Surin	11141	0
TH	Changwat Tak	5953	0
TH	Changwat Trang	9311	1
TH	Changwat Trat	6107	0
TH	Changwat Ubon Ratchathani	24642	0
TH	Changwat Udon Thani	59557	2
TH	Changwat Uthai Thani	543	0
TH	Changwat Uttaradit	6901	0
TH	Changwat Yala	13449	0
TH	Changwat Yasothon	2927	0
TH	Chiang Mai Province	336134	9
TH	Phuket	106389	4
TH	Unknown	944566	29
TJ	Gorno-Badakhshan	1094	0
TJ	Unknown	51806	0
TJ	Viloyati Khatlon	12	0
TJ	Viloyati Sughd	2396	0
TK	Unknown	112	0
TL	Dili	6199	0
TL	Unknown	13812	0
TM	Ahal	88786	2
TM	Unknown	30052	0
TN	Gafsa	2297	0
TN	Gouvernorat de Beja	1853	0
TN	Gouvernorat de Ben Arous	4588	0
TN	Gouvernorat de Bizerte	197	0
TN	Gouvernorat de Gabes	142	0
TN	Gouvernorat de Jendouba	28	0
TN	Gouvernorat de Kairouan	138	0
TN	Gouvernorat de Kasserine	48	0
TN	Gouvernorat de Kebili	298	0
TN	Gouvernorat de Kef	633	0
TN	Gouvernorat de Mahdia	206	0
TN	Gouvernorat de Monastir	901	0
TN	Gouvernorat de Nabeul	2765	0
TN	Gouvernorat de Sfax	5045	0
TN	Gouvernorat de Sidi Bouzid	1906	0
TN	Gouvernorat de Siliana	417	0
TN	Gouvernorat de Sousse	3003	0
TN	Gouvernorat de Tozeur	1341	0
TN	Gouvernorat de Tunis	116093	2
TN	Gouvernorat de Zaghouan	1315	0
TN	Gouvernorat de l'Ariana	8126	0
TN	Manouba	4011	0
TN	Tataouine	1398	0
TN	Unknown	839647	14
TO	Tongatapu	777	0
TO	Unknown	6275	0
TR	Adana	195588	2
TR	Adiyaman	1716	0
TR	Afyonkarahisar	20815	0
TR	Aksaray	13225	0
TR	Amasya	8394	0
TR	Ankara	1915211	41
TR	Antalya	303593	5
TR	Ardahan	490	0
TR	Artvin	4409	0
TR	Aydın	54441	1
TR	Ağrı	1985	0
TR	Balıkesir	64726	1
TR	Bartın	9948	0
TR	Batman	19234	0
TR	Bayburt	1194	0
TR	Bilecik	10275	0
TR	Bingöl	1606	0
TR	Bitlis	1072	0
TR	Bolu	23852	1
TR	Burdur	467	0
TR	Bursa	280394	2
TR	Denizli	75918	0
TR	Diyarbakir	43850	0
TR	Duezce	14256	0
TR	Edirne	22862	0
TR	Elazığ	19822	0
TR	Erzincan	5529	0
TR	Erzurum	15029	1
TR	Eskişehir	126990	3
TR	Gaziantep	77577	0
TR	Giresun	14678	0
TR	Guemueshane	7242	0
TR	Hakkâri	332	0
TR	Hatay	64488	0
TR	Isparta	26429	0
TR	Istanbul	5099369	107
TR	Izmir	881287	20
TR	Iğdır	296	0
TR	Kahramanmaraş	24171	0
TR	Karabuek	30897	0
TR	Karaman	6901	0
TR	Kars	8331	2
TR	Kastamonu	17120	0
TR	Kayseri	72000	2
TR	Kilis	1172	1
TR	Kocaeli	175159	2
TR	Konya	102188	0
TR	Kütahya	22407	3
TR	Kırklareli	11401	1
TR	Kırıkkale	10982	3
TR	Kırşehir	5118	1
TR	Malatya	31558	0
TR	Manisa	70555	6
TR	Mardin	17395	0
TR	Mersin	136983	2
TR	Muğla	79285	2
TR	Muş	1046	0
TR	Nevsehir	14118	0
TR	Nigde	12425	1
TR	Ordu	18441	4
TR	Osmaniye	7408	0
TR	Rize	16939	0
TR	Sakarya	76808	1
TR	Samsun	77167	2
TR	Siirt	29574	0
TR	Sinop	7395	0
TR	Sivas	24209	0
TR	Tekirdağ	63881	4
TR	Tokat	14926	0
TR	Trabzon	66860	2
TR	Tunceli	401	0
TR	Unknown	1531342	53
TR	Uşak	11158	0
TR	Van	17282	0
TR	Yalova	23379	0
TR	Yozgat	8748	0
TR	Zonguldak	39942	3
TR	Çanakkale	45573	0
TR	Çankırı	7254	1
TR	Çorum	20360	0
TR	Şanlıurfa	37753	1
TR	Şırnak	4337	0
TT	Borough of Arima	92280	5
TT	Chaguanas	104184	9
TT	City of Port of Spain	321464	13
TT	City of San Fernando	133487	3
TT	Couva-Tabaquite-Talparo	68529	11
TT	Diego Martin	13948	0
TT	Eastern Tobago	4012	0
TT	Mayaro	592	0
TT	Penal/Debe	12751	1
TT	Point Fortin	6436	0
TT	Princes Town	22919	1
TT	San Juan/Laventille	40027	3
TT	Sangre Grande	10342	0
TT	Siparia	14295	2
TT	Tobago	18604	0
TT	Tunapuna/Piarco	164720	10
TT	Unknown	98974	5
TV	Funafuti	209	0
TV	Vaitupu	31	0
TW	Fukien	559	0
TW	Kaohsiung	2202	0
TW	Taipei	5021066	170
TW	Taiwan	2383350	70
TW	Unknown	1136463	26
TZ	Arusha	20479	2
TZ	Dar es Salaam Region	279113	8
TZ	Dodoma	1433	0
TZ	Kagera	22	0
TZ	Kigoma	83	0
TZ	Kilimanjaro	1878	0
TZ	Lindi	2	0
TZ	Manyara	1	0
TZ	Mara	96	0
TZ	Mbeya	1120	0
TZ	Morogoro	2088	0
TZ	Mwanza	2354	0
TZ	Njombe	182	0
TZ	Pemba North	1401	0
TZ	Pemba South	19	0
TZ	Ruvuma	15	0
TZ	Singida	9	0
TZ	Tabora	1	0
TZ	Tanga	375	0
TZ	Unknown	501114	11
TZ	Zanzibar Urban/West	13345	0
UA	Cherkas'ka Oblast'	70614	1
UA	Chernihiv	46517	4
UA	Chernivtsi	60790	5
UA	Crimea	86300	1
UA	Dnipropetrovska Oblast'	250754	11
UA	Donets'ka Oblast'	163910	9
UA	Ivano-Frankivs'ka Oblast'	34355	3
UA	Kharkivs'ka Oblast'	465031	32
UA	Khersons'ka Oblast'	63138	0
UA	Khmel'nyts'ka Oblast'	30203	0
UA	Kirovohrads'ka Oblast'	36924	0
UA	Kyiv City	1645600	55
UA	Kyiv Oblast	41339	2
UA	L'vivs'ka Oblast'	444552	21
UA	Luhans'ka Oblast'	42424	1
UA	Misto Sevastopol'	39879	0
UA	Mykolayivs'ka Oblast'	85972	1
UA	Odessa	326940	20
UA	Poltavs'ka Oblast'	70680	1
UA	Rivnens'ka Oblast'	43812	1
UA	Sums'ka Oblast'	66380	1
UA	Ternopil's'ka Oblast'	67153	5
UA	Unknown	794890	17
UA	Vinnyts'ka Oblast'	66008	8
UA	Volyns'ka Oblast'	39373	1
UA	Zakarpattia Oblast	50504	11
UA	Zaporizhia	142490	5
UA	Zhytomyrs'ka Oblast'	39142	0
UG	Central Region	382508	21
UG	Eastern Region	1069	2
UG	Unknown	115223	3
UG	Western Region	2699	1
US	Alabama	6816326	176
US	Alaska	1515589	45
US	Arizona	13916753	410
US	Arkansas	3712039	82
US	California	122435732	3025
US	Colorado	13854851	356
US	Connecticut	10652551	213
US	Delaware	2428621	50
US	District of Columbia	6415130	111
US	Florida	37289394	888
US	Georgia	19884052	523
US	Hawaii	3165672	77
US	Idaho	2940154	108
US	Illinois	32330356	864
US	Indiana	11749425	291
US	Iowa	6132466	203
US	Kansas	5526651	143
US	Kentucky	6048971	187
US	Louisiana	6026558	152
US	Maine	3262889	69
US	Maryland	17117537	398
US	Massachusetts	26440618	649
US	Michigan	20582584	531
US	Minnesota	13576932	382
US	Mississippi	2904415	89
US	Missouri	11767126	284
US	Montana	1843395	48
US	Nebraska	3827706	94
US	Nevada	5905622	139
US	New Hampshire	3575348	79
US	New Jersey	27410398	667
US	New Mexico	3629805	80
US	New York	71243275	1609
US	North Carolina	19244760	588
US	North Dakota	1359608	97
US	Ohio	23633809	572
US	Oklahoma	5540205	124
US	Oregon	11770568	322
US	Pennsylvania	30395445	744
US	Rhode Island	3077635	59
US	South Carolina	7039084	156
US	South Dakota	1402875	47
US	Tennessee	10440264	224
US	Texas	51641702	1362
US	Unknown	11637076	282
US	Utah	8281374	239
US	Vermont	2026049	54
US	Virginia	35507292	718
US	Washington	23158431	509
US	West Virginia	2434320	87
US	Wisconsin	12778530	355
US	Wyoming	960363	27
UY	Canelones	7860	0
UY	Colonia	74	0
UY	Departamento de Montevideo	595024	11
UY	Departamento de Paysandu	99	0
UY	Departamento de Rio Negro	74	0
UY	Departamento de Rivera	93	0
UY	Departamento de Salto	265	0
UY	Departamento de Tacuarembo	88	0
UY	Departamento de Treinta y Tres	50	0
UY	Florida	137	0
UY	Maldonado	579	0
UY	Soriano	1580	0
UY	Unknown	97	0
UZ	Andijan	94	0
UZ	Fergana	1116	0
UZ	Navoiy Province	74	0
UZ	Qashqadaryo	224	0
UZ	Samarqand Viloyati	188	0
UZ	Toshkent Shahri	126867	2
UZ	Toshkent Viloyati	549	0
UZ	Unknown	80574	4
VA	Unknown	5418	0
VC	Grenadines	295	0
VC	Parish of Charlotte	581	0
VC	Parish of Saint George	38170	0
VC	Unknown	2452	0
VE	Amazonas	32	0
VE	Anzoátegui	25543	0
VE	Apure	489	0
VE	Aragua	135955	4
VE	Barinas	5451	0
VE	Bolívar	15935	0
VE	Capital	527004	6
VE	Carabobo	146096	2
VE	Cojedes	1378	0
VE	Delta Amacuro	169	0
VE	Estado Trujillo	4451	0
VE	Falcón	7482	0
VE	Guárico	3382	0
VE	Lara	92000	0
VE	Miranda	42957	0
VE	Monagas	16039	0
VE	Mérida	32920	0
VE	Nueva Esparta	11139	0
VE	Portuguesa	7148	0
VE	Sucre	10960	1
VE	Táchira	29450	0
VE	Unknown	188139	1
VE	Vargas	7124	0
VE	Yaracuy	2488	0
VE	Zulia	197483	3
VG	Unknown	46505	0
VI	Saint Croix Island	34588	1
VI	Saint John Island	2089	0
VI	Saint Thomas Island	21615	0
VI	Unknown	46303	2
VN	An Giang	13668	0
VN	Dak Nong	113	0
VN	Gia Lai	10147	0
VN	Hau Giang	1627	0
VN	Ho Chi Minh City	3145066	32
VN	Kon Tum	672	0
VN	Long An	32835	0
VN	Thanh Pho Can Tho	42278	3
VN	Thanh Pho GJa Nang	125618	6
VN	Thanh Pho Ha Noi	4092983	60
VN	Thanh Pho Hai Phong	57074	1
VN	Tinh Ba Ria-Vung Tau	25306	0
VN	Tinh Bac Giang	48172	0
VN	Tinh Bac Kan	270	0
VN	Tinh Bac Lieu	787	0
VN	Tinh Bac Ninh	8327	0
VN	Tinh Ben Tre	1880	0
VN	Tinh Binh Duong	7298	0
VN	Tinh Binh GJinh	16150	0
VN	Tinh Binh Phuoc	1173	0
VN	Tinh Binh Thuan	3204	0
VN	Tinh Ca Mau	4075	0
VN	Tinh Cao Bang	1193	0
VN	Tinh Dien Bien	76	0
VN	Tinh GJak Lak	10734	0
VN	Tinh GJong Nai	40577	0
VN	Tinh GJong Thap	2687	0
VN	Tinh Ha Giang	1013	0
VN	Tinh Ha Nam	1144	0
VN	Tinh Ha Tinh	10868	0
VN	Tinh Hai Duong	10595	0
VN	Tinh Hoa Binh	3494	0
VN	Tinh Hung Yen	5702	0
VN	Tinh Khanh Hoa	29641	0
VN	Tinh Kien Giang	1021	0
VN	Tinh Lam GJong	8943	0
VN	Tinh Lang Son	3084	0
VN	Tinh Lao Cai	324	0
VN	Tinh Nam GJinh	5772	0
VN	Tinh Nghe An	17902	2
VN	Tinh Ninh Binh	3641	0
VN	Tinh Ninh Thuan	1782	0
VN	Tinh Phu Tho	4626	2
VN	Tinh Phu Yen	2727	0
VN	Tinh Quang Binh	3153	0
VN	Tinh Quang Nam	26508	0
VN	Tinh Quang Ngai	10609	0
VN	Tinh Quang Ninh	1884	0
VN	Tinh Quang Tri	3193	1
VN	Tinh Soc Trang	3666	0
VN	Tinh Son La	1367	0
VN	Tinh Tay Ninh	6993	0
VN	Tinh Thai Binh	4444	0
VN	Tinh Thai Nguyen	19031	0
VN	Tinh Thanh Hoa	66203	1
VN	Tinh Thua Thien-Hue	25093	0
VN	Tinh Tien Giang	3375	0
VN	Tinh Tra Vinh	10071	0
VN	Tinh Tuyen Quang	1798	0
VN	Tinh Vinh Long	5602	0
VN	Tinh Vinh Phuc	2000	0
VN	Tinh Yen Bai	1320	0
VN	Unknown	11461	0
VU	Penama Province	415	0
VU	Shefa Province	15962	1
VU	Unknown	678	0
WF	Circonscription d'Uvea	212	0
WF	Unknown	128	0
WS	Atua	103	0
WS	Tuamasaga	7174	0
WS	Unknown	3944	0
XK	Komuna e Decanit	285	0
XK	Komuna e Ferizajt	1719	0
XK	Komuna e Gjilanit	14426	0
XK	Komuna e Gracanices	519	0
XK	Komuna e Istogut	236	0
XK	Komuna e Mitrovices	5040	0
XK	Komuna e Obiliqit	1	0
XK	Komuna e Pejes	253	0
XK	Komuna e Prishtines	14470	0
XK	Komuna e Skenderajt	1521	0
XK	Kosovo Polje	2266	0
XK	Lipjan	795	0
XK	Podujevo	1855	0
XK	Prizren	4449	0
XK	Vushtrri	1711	0
YE	Muhafazat Hadramawt	37256	0
YE	Sanaa	19571	1
YE	Unknown	110907	4
YT	Acoua	7	0
YT	Chiconi	550	0
YT	Dembeni	59	0
YT	Dzaoudzi	239	0
YT	Koungou	38	0
YT	Mamoudzou	5008	0
YT	Mtsamboro	17	0
YT	Ouangani	45	0
YT	Pamandzi	375	0
YT	Tsingoni	26	0
YT	Unknown	1199	0
ZA	Eastern Cape	251085	2
ZA	Gauteng	3471901	52
ZA	KwaZulu-Natal	730078	11
ZA	Limpopo	51850	3
ZA	Mpumalanga	62454	0
ZA	Northern Cape	24542	0
ZA	Orange Free State	85062	2
ZA	Province of North West	64461	2
ZA	Province of the Western Cape	1745691	56
ZA	Unknown	1012660	4
ZM	Central Province	3776	0
ZM	Copperbelt	15765	0
ZM	Eastern Province	138	1
ZM	Luapula Province	17297	0
ZM	Lusaka Province	146004	3
ZM	North-Western Province	16488	0
ZM	Northern Province	410	0
ZM	Southern Province	1239	0
ZM	Unknown	91788	3
ZM	Western Province	11968	1
ZW	Bulawayo	21154	0
ZW	Harare	231673	3
ZW	Manicaland	1367	0
ZW	Mashonaland East Province	82	0
ZW	Matabeleland North	360	0
ZW	Matabeleland South Province	226	0
ZW	Midlands Province	556	0
ZW	Unknown	147078	3
