AD	Andorra la Vella	1730	0	0	0	0	0
AD	Canillo	8	0	0	0	0	0
AD	Encamp	116	0	0	0	0	0
AD	Escaldes-Engordany	191	0	0	0	0	0
AD	La Massana	409	0	0	0	0	0
AD	Ordino	44	0	0	0	0	0
AD	Sant Julià de Loria	40	0	0	0	0	0
AD	Unknown	36	0	0	0	0	0
AE	Abu Dhabi	15831	0	0	0	0	0
AE	Ajman	2682	0	1	0	0	0
AE	Al Fujayrah	614	0	0	0	0	0
AE	Ash Shariqah	11206	0	0	0	2	0
AE	Dubai	82632	0	0	5	3	0
AE	Ra's al Khaymah	697	0	0	0	0	0
AE	Unknown	14282	0	1	0	0	0
AF	Herat	39	0	0	0	0	0
AF	Kabul	2442	0	0	0	0	0
AF	Kandahar	38	0	0	0	0	0
AF	Unknown	2495	0	0	0	0	0
AF	Wardak	275	0	0	0	0	0
AF	Zabul	10	0	0	0	0	0
AG	Parish of Saint George	1	0	0	0	0	0
AG	Parish of Saint John	4068	0	0	0	0	0
AG	Parish of Saint Mary	79	0	0	0	0	0
AG	Unknown	45	0	0	0	0	0
AI	Unknown	27	0	0	0	0	0
AL	Qarku i Beratit	42	0	0	0	0	0
AL	Qarku i Dibres	8	0	0	0	0	0
AL	Qarku i Durresit	145	0	0	0	0	0
AL	Qarku i Elbasanit	39	0	0	0	0	0
AL	Qarku i Fierit	57	0	0	0	0	0
AL	Qarku i Gjirokastres	17	0	0	0	0	0
AL	Qarku i Korces	8	0	0	0	0	0
AL	Qarku i Kukesit	12	0	0	0	0	0
AL	Qarku i Lezhes	8	0	0	0	0	0
AL	Qarku i Shkodres	386	0	0	0	0	0
AL	Qarku i Tiranes	4562	0	0	0	0	0
AL	Qarku i Vlores	96	0	0	0	0	0
AL	Unknown	2366	0	0	0	0	0
AM	Aragatsotn Province	1817	0	0	0	0	0
AM	Ararat Province	3778	0	0	0	0	0
AM	Armavir Province	11388	0	0	0	0	0
AM	Gegharkunik Province	906	0	0	0	0	0
AM	Kotayk Province	42844	0	1	3	0	0
AM	Lori Province	23523	0	2	0	0	0
AM	Shirak Province	21453	0	0	0	1	0
AM	Syunik Province	2088	0	0	0	0	0
AM	Tavush Province	108	0	0	0	0	0
AM	Unknown	359369	0	12	13	15	0
AM	Yerevan	1550482	1	35	47	27	8
AO	Bengo Province	2	0	0	0	0	0
AO	Benguela	434	0	0	0	0	0
AO	Cabinda	62	0	0	0	0	0
AO	Cuanza Norte Province	46	0	0	0	0	0
AO	Cunene Province	2	0	0	0	0	0
AO	Huambo	21	0	0	0	0	0
AO	Huila Province	33	0	0	0	0	0
AO	Kuando Kubango	49	0	0	0	0	0
AO	Luanda Province	3963	0	0	0	0	0
AO	Lunda Sul	139	0	0	0	0	0
AO	Malanje Province	1	0	0	0	0	0
AO	Namibe Province	5	0	0	0	0	0
AO	Provincia do Bie	33	0	0	0	0	0
AO	Provincia do Uige	1	0	0	0	0	0
AO	Unknown	2987	0	0	0	0	0
AR	Buenos Aires	9124	0	0	1	2	0
AR	Buenos Aires F.D.	18667	0	2	1	0	1
AR	Chaco	111	0	0	0	0	0
AR	Chubut	232	0	0	0	0	0
AR	Cordoba	1239	0	0	0	0	0
AR	Corrientes	115	0	0	0	0	0
AR	Entre Rios	997	0	0	0	0	0
AR	Formosa	38	0	0	0	0	0
AR	La Pampa	55	0	0	0	0	0
AR	Mendoza	618	0	0	0	0	0
AR	Neuquen	342	0	0	0	0	0
AR	Provincia de Catamarca	14	0	0	0	0	0
AR	Provincia de Jujuy	144	0	0	0	0	0
AR	Provincia de La Rioja	59	0	0	0	0	0
AR	Provincia de Misiones	71	0	0	0	0	0
AR	Provincia de San Juan	69	0	0	0	0	0
AR	Provincia de San Luis	242	0	0	0	0	0
AR	Provincia de Tucuman	203	0	0	0	0	0
AR	Rio Negro	281	0	0	0	0	0
AR	Salta	178	0	0	0	0	0
AR	Santa Cruz	158	0	0	0	0	0
AR	Santa Fe	697	0	0	0	0	0
AR	Santiago del Estero	135	0	0	0	0	0
AR	Tierra del Fuego	116	0	0	0	0	0
AR	Unknown	2217	0	0	0	0	0
AS	Eastern District	7	0	0	0	0	0
AT	Burgenland	867	0	0	0	0	0
AT	Carinthia	4150	0	0	0	0	0
AT	Lower Austria	9624	0	1	1	2	1
AT	Salzburg	6531	0	0	0	0	0
AT	Styria	12432	0	0	0	0	0
AT	Tyrol	8569	0	0	1	1	1
AT	Unknown	41224	0	0	2	0	0
AT	Upper Austria	13262	0	0	1	0	0
AT	Vienna	135764	0	3	4	3	1
AT	Vorarlberg	3219	0	0	0	0	0
AU	Australian Capital Territory	3032	0	0	0	0	0
AU	New South Wales	62522	0	2	2	2	0
AU	Northern Territory	178	0	0	0	0	0
AU	Queensland	18622	0	0	3	0	0
AU	South Australia	8012	0	0	0	0	0
AU	Tasmania	657	0	0	0	0	0
AU	Unknown	3111	0	0	0	0	0
AU	Victoria	40426	0	0	4	0	0
AU	Western Australia	8924	0	0	0	0	0
AW	Unknown	134	0	0	0	0	0
AX	Alands landsbygd	4	0	0	0	0	0
AX	Mariehamns stad	435	0	0	0	0	0
AX	Unknown	77	0	0	0	0	0
AZ	Absheron Rayon	6063	0	0	0	0	0
AZ	Baku City	1909295	0	57	58	39	10
AZ	Ganja City	2526	0	0	0	0	1
AZ	Imishli Rayon	1288	0	0	0	0	0
AZ	Khachmaz Rayon	240	0	0	0	0	0
AZ	Masally	727	0	0	0	0	0
AZ	Mingacevir City	252	0	0	0	0	0
AZ	Nakhichevan	9382	0	0	0	1	0
AZ	Quba Rayon	46	0	0	0	0	0
AZ	Qusar Rayon	37	0	0	0	0	0
AZ	Shaki City	238	0	0	0	0	0
AZ	Sumqayit City	48777	0	4	1	1	1
AZ	Unknown	261986	0	6	11	6	2
BA	Brčko	256	0	0	0	0	0
BA	Federation of Bosnia and Herzegovina	5717	0	0	0	0	0
BA	Republika Srpska	7365	0	0	0	0	0
BA	Unknown	1999	0	0	0	0	0
BB	Christ Church	1	0	0	0	0	0
BB	Saint George	7	0	0	0	0	0
BB	Saint James	1	0	0	0	0	0
BB	Saint Lucy	5	0	0	0	0	0
BB	Saint Michael	369	0	0	0	0	0
BB	Saint Philip	9	0	0	0	0	0
BB	Saint Thomas	8	0	0	0	0	0
BB	Unknown	5	0	0	0	0	0
BD	Barisal Division	6	0	0	0	0	0
BD	Chittagong	1070	0	0	0	0	0
BD	Dhaka Division	11070	0	0	0	0	0
BD	Khulna Division	53	0	0	0	0	0
BD	Rajshahi Division	54	0	0	0	0	0
BD	Rangpur Division	39	0	0	0	0	0
BD	Sylhet Division	16	0	0	0	0	0
BD	Unknown	2186	0	0	0	0	0
BE	Antwerp Province	2	0	0	0	0	0
BE	Brussels Capital	53384	0	0	3	1	0
BE	East Flanders Province	1	0	0	0	0	0
BE	Flanders	77317	0	5	4	0	0
BE	Hainaut Province	1	0	0	0	0	0
BE	Unknown	32951	0	0	1	3	0
BE	Wallonia	26784	0	2	2	0	0
BE	West Flanders Province	37	0	0	0	0	0
BF	Centre	637	0	0	0	0	0
BF	Centre-Est	1	0	0	0	0	0
BF	High-Basins Region	51	0	0	0	0	0
BF	Southwest Region	12	0	0	0	0	0
BF	Unknown	161	0	0	0	0	0
BG	Blagoevgrad	14234	0	0	0	0	0
BG	Burgas	42195	0	0	1	0	1
BG	Gabrovo	10675	0	0	0	0	0
BG	Lovech	3581	0	0	0	0	0
BG	Oblast Dobrich	10431	0	0	0	0	0
BG	Oblast Khaskovo	9251	0	0	0	0	0
BG	Oblast Kurdzhali	3601	0	0	0	0	0
BG	Oblast Kyustendil	3016	0	0	0	0	0
BG	Oblast Montana	5434	0	0	0	0	0
BG	Oblast Pleven	11414	0	1	0	0	0
BG	Oblast Razgrad	3640	0	0	0	0	0
BG	Oblast Ruse	19607	0	0	1	1	0
BG	Oblast Shumen	8131	0	0	0	0	0
BG	Oblast Silistra	4720	0	0	0	2	0
BG	Oblast Sliven	7350	0	0	0	0	0
BG	Oblast Smolyan	1960	0	0	0	0	0
BG	Oblast Stara Zagora	17949	0	0	0	0	0
BG	Oblast Turgovishte	3298	0	0	0	0	0
BG	Oblast Veliko Turnovo	16284	0	0	0	0	0
BG	Oblast Vidin	3147	0	0	0	0	0
BG	Oblast Vratsa	6602	0	0	1	0	0
BG	Oblast Yambol	6170	0	0	0	0	0
BG	Pazardzhik	8617	0	0	0	0	2
BG	Pernik	4995	0	0	0	0	0
BG	Plovdiv	46141	1	0	0	1	0
BG	Sofia-Capital	262694	0	1	0	6	7
BG	Sofiya	5974	0	0	0	0	0
BG	Unknown	104884	0	4	6	3	3
BG	Varna	68996	0	2	1	0	0
BH	Central Governorate	40	0	0	0	0	0
BH	Manama	2277	0	0	0	0	0
BH	Muharraq	72	0	0	0	0	0
BH	Southern Governorate	53	0	0	0	0	0
BH	Unknown	620	0	0	0	0	0
BI	Bujumbura Mairie Province	424	0	0	0	0	0
BI	Unknown	210	0	0	0	0	0
BJ	Atlantique Department	3	0	0	0	0	0
BJ	Borgou Department	1	0	0	0	0	0
BJ	Departement de l'Oueme	13	0	0	0	0	0
BJ	Littoral	740	0	0	0	0	0
BJ	Unknown	178	0	0	0	0	0
BL	Unknown	56	0	0	0	0	0
BM	Hamilton city	80	0	0	0	0	0
BM	Saint George	1	0	0	0	0	0
BN	Belait District	11	0	0	0	0	0
BN	Brunei and Muara District	465	0	0	0	0	0
BN	Tutong District	1	0	0	0	0	0
BN	Unknown	28	0	0	0	0	0
BO	Departamento de Chuquisaca	35	0	0	0	0	0
BO	Departamento de Cochabamba	727	0	0	0	0	0
BO	Departamento de La Paz	2010	0	0	0	0	0
BO	Departamento de Potosi	59	0	0	0	0	0
BO	Departamento de Santa Cruz	360	0	0	0	0	0
BO	Departamento de Tarija	42	0	0	0	0	0
BO	El Beni	753	0	0	0	0	0
BO	Oruro	44	0	0	0	0	0
BO	Unknown	18	0	0	0	0	0
BQ	Bonaire	66	0	0	0	0	0
BQ	Saba	3	0	0	0	0	0
BQ	Unknown	13	0	0	0	0	0
BR	Acre	84	0	0	0	0	0
BR	Alagoas	826	0	0	0	0	0
BR	Amapa	216	0	0	0	0	0
BR	Amazonas	1296	0	0	0	0	0
BR	Bahia	3613	0	0	0	0	0
BR	Ceara	959	0	0	0	0	0
BR	Espirito Santo	1418	0	0	0	0	0
BR	Federal District	3749	0	0	0	0	0
BR	Goias	1619	0	0	0	0	0
BR	Maranhao	1415	0	0	0	0	0
BR	Mato Grosso	490	0	0	1	0	0
BR	Mato Grosso do Sul	5302	0	0	0	0	0
BR	Minas Gerais	6537	0	0	0	0	0
BR	Para	1429	0	0	0	0	0
BR	Paraíba	1054	0	2	0	0	0
BR	Parana	4079	0	0	0	0	0
BR	Pernambuco	3460	0	0	0	0	0
BR	Piaui	2407	0	1	0	0	0
BR	Rio de Janeiro	9940	0	0	0	0	0
BR	Rio Grande do Norte	1788	0	0	0	0	0
BR	Rio Grande do Sul	5283	0	0	0	0	0
BR	Rondonia	7002	0	0	0	0	0
BR	Roraima	3	0	0	0	0	0
BR	Santa Catarina	2471	0	0	0	0	0
BR	Sao Paulo	20545	0	0	0	0	0
BR	Sergipe	645	0	0	0	0	0
BR	Tocantins	1882	0	0	0	0	0
BR	Unknown	6447	0	0	0	0	0
BS	City of Freeport District	64	0	0	0	0	0
BS	New Providence District	474	0	0	0	0	0
BS	North Andros District	7	0	0	0	0	0
BT	Chhukha Dzongkhag	2	0	0	0	0	0
BT	Thimphu Dzongkhag	169	0	0	0	0	0
BT	Unknown	11	0	0	0	0	0
BW	Central District	34	0	0	0	0	0
BW	North East District	9	0	0	0	0	0
BW	North West District	2	0	0	0	0	0
BW	South East District	941	0	0	0	0	0
BW	Unknown	18	0	0	0	0	0
BY	Brest	731255	1	23	46	30	8
BY	Gomel	1194474	1	54	87	43	7
BY	Grodnenskaya	1556746	1	54	88	31	9
BY	Minsk	12104310	16	312	687	400	73
BY	Mogilev	1323003	1	43	101	36	8
BY	Unknown	1414131	6	58	82	46	4
BY	Vitebsk	1601504	1	65	104	44	10
BZ	Belize District	165	0	0	0	0	0
BZ	Cayo District	6	0	0	0	0	0
BZ	Corozal District	7	0	0	0	0	0
BZ	Orange Walk District	3	0	0	0	0	0
BZ	Stann Creek District	5	0	0	0	0	0
BZ	Unknown	30	0	0	0	0	0
CA	Alberta	51000	0	1	0	2	0
CA	British Columbia	71927	0	0	3	1	0
CA	Manitoba	20043	0	0	0	1	0
CA	New Brunswick	3917	0	0	3	0	0
CA	Newfoundland and Labrador	860	0	0	0	0	0
CA	Northwest Territories	95	0	0	0	0	0
CA	Nova Scotia	5288	0	0	0	0	0
CA	Nunavut	10	0	0	0	0	0
CA	Ontario	354797	1	14	12	9	1
CA	Prince Edward Island	485	0	0	0	0	0
CA	Quebec	535778	4	9	9	4	2
CA	Saskatchewan	9308	0	0	0	0	0
CA	Unknown	18350	0	0	1	0	0
CA	Yukon	284	0	0	0	0	0
CD	Katanga Province	157	0	0	0	0	0
CD	Kinshasa City	987	0	0	0	0	0
CD	Nord Kivu	21	0	0	0	0	0
CD	South Kivu Province	16	0	0	0	0	0
CD	Unknown	1652	0	0	0	0	0
CF	Unknown	121	0	0	0	0	0
CG	Commune de Brazzaville	267	0	0	0	0	0
CG	Unknown	532	0	0	0	0	0
CH	Aargau	8082	0	0	0	0	0
CH	Appenzell Ausserrhoden	222	0	0	0	0	0
CH	Appenzell Innerrhoden	40	0	0	0	0	0
CH	Basel-City	12606	0	1	0	0	1
CH	Basel-Landschaft	3070	0	0	0	0	0
CH	Bern	18392	0	0	0	0	0
CH	Fribourg	3108	0	0	0	0	0
CH	Geneva	35129	0	2	0	2	1
CH	Glarus	69	0	0	0	0	0
CH	Grisons	1129	0	0	0	0	0
CH	Jura	172	0	0	0	0	0
CH	Lucerne	4564	0	0	0	0	0
CH	Neuchâtel	1926	0	0	0	0	0
CH	Nidwalden	600	0	0	0	0	0
CH	Obwalden	67	0	0	0	0	0
CH	Saint Gallen	5533	0	2	2	0	0
CH	Schaffhausen	419	0	0	0	0	0
CH	Schwyz	1451	0	0	0	0	0
CH	Solothurn	1926	0	0	0	0	0
CH	Thurgau	1408	0	0	0	0	0
CH	Ticino	5106	0	0	0	0	0
CH	Unknown	52413	0	0	2	1	0
CH	Uri	42	0	0	0	0	0
CH	Valais	2637	0	0	0	0	0
CH	Vaud	24719	0	1	1	0	0
CH	Zug	5091	0	0	0	0	0
CH	Zurich	67566	0	2	1	0	0
CI	Lagunes	5391	0	0	0	0	0
CI	Unknown	4203	0	0	0	0	0
CK	Unknown	1	0	0	0	0	0
CL	Antofagasta	498	0	0	0	0	0
CL	Atacama	60	0	0	0	0	0
CL	Aysen	15	0	0	0	0	0
CL	Coquimbo	412	0	0	0	0	0
CL	Los Lagos	504	0	0	0	0	0
CL	Maule	161	0	0	0	0	0
CL	Region de Arica y Parinacota	114	0	0	0	0	0
CL	Region de la Araucania	181	0	0	0	0	0
CL	Region del Biobio	707	0	0	0	0	0
CL	Region del Libertador General Bernardo O'Higgins	120	0	0	0	0	0
CL	Region de Los Rios	582	0	0	0	0	0
CL	Region de Magallanes y de la Antartica Chilena	202	1	0	0	0	0
CL	Region de Valparaiso	2146	0	0	0	1	0
CL	Santiago Metropolitan	11573	0	1	1	0	0
CL	Tarapacá	170	0	0	0	0	0
CL	Unknown	478	0	0	0	0	0
CM	Adamaoua	32	0	0	0	0	0
CM	Centre	826	0	0	0	0	0
CM	Littoral	928	0	0	0	0	0
CM	North Region	17	0	0	0	0	0
CM	North-West Region	18	0	0	0	0	0
CM	South-West Region	103	0	0	0	0	0
CM	Unknown	1970	0	0	0	0	0
CM	West	10	0	0	0	0	0
CN	Anhui Sheng	25356	0	0	0	0	0
CN	Beijing Shi	194125	0	1	6	15	1
CN	Chongqing Shi	40144	0	0	15	0	0
CN	Fujian	33618	0	0	0	0	0
CN	Gansu Sheng	6458	0	0	1	0	0
CN	Guangdong	286166	0	0	22	14	0
CN	Guangxi Zhuangzu Zizhiqu	8938	0	0	0	0	0
CN	Guizhou Sheng	18028	0	0	0	0	0
CN	Hainan	3856	0	0	0	0	0
CN	Hebei	38169	0	0	0	14	0
CN	Heilongjiang Sheng	31188	0	0	2	0	0
CN	Henan Sheng	32216	0	0	0	0	0
CN	Hubei	24121	0	0	0	0	0
CN	Hunan	41940	0	0	1	0	0
CN	Inner Mongolia	29565	0	1	0	0	0
CN	Jiangsu Sheng	85758	0	0	0	11	0
CN	Jiangxi Sheng	30772	0	0	0	0	0
CN	Jilin Sheng	17156	0	0	1	0	0
CN	Liaoning	57960	0	0	0	1	0
CN	Ningxia Huizu Zizhiqu	503	0	0	0	0	0
CN	Qinghai Sheng	286	0	0	0	0	0
CN	Shaanxi	15771	0	0	0	0	0
CN	Shandong Sheng	41413	0	0	3	0	0
CN	Shanghai Shi	75681	0	1	0	1	0
CN	Shanxi Sheng	2334	0	0	0	0	0
CN	Sichuan Sheng	10663	0	1	0	0	0
CN	Tianjin Shi	20398	0	1	3	0	0
CN	Tibet Autonomous Region	23	0	0	0	0	0
CN	Unknown	119680	1	3	3	2	0
CN	Xinjiang Uygur Zizhiqu	27253	0	0	0	0	0
CN	Yunnan	68780	0	0	0	1	0
CN	Zhejiang Sheng	1429360	0	1	3	117	0
CO	Antioquia	3551	0	0	0	0	0
CO	Atlántico	251	0	0	0	0	0
CO	Bogota D.C.	15238	0	0	0	0	0
CO	Cundinamarca	65	0	0	0	0	0
CO	Departamento de Bolivar	61	0	0	0	0	0
CO	Departamento de Boyaca	14	0	0	0	0	0
CO	Departamento de Caldas	99	0	0	0	0	0
CO	Departamento de Casanare	6	0	0	0	0	0
CO	Departamento de Cordoba	79	0	0	0	0	0
CO	Departamento de La Guajira	6	0	0	0	0	0
CO	Departamento del Caqueta	1	0	0	0	0	0
CO	Departamento del Cauca	7	0	0	0	0	0
CO	Departamento del Cesar	13	0	0	0	0	0
CO	Departamento del Huila	12	0	0	0	0	0
CO	Departamento del Magdalena	64	0	0	0	0	0
CO	Departamento del Meta	40	0	0	0	0	0
CO	Departamento del Valle del Cauca	1191	0	0	0	0	0
CO	Departamento de Narino	41	0	0	0	0	0
CO	Departamento de Norte de Santander	82	0	0	0	0	0
CO	Departamento de Risaralda	338	0	0	0	0	0
CO	Departamento de Santander	287	0	0	0	0	0
CO	Departamento de Sucre	7	0	0	0	0	0
CO	Departamento de Tolima	51	0	0	0	0	0
CO	Providencia y Santa Catalina, Departamento de Archipielago de San Andres	3	0	0	0	0	0
CO	Quindio Department	30	0	0	0	0	0
CO	Unknown	2167	0	0	0	0	0
CR	Provincia de Alajuela	688	0	0	0	0	0
CR	Provincia de Cartago	172	0	0	0	0	0
CR	Provincia de Guanacaste	127	0	0	0	0	0
CR	Provincia de Heredia	590	0	0	0	0	0
CR	Provincia de Limon	22	0	0	0	0	0
CR	Provincia de Puntarenas	79	0	0	0	0	0
CR	Provincia de San Jose	2027	0	0	0	0	0
CR	Unknown	219	0	0	0	0	0
CU	Provincia de Camagueey	3401	0	0	0	0	0
CU	Provincia de Ciego de Avila	235	0	0	0	0	0
CU	Provincia de Matanzas	84	0	0	0	0	0
CU	Unknown	100	0	0	0	0	0
CV	Concelho de Sao Domingos	223	0	0	0	0	0
CV	Unknown	321	0	0	0	0	0
CW	Unknown	177	0	0	0	0	0
CY	Ammochostos	819	0	0	0	0	0
CY	Keryneia	245	0	0	0	0	0
CY	Larnaka	4521	0	0	0	0	0
CY	Lefkosia	34721	0	7	2	1	0
CY	Limassol	38664	0	2	4	0	1
CY	Pafos	8102	0	0	0	1	0
CY	Unknown	27504	0	0	3	3	0
CZ	Central Bohemia	33762	0	3	1	0	0
CZ	Hlavni mesto Praha	428044	0	10	23	16	3
CZ	Jihocesky kraj	11348	0	0	1	0	0
CZ	Karlovarsky kraj	10596	0	0	1	1	0
CZ	Kraj Vysocina	3706	0	0	0	0	0
CZ	Kralovehradecky kraj	8259	0	1	0	0	0
CZ	Liberecky kraj	9126	0	0	0	0	0
CZ	Moravskoslezsky kraj	15569	0	1	0	0	0
CZ	Olomoucky kraj	14193	0	1	0	1	0
CZ	Pardubicky kraj	20270	0	0	0	0	0
CZ	Plzensky kraj	14001	0	0	0	0	0
CZ	South Moravian	65898	0	1	3	1	0
CZ	Unknown	138822	0	7	27	2	4
CZ	Ustecky kraj	13933	0	0	1	0	0
CZ	Zlín	8582	0	0	0	0	0
DE	Baden-Württemberg Region	410736	0	8	31	8	3
DE	Bavaria	582865	0	28	26	10	4
DE	Brandenburg	29843	0	0	1	0	1
DE	Bremen	44719	0	3	4	0	0
DE	Hamburg	149063	0	5	5	3	3
DE	Hesse	339922	0	3	12	3	2
DE	Land Berlin	329914	0	3	8	3	1
DE	Lower Saxony	221652	0	12	7	2	1
DE	Mecklenburg-Vorpommern	30121	0	2	0	0	0
DE	North Rhine-Westphalia	638424	2	21	44	5	4
DE	Rheinland-Pfalz	121783	0	1	11	6	1
DE	Saarland	25587	0	1	0	0	0
DE	Saxony	124059	0	7	8	5	0
DE	Saxony-Anhalt	48516	0	1	4	0	0
DE	Schleswig-Holstein	49839	0	0	2	1	0
DE	Thuringia	46383	0	0	1	4	0
DE	Unknown	2378627	2	68	63	15	11
DJ	Unknown	744	0	0	0	0	0
DK	Capital Region	39980	0	0	0	0	0
DK	Central Jutland	15214	0	0	1	0	0
DK	North Denmark	6803	0	2	1	3	0
DK	South Denmark	26473	0	0	0	0	0
DK	Unknown	20037	0	0	0	1	0
DK	Zealand	5310	0	0	0	0	0
DM	Saint George	95	0	0	0	0	0
DM	Saint John	8	0	0	0	0	0
DM	Unknown	3	0	0	0	0	0
DO	Nacional	9934	0	0	2	1	0
DO	Provincia de La Altagracia	463	0	0	0	0	0
DO	Provincia de La Romana	312	0	0	0	0	0
DO	Provincia de La Vega	27	0	0	0	0	0
DO	Provincia de Monte Cristi	50	0	0	0	0	0
DO	Provincia de Peravia	2	0	0	0	0	0
DO	Provincia de San Cristobal	16	0	0	0	0	0
DO	Provincia de San Jose de Ocoa	68	0	0	0	0	0
DO	Provincia de San Pedro de Macoris	46	0	0	0	0	0
DO	Provincia de Santiago	660	0	0	0	0	0
DO	Provincia de Santo Domingo	86	0	0	0	0	0
DO	Provincia de Valverde	1	0	0	0	0	0
DO	Provincia Duarte	1	0	0	0	0	0
DO	Provincia Espaillat	4	0	0	0	0	0
DO	Puerto Plata	4	0	0	0	0	0
DO	Unknown	457	0	0	0	0	0
DZ	Adrar	6	0	0	0	0	0
DZ	Annaba	502	0	0	0	0	0
DZ	El Oued	228	0	0	0	0	0
DZ	El Tarf	1	0	0	0	0	0
DZ	Illizi	1	0	0	0	0	0
DZ	Oran	924	0	0	0	0	0
DZ	Unknown	49901	0	0	0	0	0
DZ	Wilaya d' Alger	3788	0	0	0	0	0
DZ	Wilaya de Ain Defla	15	0	0	0	0	0
DZ	Wilaya de Batna	774	0	0	0	0	0
DZ	Wilaya de Bechar	2883	0	0	0	0	0
DZ	Wilaya de Bejaia	109	0	0	0	0	0
DZ	Wilaya de Biskra	105	0	0	0	0	0
DZ	Wilaya de Blida	726	0	0	0	0	0
DZ	Wilaya de Bordj Bou Arreridj	28	0	0	0	0	0
DZ	Wilaya de Bouira	168	0	0	0	0	0
DZ	Wilaya de Boumerdes	49	0	0	0	0	0
DZ	Wilaya de Chlef	2011	0	0	0	0	0
DZ	Wilaya de Constantine	398	0	0	0	0	0
DZ	Wilaya de Djelfa	836	0	0	0	0	0
DZ	Wilaya de Ghardaia	20	0	0	0	0	0
DZ	Wilaya de Guelma	171	0	0	0	0	0
DZ	Wilaya de Jijel	17	0	0	0	0	0
DZ	Wilaya de Laghouat	128	0	0	0	0	0
DZ	Wilaya de Mascara	127	0	0	0	0	0
DZ	Wilaya de Medea	16	0	0	0	0	0
DZ	Wilaya de Mila	21	0	0	0	0	0
DZ	Wilaya de Mostaganem	10	0	0	0	0	0
DZ	Wilaya de M'Sila	1	0	0	0	0	0
DZ	Wilaya de Naama	3	0	0	0	0	0
DZ	Wilaya de Ouargla	1123	0	0	0	0	0
DZ	Wilaya de Relizane	44	0	0	0	0	0
DZ	Wilaya de Saida	152	0	0	0	0	0
DZ	Wilaya de Setif	572	0	0	0	0	0
DZ	Wilaya de Sidi Bel Abbes	49	0	0	0	0	0
DZ	Wilaya de Skikda	67	0	0	0	0	0
DZ	Wilaya de Souk Ahras	12	0	0	0	0	0
DZ	Wilaya de Tamanrasset	84	0	0	0	0	0
DZ	Wilaya de Tebessa	40	0	0	0	0	0
DZ	Wilaya de Tiaret	894	0	0	0	0	0
DZ	Wilaya de Tipaza	959	0	0	0	0	0
DZ	Wilaya de Tissemsilt	29	0	0	0	0	0
DZ	Wilaya de Tizi Ouzou	3386	0	0	0	0	0
DZ	Wilaya de Tlemcen	503	0	0	0	0	0
EC	Provincia de Cotopaxi	13	0	0	0	0	0
EC	Provincia de El Oro	295	0	0	0	0	0
EC	Provincia de Esmeraldas	53	0	0	0	0	0
EC	Provincia de Imbabura	102	0	0	0	0	0
EC	Provincia del Azuay	851	0	0	0	0	0
EC	Provincia del Canar	47	0	0	0	0	0
EC	Provincia del Chimborazo	75	0	0	0	0	0
EC	Provincia del Guayas	3906	0	0	0	0	0
EC	Provincia de Loja	164	0	0	0	0	0
EC	Provincia de Los Rios	93	0	0	0	0	0
EC	Provincia del Pastaza	3	0	0	0	0	0
EC	Provincia del Tungurahua	782	0	0	0	0	0
EC	Provincia de Manabi	1008	0	0	0	0	0
EC	Provincia de Morona-Santiago	4	0	0	0	0	0
EC	Provincia de Napo	1	0	0	0	0	0
EC	Provincia de Pichincha	9843	0	0	0	0	0
EC	Provincia de Santa Elena	88	0	0	0	0	0
EC	Provincia de Santo Domingo de los Tsachilas	191	0	0	0	0	0
EC	Provincia de Sucumbios	16	0	0	0	0	0
EC	Unknown	384	0	0	0	0	0
EE	Harjumaa	870337	1	24	75	23	2
EE	Hiiumaa	306	0	0	0	0	0
EE	Ida-Virumaa	278412	0	14	19	9	0
EE	Järvamaa	2845	0	0	0	0	0
EE	Jõgevamaa	1213	0	0	0	0	0
EE	Lääne	4204	0	1	2	0	0
EE	Lääne-Virumaa	12518	0	0	1	0	0
EE	Pärnumaa	15650	0	1	1	0	0
EE	Põlvamaa	1010	0	0	0	0	0
EE	Raplamaa	2218	0	0	0	0	0
EE	Saare	982	0	0	0	0	0
EE	Tartu	86135	1	1	4	2	2
EE	Unknown	361966	0	51	7	8	0
EE	Valgamaa	10594	0	1	0	0	1
EE	Viljandimaa	1963	0	0	0	0	0
EE	Võrumaa	1526	0	0	0	0	0
EG	Alexandria	6720	0	0	1	0	0
EG	As Suways	551	0	0	0	0	0
EG	Beheira Governorate	359	0	0	0	0	0
EG	Eastern Province	847	0	0	0	0	0
EG	Ismailia Governorate	722	0	0	0	0	0
EG	Kafr ash Shaykh	8	0	0	0	0	0
EG	Luxor	241	0	0	0	0	0
EG	Muhafazat ad Daqahliyah	2791	0	0	0	0	0
EG	Muhafazat al Fayyum	336	0	0	0	0	0
EG	Muhafazat al Gharbiyah	2268	0	0	0	0	0
EG	Muhafazat al Jizah	4977	0	2	0	0	0
EG	Muhafazat al Minufiyah	103	0	0	0	0	0
EG	Muhafazat al Minya	645	0	0	0	0	0
EG	Muhafazat al Qahirah	57202	0	0	0	0	0
EG	Muhafazat al Qalyubiyah	1062	0	0	0	0	0
EG	Muhafazat Aswan	399	0	0	0	0	0
EG	Muhafazat Asyut	975	0	0	0	0	0
EG	Muhafazat Bani Suwayf	120	0	0	0	0	0
EG	Muhafazat Bur Sa`id	418	0	0	0	0	0
EG	Muhafazat Dumyat	380	0	0	0	0	0
EG	Muhafazat Qina	215	0	0	0	0	0
EG	Muhafazat Shamal Sina'	4	0	0	0	0	0
EG	Muhafazat Suhaj	306	0	0	0	0	0
EG	Red Sea	1270	0	0	0	0	0
EG	South Sinai	100	0	0	0	0	0
EG	Unknown	24978	0	0	0	0	0
ER	Maekel Region	1	0	0	0	0	0
ER	Unknown	56	0	0	0	0	0
ES	Andalusia	49977	0	7	0	1	0
ES	Aragon	4468	0	0	0	0	0
ES	Balearic Islands	7096	0	1	0	0	0
ES	Basque Country	8317	0	0	0	0	0
ES	Canary Islands	16743	0	0	2	0	0
ES	Cantabria	2342	0	0	0	0	0
ES	Castille and León	5464	0	0	0	0	0
ES	Castille-La Mancha	4191	0	0	0	0	0
ES	Catalonia	119792	1	5	3	5	1
ES	Ceuta	106	0	0	0	0	0
ES	Extremadura	983	0	0	0	0	0
ES	Galicia	5701	0	0	0	0	0
ES	La Rioja	1148	0	1	0	0	0
ES	Madrid	69608	0	1	1	4	0
ES	Melilla	37	0	0	0	0	0
ES	Murcia	9543	0	0	0	0	0
ES	Navarre	3457	0	1	0	0	0
ES	Principality of Asturias	3578	0	0	0	0	0
ES	Unknown	26765	0	1	0	0	0
ES	Valencia	68117	0	1	2	0	0
ET	Adis Abeba Astedader	1700	0	0	0	0	0
ET	Afar Region	360	0	0	0	0	0
ET	Amhara	17	0	0	0	0	0
ET	Bīnshangul Gumuz	618	0	0	0	0	0
ET	Dire Dawa	141	0	0	0	0	0
ET	Gambela	603	0	0	0	0	0
ET	Harari Region	253	0	0	0	0	0
ET	Oromiya	157	0	0	0	0	0
ET	Somali	233	0	0	0	0	0
ET	Tigray	108	0	0	0	0	0
ET	Unknown	1481	0	0	0	0	0
FI	Central Finland	1870	0	1	1	0	0
FI	Central Ostrobothnia	682	0	0	0	0	0
FI	Eastern Finland	1993	0	0	0	0	0
FI	Haeme	3455	0	0	1	1	0
FI	Kainuu	1483	0	0	0	0	0
FI	Kymenlaakso	8926	0	0	0	0	0
FI	Lapland	2884	0	0	0	0	0
FI	Lapponia	7690	0	0	2	0	0
FI	Northern Ostrobothnia	11523	0	0	0	0	0
FI	Northern Savo	4588	0	0	0	0	0
FI	North Karelia	7608	0	0	0	0	0
FI	Ostrobothnia	1701	0	0	0	0	0
FI	Oulu	2256	0	0	0	1	0
FI	Päijänne Tavastia	9494	0	1	0	0	0
FI	Pirkanmaa	11619	0	0	0	0	0
FI	Satakunta	3241	0	0	0	0	1
FI	Southern Finland	10008	0	0	1	0	0
FI	Southern Ostrobothnia	432	0	0	0	0	0
FI	Southern Savonia	6859	0	0	0	2	0
FI	South Karelia	11219	0	0	2	1	0
FI	Southwest Finland	18673	0	0	1	1	0
FI	Unknown	111008	0	6	11	3	2
FI	Uusimaa	168880	0	1	12	2	0
FI	Western Finland	2788	0	0	0	0	0
FJ	Central	465	0	1	0	0	0
FJ	Unknown	46	0	0	0	0	0
FJ	Western	3	0	0	0	0	0
FK	Unknown	5	0	0	0	0	0
FM	State of Pohnpei	2	0	0	0	0	0
FM	Unknown	25	0	0	0	0	0
FO	Eysturoy	7	0	0	0	0	0
FO	Norðoyar	5	0	0	0	0	0
FO	Streymoy	190	0	0	0	0	0
FO	Unknown	11	0	0	0	0	0
FR	Alsace	28478	0	0	1	0	0
FR	Aquitaine	17345	0	0	1	0	0
FR	Auvergne	5930	0	0	0	0	0
FR	Bourgogne	6935	0	0	0	0	0
FR	Brittany	14805	0	0	2	0	0
FR	Centre	38329	0	0	0	0	0
FR	Champagne-Ardenne	7157	0	1	2	0	0
FR	Corsica	605	0	0	0	0	0
FR	Franche-Comté	4184	0	0	0	0	0
FR	Haute-Normandie	8177	0	1	0	0	0
FR	Île-de-France	667709	0	23	21	9	6
FR	Languedoc-Roussillon	16258	0	0	0	0	0
FR	Limousin	2710	0	0	0	0	0
FR	Lorraine	12943	0	0	0	0	0
FR	Lower Normandy	6639	0	0	0	0	0
FR	Midi-Pyrénées	18114	0	0	0	2	0
FR	Nord-Pas-de-Calais	19532	0	1	0	0	0
FR	Pays de la Loire	19626	0	2	1	0	0
FR	Picardie	7385	0	0	0	0	0
FR	Poitou-Charentes	7172	0	0	0	0	0
FR	Provence-Alpes-Côte d'Azur	56254	0	3	0	0	0
FR	Rhône-Alpes	58227	0	1	3	1	0
FR	Unknown	792217	0	18	19	10	4
GA	Estuaire	696	0	0	0	0	0
GA	Province de l'Ogooue-Lolo	2	0	0	0	0	0
GA	Province de l'Ogooue-Maritime	8	0	0	0	0	0
GA	Unknown	322	0	0	0	0	0
GB	Aberdeenshire	11	0	0	0	0	0
GB	City of London	1	0	0	0	0	0
GB	Dorset	3	0	0	0	0	0
GB	East Sussex	2	0	0	0	0	0
GB	England	839646	0	19	50	18	2
GB	Hampshire	8	0	0	0	0	0
GB	Kent	4	0	0	0	0	0
GB	Northern Ireland	8083	0	0	0	0	0
GB	Nottinghamshire	9	0	0	0	0	0
GB	Renfrewshire	1	0	0	0	0	0
GB	Rhondda Cynon Taf	1	0	0	0	0	0
GB	Scotland	41924	0	1	1	0	0
GB	Somerset	8	0	0	0	0	0
GB	Unknown	408188	0	8	9	6	42
GB	Wales	8810	0	1	1	0	0
GB	Wiltshire	1	0	0	0	0	0
GB	Wirral	7	0	0	0	0	0
GD	Saint George	36	0	0	0	0	0
GD	Unknown	61	0	0	0	0	0
GE	Abkhazia	2	0	0	0	0	0
GE	Ajaria	17517	0	0	0	0	0
GE	Guria	94	0	0	0	0	0
GE	Imereti	1317	0	0	0	0	0
GE	Kakheti	535	0	0	0	0	0
GE	K'alak'i T'bilisi	1017124	0	30	73	20	2
GE	Kvemo Kartli	1426	0	0	0	0	0
GE	Mtskheta-Mtianeti	3	0	0	0	0	0
GE	Racha-Lechkhumi and Kvemo Svaneti	25	0	0	0	0	0
GE	Samegrelo and Zemo Svaneti	5590	0	0	0	0	0
GE	Samtskhe-Javakheti	1045	0	0	0	0	0
GE	Shida Kartli	27201	0	0	4	0	0
GE	Unknown	226409	0	11	12	6	0
GF	Unknown	850	0	0	0	0	0
GG	Saint Peter Port	455	0	0	0	0	0
GG	Unknown	6	0	0	0	0	0
GG	Vale	1	0	0	0	0	0
GH	Ashanti Region	204	0	0	0	0	0
GH	Brong-Ahafo	8	0	0	0	0	0
GH	Central Region	128	0	0	0	0	0
GH	Greater Accra Region	4532	0	0	0	0	0
GH	Unknown	2589	0	0	0	0	0
GH	Upper East Region	7	0	0	0	0	0
GH	Volta Region	12	0	0	0	0	0
GH	Western Region	8	0	0	0	0	0
GI	Unknown	11039	0	0	0	0	1
GL	Kujalleq	1	0	0	0	0	0
GL	Qaasuitsup	3	0	0	0	0	0
GL	Qeqqata	1	0	0	0	0	0
GL	Sermersooq	10	0	0	0	0	0
GL	Unknown	30	0	0	0	0	0
GM	City of Banjul	78	0	0	0	0	0
GM	Unknown	172	0	0	0	0	0
GN	Conakry Region	820	0	0	0	0	0
GN	Unknown	1593	0	0	0	0	0
GP	Unknown	287	0	0	0	0	0
GQ	Provincia de Bioko Norte	88	0	0	0	0	0
GQ	Unknown	369	0	0	0	0	0
GR	Attica	96472	0	1	6	1	0
GR	Central Greece	726	0	0	0	0	0
GR	Central Macedonia	37533	0	1	1	0	0
GR	Crete	2638	0	0	0	0	0
GR	East Macedonia and Thrace	3115	0	1	0	0	0
GR	Epirus	288	0	0	0	0	0
GR	Ionian Islands	867	0	0	0	0	0
GR	North Aegean	127	0	0	0	0	0
GR	Peloponnese	1654	0	0	0	0	0
GR	South Aegean	1420	0	3	0	0	0
GR	Thessaly	5800	0	0	0	0	1
GR	Unknown	36453	0	0	10	0	0
GR	West Greece	1730	0	0	0	0	0
GR	West Macedonia	525	0	0	0	0	0
GS	Unknown	58	0	0	0	0	0
GT	Departamento de Chiquimula	1	0	0	0	0	0
GT	Departamento de Guatemala	2868	0	0	0	0	0
GT	Departamento de Huehuetenango	1157	0	1	0	0	0
GT	Departamento de Jutiapa	7	0	0	0	0	0
GT	Departamento de Quetzaltenango	63	0	0	0	0	0
GT	Departamento de Retalhuleu	4	0	0	0	0	0
GT	Departamento de Sacatepequez	6	0	0	0	0	0
GT	Departamento de Zacapa	14	0	0	0	0	0
GT	Unknown	147	0	0	0	0	0
GU	Agat	1	0	0	0	0	0
GU	Barrigada	24	0	0	0	0	0
GU	Hagatna	26	0	0	0	0	0
GU	Santa Rita Municipality	2	0	0	0	0	0
GU	Tamuning	1	0	0	0	0	0
GU	Unknown	187	0	0	0	0	0
GU	Yigo	12	0	0	0	0	0
GW	Bissau	103	0	0	0	0	0
GW	Unknown	29	0	0	0	0	0
GY	Demerara-Mahaica Region	434	0	0	0	0	0
GY	Upper Demerara-Berbice Region	4	0	0	0	0	0
HK	Kowloon City	1662	0	0	1	0	0
HK	Sham Shui Po	201	0	0	0	0	0
HK	Sha Tin	27	0	0	0	0	0
HK	Southern	4	0	0	0	0	0
HK	Unknown	68214	0	0	4	0	0
HK	Wanchai	40	0	0	0	0	0
HK	Wong Tai Sin	10	0	0	0	0	0
HK	Yau Tsim Mong	56	0	0	0	0	0
HK	Yuen Long District	7	0	0	0	0	0
HN	Departamento de Atlantida	10	0	0	0	0	0
HN	Departamento de Choluteca	6	0	0	0	0	0
HN	Departamento de Comayagua	19	0	0	0	0	0
HN	Departamento de Copan	13	0	0	0	0	0
HN	Departamento de Cortes	190	0	0	0	0	0
HN	Departamento de El Paraiso	1	0	0	0	0	0
HN	Departamento de Francisco Morazan	538	0	0	0	0	0
HN	Departamento de Ocotepeque	2	0	0	0	0	0
HN	Departamento de Olancho	5	0	0	0	0	0
HN	Departamento de Santa Barbara	39	0	0	0	0	0
HN	Departamento de Yoro	24	0	0	0	0	0
HN	Unknown	26	0	0	0	0	0
HR	Bjelovarsko-Bilogorska Zupanija	25	0	0	0	0	0
HR	Brodsko-Posavska Zupanija	223	0	0	0	0	0
HR	Dubrovacko-Neretvanska Zupanija	60	0	0	0	0	0
HR	Grad Zagreb	13295	0	0	0	0	0
HR	Istarska Zupanija	420	0	0	0	0	0
HR	Karlovacka Zupanija	36	0	0	0	0	0
HR	Koprivnicko-Krizevacka Zupanija	185	0	0	1	0	0
HR	Krapinsko-Zagorska Zupanija	43	0	0	0	0	0
HR	Licko-Senjska Zupanija	13	0	0	0	0	0
HR	Megimurska Zupanija	187	0	0	0	0	0
HR	Osjecko-Baranjska Zupanija	656	0	0	0	0	0
HR	Pozesko-Slavonska Zupanija	36	0	0	0	0	0
HR	Primorsko-Goranska Zupanija	1799	0	0	0	0	0
HR	Sibensko-Kninska Zupanija	47	0	0	0	0	0
HR	Sisacko-Moslavacka Zupanija	275	0	0	0	0	0
HR	Splitsko-Dalmatinska Zupanija	1059	0	0	0	0	0
HR	Unknown	10290	0	0	0	0	0
HR	Varazdinska Zupanija	271	0	0	0	0	0
HR	Viroviticko-Podravska Zupanija	22	0	0	0	0	0
HR	Vukovarsko-Srijemska Zupanija	179	0	0	0	0	0
HR	Zadarska Zupanija	303	0	0	0	0	0
HR	Zagreb County	187	0	0	0	0	0
HT	Centre	2	0	0	0	0	0
HT	Departement de l'Ouest	792	0	0	0	0	0
HT	Unknown	26	0	0	0	0	0
HU	Bács-Kiskun	1510	0	0	0	0	0
HU	Baranya	1420	0	0	0	0	0
HU	Bekes	448	0	0	0	0	0
HU	Borsod-Abaúj-Zemplén	1658	0	0	0	0	0
HU	Budapest fovaros	59824	0	2	1	0	0
HU	Csongrad megye	2020	0	0	0	0	0
HU	Fejér	2064	0	0	0	0	0
HU	Győr-Moson-Sopron	973	0	0	0	0	0
HU	Hajdú-Bihar	2957	0	1	0	0	0
HU	Heves megye	883	0	0	0	0	0
HU	Jász-Nagykun-Szolnok	732	0	0	0	0	0
HU	Komárom-Esztergom	1163	0	0	0	0	0
HU	Nograd megye	348	0	0	0	0	0
HU	Pest megye	7785	0	0	3	0	0
HU	Somogy megye	585	0	0	0	0	0
HU	Szabolcs-Szatmár-Bereg	7944	0	0	0	0	0
HU	Tolna megye	749	0	0	0	0	0
HU	Unknown	16969	0	0	0	0	0
HU	Vas	605	0	0	0	0	0
HU	Veszprem megye	862	0	0	0	0	0
HU	Zala	2680	0	0	0	0	0
ID	Bali	11265	0	1	1	0	0
ID	Bangka\u2013Belitung Islands	5	0	0	0	0	0
ID	Banten	182	0	0	0	0	0
ID	Central Java	5765	0	0	0	0	0
ID	Central Kalimantan	202	0	0	0	0	0
ID	Central Sulawesi	92	0	0	0	0	0
ID	Daerah Istimewa Yogyakarta	3009	0	0	0	0	0
ID	Daerah Khusus Ibukota Jakarta	30262	0	0	0	0	0
ID	East Java	12558	0	0	0	0	0
ID	East Kalimantan	717	0	0	0	0	0
ID	East Nusa Tenggara	179	0	0	0	0	0
ID	Nanggroe Aceh Darussalam Province	30	0	0	0	0	0
ID	North Kalimantan	36	0	0	0	0	0
ID	North Sulawesi	409	0	0	0	0	0
ID	North Sumatra	4693	0	0	0	0	0
ID	Propinsi Bengkulu	12	0	0	0	0	0
ID	Provinsi Gorontalo	3	0	0	0	0	0
ID	Provinsi Jambi	39	0	0	0	0	0
ID	Provinsi Lampung	10	0	0	0	0	0
ID	Provinsi Maluku	53	0	0	0	0	0
ID	Provinsi Maluku Utara	8	0	0	0	0	0
ID	Provinsi Papua	30	0	0	0	0	0
ID	Provinsi Riau	1146	0	0	0	0	0
ID	Provinsi Sulawesi Barat	2	0	0	0	0	0
ID	Riau Islands	921	0	0	0	0	0
ID	South Kalimantan	496	0	0	0	0	0
ID	South Sulawesi	1079	0	0	0	0	0
ID	South Sumatra	1234	0	0	0	0	0
ID	Sulawesi Tenggara	3	0	0	0	0	0
ID	Unknown	13658	0	1	0	0	0
ID	West Java	12556	0	0	1	1	0
ID	West Kalimantan	664	0	0	0	0	0
ID	West Nusa Tenggara	664	0	0	0	0	0
ID	West Papua	6	0	0	0	0	0
ID	West Sumatra	542	0	0	0	0	0
IE	Connaught	3240	0	0	0	0	0
IE	County Galway	1	0	0	0	0	0
IE	Leinster	61141	0	0	2	0	0
IE	Munster	9387	0	0	0	0	0
IE	Ulster	837	0	0	0	0	0
IE	Unknown	25003	0	1	2	1	0
IL	Central District	233083	0	12	2	2	1
IL	Haifa	161775	0	5	12	1	3
IL	Jerusalem	60128	0	2	0	0	0
IL	Northern District	52135	0	1	0	2	0
IL	Southern District	66213	0	0	0	1	1
IL	Tel Aviv	1007880	0	60	24	17	9
IL	Unknown	281581	1	10	12	2	1
IM	Unknown	544	0	0	0	0	0
IN	Andhra Pradesh	4472	0	0	1	0	0
IN	Arunachal Pradesh	8	0	0	0	0	0
IN	Assam	243	0	0	0	0	0
IN	Bihar	744	0	0	0	0	0
IN	Chandigarh	803	0	0	0	0	0
IN	Dadra and Nagar Haveli	15	0	0	0	0	0
IN	Daman and Diu	6	0	0	0	0	0
IN	Goa	5706	0	0	0	1	0
IN	Gujarat	5920	0	0	0	0	0
IN	Haryana	6793	0	0	0	0	0
IN	Karnataka	10536	0	0	0	0	0
IN	Kashmir	269	0	0	0	0	0
IN	Kerala	5022	0	0	0	0	0
IN	Madhya Pradesh	2179	0	0	1	0	0
IN	Maharashtra	21154	0	0	1	0	0
IN	Manipur	27	0	0	0	0	0
IN	Meghalaya	61	0	0	0	0	0
IN	Mizoram	148	0	0	0	0	0
IN	Nagaland	77	0	0	0	0	0
IN	National Capital Territory of Delhi	17805	0	0	0	0	0
IN	Odisha	874	0	0	0	0	0
IN	Rajasthan	2588	0	0	0	0	0
IN	Sikkim	7	0	0	0	0	0
IN	State of Chhattisgarh	596	0	0	0	0	0
IN	State of Himachal Pradesh	570	0	0	0	0	0
IN	State of Jharkhand	406	0	0	0	0	0
IN	State of Punjab	1775	0	0	0	0	0
IN	Tamil Nadu	8278	0	0	0	0	0
IN	Telangana	14449	0	0	0	0	0
IN	Tripura	51	0	0	0	0	0
IN	Union Territory of Andaman and Nicobar Islands	1	0	0	0	0	0
IN	Union Territory of Puducherry	512	0	0	0	0	0
IN	Unknown	14140	0	0	0	0	0
IN	Uttarakhand	678	0	0	0	0	0
IN	Uttar Pradesh	4770	0	0	0	0	0
IN	West Bengal	5447	0	0	0	1	0
IO	Unknown	108	0	0	0	0	0
IQ	Anbar	1946	0	0	0	0	0
IQ	An Najaf	1173	0	0	0	0	0
IQ	Basra Governorate	683	0	0	0	0	0
IQ	Dhi Qar	74	0	0	0	0	0
IQ	Dihok	74	0	0	0	0	0
IQ	Diyālá	26	0	0	0	0	0
IQ	Mayorality of Baghdad	10024	0	0	0	1	0
IQ	Maysan	108	0	0	0	0	0
IQ	Muhafazat al Muthanna	12	0	0	0	0	0
IQ	Muhafazat Arbil	7311	0	0	1	0	0
IQ	Muhafazat as Sulaymaniyah	272	0	0	0	0	0
IQ	Muhafazat Babil	549	0	0	0	0	0
IQ	Muhafazat Karbala'	265	0	0	0	0	0
IQ	Muhafazat Kirkuk	478	0	0	0	0	0
IQ	Muhafazat Wasit	258	0	0	0	0	0
IQ	Salah ad Din Governorate	54	0	0	0	0	0
IQ	Unknown	9292	0	0	0	0	0
IR	Alborz	308	0	0	0	0	0
IR	Bushehr	869	0	0	0	0	0
IR	East Azerbaijan	1634	0	0	0	0	0
IR	Fars	1326	0	0	0	0	0
IR	Hormozgan	65	0	0	0	0	0
IR	Isfahan	16563	0	0	0	0	0
IR	Kerman	205	0	0	0	0	0
IR	Khuzestan	973	0	0	0	0	0
IR	Markazi	237	0	0	0	0	0
IR	Māzandarān	253	0	0	0	0	0
IR	Ostan-e Ardabil	1638	0	0	0	0	0
IR	Ostan-e Azarbayjan-e Gharbi	216	0	0	0	0	0
IR	Ostan-e Chahar Mahal va Bakhtiari	68	0	0	0	0	0
IR	Ostan-e Gilan	98	0	0	0	0	0
IR	Ostan-e Golestan	8	0	0	0	0	0
IR	Ostan-e Hamadan	4811	0	0	0	0	0
IR	Ostan-e Ilam	61	0	0	0	0	0
IR	Ostan-e Kermanshah	658	0	0	0	0	0
IR	Ostan-e Khorasan-e Jonubi	87	0	0	0	0	0
IR	Ostan-e Khorasan-e Shomali	144	0	0	0	0	0
IR	Ostan-e Kohgiluyeh va Bowyer Ahmad	60	0	0	0	0	0
IR	Ostan-e Kordestan	1576	0	0	0	0	0
IR	Ostan-e Lorestan	9	0	0	0	0	0
IR	Ostan-e Qazvin	441	0	0	0	0	0
IR	Ostan-e Tehran	4163	0	0	0	0	0
IR	Qom	33	0	0	0	0	0
IR	Razavi Khorasan	1798	0	0	0	0	0
IR	Semnān	222	0	0	0	0	0
IR	Sistan and Baluchestan	71	0	0	0	0	0
IR	Unknown	37396	0	2	0	0	0
IR	Yazd	504	0	0	0	0	0
IR	Zanjan	303	0	0	0	0	0
IS	Capital Region	11430	0	0	0	0	0
IS	East	11	0	0	0	0	0
IS	Northeast	192	0	0	0	0	0
IS	Northwest	38	0	0	0	0	0
IS	South	106	0	0	0	0	0
IS	Southern Peninsula	127	0	0	1	0	0
IS	Unknown	1107	0	0	0	0	0
IS	West	43	0	0	0	0	0
IT	Abruzzo	6555	0	0	0	0	0
IT	Aosta Valley	220	0	0	0	0	0
IT	Apulia	9114	0	1	0	0	0
IT	Basilicate	447	0	0	0	0	0
IT	Calabria	3989	0	0	0	0	0
IT	Campania	34904	0	1	2	0	0
IT	Emilia-Romagna	46900	0	2	3	0	0
IT	Friuli Venezia Giulia	11549	0	1	1	0	0
IT	Latium	59044	0	2	2	0	0
IT	Liguria	13492	0	0	0	0	0
IT	Lombardy	101230	0	5	4	1	0
IT	Molise	336	0	0	0	0	0
IT	Piedmont	23075	0	1	2	0	0
IT	Sardinia	3839	0	0	0	0	0
IT	Sicily	9936	0	0	0	0	0
IT	The Marches	9563	0	0	1	0	0
IT	Trentino-Alto Adige	11254	0	0	2	0	0
IT	Tuscany	33741	1	0	1	2	0
IT	Umbria	4180	0	0	0	0	0
IT	Unknown	53916	0	1	2	0	0
IT	Veneto	39510	0	1	2	0	0
JE	Saint Helier	302	0	0	0	0	0
JE	Unknown	23	0	0	0	0	0
JM	Kingston	1016	0	0	0	0	0
JM	Parish of Clarendon	6	0	0	0	0	0
JM	Parish of Manchester	8	0	0	0	0	0
JM	Parish of Saint Ann	111	0	0	0	0	0
JM	Parish of Saint Catherine	146	0	0	0	0	0
JM	Parish of Saint James	152	0	0	0	0	0
JM	Unknown	2	0	0	0	0	0
JO	Amman	13365	0	0	1	0	0
JO	Aqaba	1	0	0	0	0	0
JO	Balqa	4	0	0	0	0	0
JO	Irbid	32	0	0	0	0	0
JO	Mafraq	9	0	0	0	0	0
JO	Unknown	1187	0	0	0	1	0
JO	Zarqa	13	0	0	0	0	0
JP	Aichi	3495	0	0	0	0	0
JP	Akita	718	0	0	0	0	0
JP	Aomori	364	0	0	0	0	0
JP	Chiba	5237	0	0	0	0	0
JP	Ehime	265	0	0	0	0	0
JP	Fukui	262	0	0	0	0	0
JP	Fukuoka	2136	0	0	0	0	0
JP	Fukushima-ken	741	0	0	0	0	0
JP	Gifu	512	0	0	0	0	0
JP	Gunma	619	0	0	0	0	0
JP	Hiroshima	1121	0	0	0	0	0
JP	Hokkaido	6150	0	1	0	1	0
JP	Hyōgo	3735	0	0	0	0	0
JP	Ibaraki	2910	0	0	0	1	0
JP	Ishikawa	658	0	0	0	0	0
JP	Iwate	382	0	0	0	0	0
JP	Kagawa	176	0	0	0	0	0
JP	Kagoshima	181	0	0	0	0	0
JP	Kanagawa	9869	0	0	0	1	0
JP	Kochi	125	0	0	0	0	0
JP	Kumamoto	282	0	0	0	0	0
JP	Kyoto	3823	0	0	0	0	0
JP	Mie	644	0	0	0	0	0
JP	Miyagi	1733	0	0	0	0	0
JP	Miyazaki	62	0	0	0	0	0
JP	Nagano	580	0	0	0	0	0
JP	Nagasaki	173	0	0	0	0	0
JP	Nara	734	0	0	0	0	0
JP	Niigata	1561	0	0	0	0	0
JP	Oita	337	0	0	0	0	0
JP	Okayama	637	0	0	0	0	0
JP	Okinawa	433	0	0	0	0	0
JP	Ōsaka	9166	0	0	0	0	0
JP	Saga Prefecture	87	0	0	0	0	0
JP	Saitama	5393	0	0	0	0	0
JP	Shiga Prefecture	622	0	0	0	0	0
JP	Shimane	234	0	0	0	0	0
JP	Shizuoka	22697	0	1	0	0	0
JP	Tochigi	453	0	0	0	0	0
JP	Tokushima	148	0	0	0	0	0
JP	Tokyo	73858	0	2	2	1	0
JP	Tottori	179	0	0	1	1	0
JP	Toyama	1356	0	0	0	0	0
JP	Unknown	38475	0	0	0	0	0
JP	Wakayama	198	0	0	0	0	0
JP	Yamagata	116	0	0	0	0	0
JP	Yamaguchi	262	0	0	0	0	0
JP	Yamanashi	166	0	0	0	0	0
KE	Bungoma District	1	0	0	0	0	0
KE	Garissa District	2	0	0	0	0	0
KE	Kajiado District	1	0	0	0	0	0
KE	Kakamega District	1	0	0	0	0	0
KE	Kericho District	2	0	0	0	0	0
KE	Kiambu District	23	0	0	0	0	0
KE	Kisii District	10	0	0	0	0	0
KE	Kisumu	13	0	0	0	0	0
KE	Makueni District	3	0	0	0	0	0
KE	Meru Central District	2	0	0	0	0	0
KE	Mombasa District	240	0	0	0	0	0
KE	Nairobi Province	6038	0	0	0	0	0
KE	Nakuru District	14	0	0	0	0	0
KE	Nandi South District	3	0	0	0	0	0
KE	Tharaka District	9	0	0	0	0	0
KE	Trans Nzoia District	4	0	0	0	0	0
KE	Uasin Gishu	23	0	0	0	0	0
KE	Unknown	3197	0	0	0	0	0
KG	Chuyskaya Oblast'	198	0	0	0	0	0
KG	Gorod Bishkek	1426424	0	71	30	26	11
KG	Issyk-Kul'skaya Oblast'	954	0	0	0	0	0
KG	Osh Oblasty	9045	0	0	1	0	0
KG	Unknown	617203	0	80	16	12	9
KH	Banteay Meanchey	25	0	0	0	0	0
KH	Kampong Speu	11	0	0	0	0	0
KH	Kampong Thom	510	0	0	0	0	0
KH	Kandal	602	0	0	0	0	0
KH	Phnom Penh	11965	0	0	0	2	0
KH	Preah Sihanouk	192	0	0	0	0	0
KH	Unknown	2705	0	0	1	0	0
KI	Gilbert Islands	53	0	0	0	0	0
KM	Grande Comore	15	0	0	0	0	0
KM	Unknown	107	0	0	0	0	0
KN	Saint George Basseterre	151	0	0	0	0	0
KN	Saint Paul Charlestown	2	0	0	0	0	0
KN	Unknown	10	0	0	0	0	0
KP	Chagang-do	1	0	0	0	0	0
KP	Pyongyang	2	0	0	0	0	0
KP	Unknown	1051	0	0	0	0	0
KR	Busan	8187	0	0	0	0	0
KR	Chungcheongbuk-do	482	0	0	0	0	0
KR	Chungcheongnam-do	1431	0	0	0	0	0
KR	Daegu	1610	0	0	0	0	0
KR	Daejeon	3352	0	0	0	0	0
KR	Gangwon-do	444	0	0	0	0	0
KR	Gwangju	1231	0	0	0	0	0
KR	Gyeonggi-do	23637	0	0	1	0	0
KR	Gyeongsangbuk-do	705	0	0	0	0	0
KR	Gyeongsangnam-do	2045	0	0	0	0	0
KR	Incheon	3373	0	0	1	0	0
KR	Jeju-do	322	0	0	0	0	0
KR	Jeollabuk-do	1071	0	0	0	0	0
KR	Jeollanam-do	129	0	0	0	0	0
KR	Seoul	57543	0	8	6	1	0
KR	Ulsan	1804	0	0	0	0	0
KR	Unknown	37809	0	2	3	0	1
KW	Al Aḩmadī	40	0	0	0	0	0
KW	Al Asimah	4956	0	0	0	0	0
KW	Muhafazat Hawalli	66	0	0	0	0	0
KW	Unknown	412	0	0	0	0	0
KY	Unknown	203	0	0	0	0	0
KZ	Aktyubinskaya Oblast'	699616	2	18	21	15	3
KZ	Almaty Oblysy	192815	0	7	9	4	1
KZ	Almaty Qalasy	4950983	4	155	282	115	29
KZ	Aqmola Oblysy	282215	0	7	8	7	2
KZ	Astana Qalasy	2059871	0	48	55	27	10
KZ	Atyrau Oblysy	314182	1	11	5	4	5
KZ	Batys Qazaqstan Oblysy	252753	0	5	9	4	1
KZ	East Kazakhstan	687443	0	42	26	12	4
KZ	Mangistauskaya Oblast'	183347	0	4	13	8	0
KZ	Pavlodar Oblysy	651309	0	13	38	10	6
KZ	Qaraghandy Oblysy	1369848	4	46	77	31	7
KZ	Qostanay Oblysy	592844	4	19	21	26	4
KZ	Qyzylorda Oblysy	115051	0	5	3	2	0
KZ	Severo-Kazakhstanskaya Oblast'	358541	0	14	18	6	4
KZ	Unknown	1592525	1	64	57	24	10
KZ	Yuzhno-Kazakhstanskaya Oblast'	387060	1	10	15	13	4
KZ	Zhambyl Oblysy	196421	2	4	6	1	2
LA	Unknown	1432	0	0	0	0	0
LA	Vientiane	1477	0	0	0	0	0
LB	Beyrouth	8791	0	1	2	0	0
LB	Mohafazat Beqaa	19	0	0	0	0	0
LB	Mohafazat Liban-Nord	147	0	0	0	0	0
LB	Mohafazat Liban-Sud	157	0	0	0	0	0
LB	Mohafazat Mont-Liban	205	0	0	0	0	0
LB	Unknown	1115	0	0	0	0	0
LC	Castries Quarter	114	0	0	0	0	0
LC	Gros-Islet	1	0	0	0	0	0
LI	Balzers	13	0	0	0	0	0
LI	Eschen	61	0	0	0	0	0
LI	Mauren	63	0	0	0	0	0
LI	Planken	2	0	0	0	0	0
LI	Ruggell	2	0	0	0	0	0
LI	Schaan	76	0	0	0	0	0
LI	Schellenberg	17	0	0	0	0	0
LI	Triesen	15	0	0	0	0	0
LI	Triesenberg	16	0	0	0	0	0
LI	Unknown	76	0	0	0	0	0
LI	Vaduz	604	0	0	0	0	0
LK	Central Province	2	0	0	0	0	0
LK	North Central Province	4	0	0	0	0	0
LK	Northern Province	2	0	0	0	0	0
LK	Unknown	3413	0	0	0	0	0
LK	Western Province	8009	0	0	0	0	0
LR	Montserrado County	472	0	0	0	0	0
LR	Unknown	4955	0	0	0	1	0
LS	Maseru	73	0	0	0	0	0
LS	Unknown	41	0	0	0	0	0
LT	Alytaus apskritis	2881	0	0	0	0	1
LT	Kauno apskritis	87283	0	1	6	9	0
LT	Klaipedos apskritis	103611	0	5	6	2	0
LT	Marijampoles apskritis	1409	0	0	0	0	0
LT	Panevėžys	17134	0	0	1	0	0
LT	Siauliu apskritis	22522	0	0	0	0	0
LT	Taurages apskritis	677	0	0	0	0	0
LT	Telsiu apskritis	12095	0	1	0	0	0
LT	Unknown	96937	0	0	3	2	0
LT	Utenos apskritis	42478	1	2	2	1	0
LT	Vilnius County	496428	1	8	37	7	2
LU	District de Diekirch	154	0	0	0	0	0
LU	District de Grevenmacher	381	0	0	0	0	0
LU	District de Luxembourg	14737	0	0	0	4	0
LU	Unknown	12464	0	0	1	0	0
LV	Ādaži	580	0	0	0	0	0
LV	Aglona	3	0	0	0	0	0
LV	Aizkraukles Rajons	694	0	0	0	0	0
LV	Aloja	25	0	0	0	0	0
LV	Alsunga	175	0	0	0	0	0
LV	Aluksnes Rajons	83	0	0	0	0	0
LV	Apes Novads	97	0	0	0	0	0
LV	Auces Novads	38	0	0	0	0	0
LV	Babīte	90	0	0	0	0	0
LV	Baldone	79	0	0	0	0	0
LV	Balvu Novads	79	0	0	0	0	0
LV	Bauskas Novads	1753	0	0	0	0	0
LV	Beverīna	18	0	0	0	0	0
LV	Brocēni	211	0	0	0	0	0
LV	Carnikava	1621	0	0	0	0	0
LV	Cesu Novads	6978	0	2	0	0	0
LV	Cibla	26	0	0	0	0	0
LV	Daugavpils	164398	0	5	18	6	2
LV	Dobeles Rajons	3710	0	0	0	0	0
LV	Engure	268	0	0	0	0	0
LV	Ērgļi	25	0	0	0	0	0
LV	Grobiņa	295	0	0	0	0	0
LV	Gulbenes Rajons	54	0	0	0	0	0
LV	Ikšķile	2126	0	0	1	0	0
LV	Inčukalns	2125	0	0	0	0	0
LV	Jaunpils	50	0	0	0	0	0
LV	Jekabpils Municipality	1064	0	0	0	0	0
LV	Jēkabpils Municipality	3928	0	0	0	0	0
LV	Jelgava	60160	0	2	6	2	0
LV	Jelgavas Rajons	1028	0	0	1	0	0
LV	Jurmala	58606	1	4	3	2	1
LV	Kandava	166	0	0	0	0	0
LV	Ķegums	332	0	0	0	0	0
LV	Ķekava	1747	0	0	0	0	0
LV	Kraslavas Rajons	3326	0	0	1	0	0
LV	Krimulda	139	0	0	0	0	0
LV	Kuldigas Rajons	2119	0	0	0	0	0
LV	Lecava	744	0	0	0	0	0
LV	Lielvārde	872	0	0	0	0	0
LV	Liepaja	71547	0	6	4	1	0
LV	Līgatne	12	0	0	0	0	0
LV	Limbazu Rajons	184	0	0	0	0	0
LV	Līvāni	2059	0	0	1	0	0
LV	Lubāna	24	0	0	0	0	0
LV	Ludzas Rajons	5539	0	0	0	0	0
LV	Madona Municipality	234	0	0	0	0	0
LV	Mālpils	45	0	0	0	0	0
LV	Mārupe	3085	0	0	0	0	0
LV	Ogre	16333	0	0	0	0	0
LV	Olaine	13554	0	0	2	3	0
LV	Ozolnieku Novads	1250	0	0	0	0	0
LV	Preili Municipality	2625	0	3	0	0	0
LV	Priekuli Municipality	41	0	0	0	0	0
LV	Rezekne	56476	0	1	3	0	2
LV	Riga	1705215	4	35	174	56	6
LV	Rojas Novads	433	0	0	0	0	0
LV	Ropazu Novads	238	0	0	0	0	0
LV	Rugaju Novads	28	0	0	0	0	0
LV	Salacgrivas Novads	2	0	0	0	0	0
LV	Salaspils Novads	9288	0	0	0	0	0
LV	Saldus Municipality	1185	0	0	0	0	0
LV	Saulkrastu Novads	65	0	0	0	0	0
LV	Sejas Novads	292	0	0	0	0	0
LV	Siguldas Novads	734	0	0	0	0	0
LV	Skrundas Novads	2	0	0	0	0	0
LV	Smiltenes Novads	218	0	0	0	0	0
LV	Stopinu Novads	30	0	0	0	0	0
LV	Talsi Municipality	2931	0	0	0	0	0
LV	Tukuma Rajons	10608	0	0	2	0	0
LV	Unknown	156835	0	4	12	2	1
LV	Valka Municipality	15	0	0	0	0	0
LV	Valmiera District	11179	0	0	3	0	1
LV	Varaklanu Novads	289	0	0	0	0	0
LV	Vecumnieku Novads	28	0	0	0	0	0
LV	Ventspils	29573	0	1	2	1	0
LV	Ventspils Municipality	234	0	0	1	0	0
LV	Viesites Novads	308	0	0	0	0	0
LV	Vilanu Novads	196	0	0	0	0	0
LY	Sha'biyat al Jabal al Gharbi	7	0	0	0	0	0
LY	Sha'biyat Banghazi	519	0	0	0	0	0
LY	Sha'biyat Misratah	24	0	0	0	0	0
LY	Sha`biyat Nalut	4	0	0	0	0	0
LY	Sha'biyat Sabha	18	0	0	0	0	0
LY	Tripoli	2484	0	0	0	0	0
LY	Unknown	1995	0	0	0	0	0
MA	Chaouia-Ouardigha	1167	0	0	0	0	0
MA	Doukkala-Abda	928	0	0	0	0	0
MA	Gharb-Chrarda-Beni Hssen	1328	0	0	0	0	0
MA	Guelmim-Es Semara	39	0	0	0	0	0
MA	Marrakech-Tensift-Al Haouz	3432	0	0	0	0	0
MA	Oriental	1896	0	0	0	0	0
MA	Region de Fes-Boulemane	2500	0	0	0	0	0
MA	Region de Meknes-Tafilalet	2140	0	0	0	0	0
MA	Region de Rabat-Sale-Zemmour-Zaer	6174	0	0	0	0	0
MA	Region de Souss-Massa-Draa	3618	0	0	0	0	0
MA	Region de Tanger-Tetouan	2268	0	0	0	0	0
MA	Region du Grand Casablanca	8804	0	0	0	0	0
MA	Tadla-Azilal	580	0	0	0	0	0
MA	Taza-Al Hoceima-Taounate	45	0	0	0	0	0
MA	Unknown	6306	0	0	1	0	0
MC	Unknown	3465	0	0	0	0	0
MD	Anenii Noi	6050	0	0	1	0	0
MD	Basarabeasca	932	0	0	0	0	0
MD	Briceni	6	0	0	0	0	0
MD	Cahul	19584	0	1	0	0	1
MD	Cantemir	972	0	0	0	0	0
MD	Cimişlia	2100	0	0	0	0	0
MD	Criuleni	1401	0	0	0	0	0
MD	Donduşeni	1989	0	1	1	0	0
MD	Drochia	6081	0	0	2	0	0
MD	Făleşti	1138	0	0	0	0	0
MD	Floreşti	2273	0	0	0	0	0
MD	Gagauzia	16230	0	0	3	0	0
MD	Glodeni	588	0	1	0	0	0
MD	Hînceşti	8148	0	0	2	0	0
MD	Laloveni	11627	0	1	1	0	0
MD	Leova	745	0	0	0	0	0
MD	Municipiul Balti	95036	0	1	3	6	0
MD	Municipiul Bender	193376	0	2	7	6	0
MD	Municipiul Chisinau	2113221	3	56	170	73	10
MD	Nisporeni	1206	0	0	0	0	0
MD	Orhei	10706	0	0	2	0	0
MD	Raionul Calarasi	13613	0	0	0	0	0
MD	Raionul Causeni	1837	0	0	0	0	0
MD	Raionul Dubasari	3103	0	0	0	0	0
MD	Raionul Edineţ	6461	0	0	0	0	0
MD	Raionul Ocniţa	1161	0	0	0	0	0
MD	Raionul Soroca	4512	0	0	0	0	0
MD	Raionul Stefan Voda	1642	0	0	0	0	0
MD	Rezina	2349	0	0	0	0	0
MD	Rîşcani	16	0	0	0	0	0
MD	Sîngerei	2458	0	0	0	0	0
MD	Şoldăneşti	1060	0	0	0	0	0
MD	Strășeni	10179	0	0	0	0	0
MD	Taraclia	5064	0	0	0	1	0
MD	Teleneşti	2937	0	0	2	0	0
MD	Ungheni	6434	0	0	0	0	0
MD	Unitatea Teritoriala din Stinga Nistrului	631267	0	17	55	18	4
MD	Unknown	80892	0	1	4	1	0
ME	Budva	7750	0	0	1	1	0
ME	Cetinje	55	0	0	0	0	0
ME	Herceg Novi	2026	0	0	1	0	0
ME	Kotor	3333	0	0	0	0	0
ME	Opstina Niksic	519	0	0	0	0	0
ME	Pljevlja	110	0	0	0	0	0
ME	Podgorica	32919	0	0	1	0	0
ME	Tivat	686	0	0	0	0	0
ME	Ulcinj	29	0	0	0	0	0
ME	Unknown	9319	0	0	0	0	0
MF	Unknown	102	0	0	0	0	0
MG	Analamanga Region	826	0	0	0	0	0
MG	Atsimo-Andrefana Region	63	0	0	0	0	0
MG	Atsinanana Region	207	0	0	0	0	0
MG	Boeny Region	32	0	0	0	0	0
MG	Unknown	1180	0	0	0	0	0
MG	Upper Matsiatra	1	0	0	0	0	0
MG	Vakinankaratra Region	48	0	0	0	0	0
MH	Majuro Atoll	1	0	0	0	0	0
MH	Unknown	4	0	0	0	0	0
MK	Berovo	86	0	0	0	0	0
MK	Bitola	1839	0	0	0	0	0
MK	Bogdanci	25	0	0	0	0	0
MK	Debar	48	0	0	0	0	0
MK	Demir Hisar	31	0	0	0	0	0
MK	Gevgelija	385	0	0	0	0	0
MK	Gostivar	333	0	0	0	0	0
MK	Gradsko	4	0	0	0	0	0
MK	Kavadarci	467	0	0	0	0	0
MK	Kratovo	1	0	0	0	0	0
MK	Kriva Palanka	102	0	0	0	0	0
MK	Kumanovo	1705	0	0	0	0	0
MK	Makedonska Kamenica	2	0	0	0	0	0
MK	Makedonski Brod	9	0	0	0	0	0
MK	Negotino	291	0	0	0	0	0
MK	Novo Selo	44	0	0	0	0	0
MK	Ohrid	848	0	0	0	0	0
MK	Opstina Caska	2	0	0	0	0	0
MK	Opstina Cucer-Sandevo	2	0	0	0	0	0
MK	Opstina Delcevo	61	0	0	0	0	0
MK	Opstina Karpos	21208	0	0	1	2	0
MK	Opstina Kicevo	222	0	0	0	0	0
MK	Opstina Kocani	1089	0	0	0	1	0
MK	Opstina Krivogastani	27	0	0	0	0	0
MK	Opstina Krusevo	32	0	0	0	0	0
MK	Opstina Probistip	56	0	0	0	0	0
MK	Opstina Radovis	461	0	0	0	0	0
MK	Opstina Stip	1474	0	0	0	0	0
MK	Opstina Vevcani	27	0	0	0	0	0
MK	Opstina Vrapciste	47	0	0	0	0	0
MK	Prilep	1942	0	0	0	0	0
MK	Resen	176	0	0	0	0	0
MK	Struga	246	0	0	0	0	0
MK	Strumica	1119	0	0	0	0	0
MK	Sveti Nikole	114	0	0	0	0	0
MK	Tetovo	619	0	0	0	0	0
MK	Unknown	3227	0	0	0	0	0
MK	Valandovo	179	0	0	0	0	0
MK	Veles	1201	0	0	0	0	0
MK	Vinica	125	0	0	0	0	0
ML	Bamako Region	750	0	0	0	0	0
ML	Sikasso	223	0	0	0	0	0
ML	Unknown	517	0	0	0	0	0
MM	Kayin State	533	0	0	0	0	0
MM	Mandalay Region	103	0	0	0	0	0
MM	Shan State	1	0	0	0	0	0
MM	Unknown	1287	0	0	0	0	0
MM	Yangon Region	2985	0	0	0	0	0
MN	Arhangay Aymag	126	0	0	0	0	0
MN	Bayanhongor Aymag	79	0	0	0	0	0
MN	Bayan-OElgiy Aymag	5	0	0	0	0	0
MN	Bulgan	1146	0	0	0	0	0
MN	Darhan-Uul Aymag	41	0	0	0	0	0
MN	East Aimak	231	0	0	0	0	0
MN	East Gobi Aymag	1	0	0	0	0	0
MN	Govi-Altay Aymag	6	0	0	0	0	0
MN	Hovsgol Aymag	4	0	0	0	0	0
MN	Middle Govĭ	61	0	0	0	0	0
MN	Ömnögovĭ	2	0	0	0	0	0
MN	Orhon Aymag	1527	0	0	0	0	0
MN	Selenge Aymag	7388	0	0	0	0	0
MN	Ulaanbaatar Hot	118232	0	2	3	7	0
MN	Unknown	15461	0	2	1	1	1
MO	Unknown	964	0	0	0	0	0
MP	Saipan	118	0	0	0	0	0
MP	Unknown	2	0	0	0	0	0
MQ	Unknown	169	0	0	0	0	0
MR	District de Nouakchott	529	0	0	0	0	0
MR	Unknown	538	0	0	0	0	0
MR	Wilaya du Trarza	6	0	0	0	0	0
MS	Parish of Saint Anthony	1	0	0	0	0	0
MS	Unknown	17	0	0	0	0	0
MT	Attard	498	0	0	0	0	0
MT	Balzan	241	0	0	0	0	0
MT	Birkirkara	1048	0	0	0	0	0
MT	Birzebbuga	59	0	0	0	0	0
MT	Bormla	48	0	0	0	0	0
MT	Dingli	12	0	0	0	0	0
MT	Ghajnsielem	17	0	0	0	0	0
MT	Hal Gharghur	46	0	0	0	0	0
MT	Hal Ghaxaq	21	0	0	0	0	0
MT	Haz-Zabbar	306	0	0	0	0	0
MT	Haz-Zebbug	22	0	0	0	0	0
MT	Il-Belt Valletta	386	0	0	0	0	0
MT	Il-Birgu	33	0	0	0	0	0
MT	Il-Fgura	202	0	0	0	0	0
MT	Il-Furjana	39	0	0	0	0	0
MT	Il-Gudja	7	0	0	0	0	0
MT	Il-Gzira	967	0	0	0	0	0
MT	Il-Hamrun	133	0	0	0	0	0
MT	Il-Kalkara	129	0	0	0	0	0
MT	Il-Marsa	63	0	0	0	0	0
MT	Il-Mellieha	251	0	0	0	0	0
MT	Il-Mosta	1188	0	0	0	0	0
MT	Il-Munxar	32	0	0	0	0	0
MT	Il-Qrendi	25	0	0	0	0	0
MT	In-Nadur	60	0	0	0	0	0
MT	In-Naxxar	572	0	0	0	0	0
MT	Ir-Rabat	74	0	0	0	0	0
MT	Is-Siggiewi	164	0	0	0	0	0
MT	Is-Swieqi	124	0	0	0	0	0
MT	Ix-Xaghra	47	0	0	0	0	0
MT	Ix-Xewkija	13	0	0	0	0	0
MT	Ix-Xghajra	137	0	0	0	0	0
MT	Iz-Zebbug	181	0	0	0	0	0
MT	Iz-Zejtun	77	0	0	0	0	0
MT	Iz-Zurrieq	58	0	0	0	0	0
MT	Kirkop	6	0	0	0	0	0
MT	L-Ghasri	66	0	0	0	0	0
MT	Lija	76	0	0	0	0	0
MT	L-Imdina	79	0	0	0	0	0
MT	L-Imgarr	5	0	0	0	0	0
MT	L-Imqabba	4	0	0	0	0	0
MT	L-Imsida	946	0	0	0	0	0
MT	L-Imtarfa	27	0	0	0	0	0
MT	L-Isla	6	0	0	0	0	0
MT	Luqa	136	0	0	0	0	0
MT	Marsaskala	111	0	0	0	0	0
MT	Marsaxlokk	10	0	0	0	0	0
MT	Paola	95	0	0	0	0	0
MT	Qormi	169	0	0	0	0	0
MT	Safi	16	0	0	0	0	0
MT	Saint John	1010	0	0	0	0	0
MT	Saint Julian	173	0	0	0	0	0
MT	Saint Lucia	29	0	0	0	0	0
MT	Saint Paul\u2019s Bay	324	0	0	0	0	0
MT	Saint Venera	87	0	0	0	0	0
MT	Sannat	1	0	0	0	0	0
MT	Ta' Kercem	4	0	0	0	0	0
MT	Tal-Pieta	151	0	0	0	0	0
MT	Tarxien	185	0	0	0	0	0
MT	Tas-Sliema	4162	0	0	0	0	0
MT	Ta' Xbiex	124	0	0	0	0	0
MT	Unknown	2359	0	1	0	0	0
MT	Victoria	84	0	0	0	0	0
MU	Black River District	30	0	0	0	0	0
MU	Flacq District	1	0	0	0	0	0
MU	Moka District	2	0	0	0	0	0
MU	Pamplemousses District	19	0	0	0	0	0
MU	Plaines Wilhems District	976	0	0	0	0	0
MU	Port Louis District	472	0	0	0	0	0
MU	Riviere du Rempart District	2	0	0	0	0	0
MU	Unknown	359	0	0	0	0	0
MV	Kaafu Atoll	1764	0	0	0	0	0
MV	Unknown	386	0	0	0	0	0
MW	Central Region	42	0	0	0	0	0
MW	Southern Region	13	0	0	0	0	0
MW	Unknown	398	0	0	0	0	0
MX	Aguascalientes	223	0	0	0	0	0
MX	Baja California Sur	351	0	0	0	0	0
MX	Campeche	169	0	0	0	0	0
MX	Chiapas	317	0	0	0	0	0
MX	Chihuahua	536	0	0	0	0	0
MX	Coahuila	426	0	0	0	0	0
MX	Colima	143	0	0	0	0	0
MX	Durango	243	0	0	0	0	0
MX	Estado de Baja California	1498	0	0	0	0	0
MX	Estado de Mexico	2062	0	0	0	0	0
MX	Guanajuato	969	0	0	0	0	0
MX	Guerrero	236	0	0	0	0	0
MX	Hidalgo	264	0	0	0	0	0
MX	Jalisco	4214	0	0	0	0	0
MX	Mexico City	13051	0	0	0	0	0
MX	Michoacán	869	0	0	0	0	0
MX	Morelos	680	0	0	0	0	0
MX	Nayarit	151	0	0	0	0	0
MX	Nuevo León	1909	0	0	0	0	0
MX	Oaxaca	319	0	0	0	0	0
MX	Puebla	1176	0	0	0	0	0
MX	Querétaro	594	0	0	0	0	0
MX	Quintana Roo	4882	1	0	1	0	0
MX	San Luis Potosí	409	0	0	0	0	0
MX	Sinaloa	384	0	0	0	0	0
MX	Sonora	845	0	0	0	0	0
MX	Tabasco	368	0	0	0	0	0
MX	Tamaulipas	285	0	0	0	0	0
MX	Tlaxcala	199	0	0	0	0	0
MX	Unknown	2548	0	0	0	0	0
MX	Veracruz	1295	0	0	0	0	0
MX	Yucatán	1281	0	0	0	0	0
MX	Zacatecas	411	0	0	0	0	0
MY	Johor	608	0	0	0	0	0
MY	Kedah	353	0	0	1	0	0
MY	Kelantan	39	0	0	0	0	0
MY	Kuala Lumpur	11080	0	0	0	0	0
MY	Labuan	1	0	0	0	0	0
MY	Melaka	420	0	0	0	0	0
MY	Negeri Sembilan	875	0	0	0	0	0
MY	Pahang	232	0	0	0	0	0
MY	Penang	2402	0	0	0	0	0
MY	Perak	1035	0	0	0	0	0
MY	Perlis	17	0	0	0	0	0
MY	Putrajaya	46	0	0	0	0	0
MY	Sabah	464	0	0	0	0	0
MY	Sarawak	622	0	0	1	0	0
MY	Selangor	8811	0	0	0	1	0
MY	Terengganu	229	0	0	0	0	0
MY	Unknown	2132	0	0	0	0	0
MZ	Cabo Delgado Province	2	0	0	0	0	0
MZ	Cidade de Maputo	1659	0	0	0	0	0
MZ	Gaza Province	19	0	0	0	0	0
MZ	Maputo Province	5	0	0	0	0	0
MZ	Nampula	34	0	0	0	0	0
MZ	Niassa Province	5	0	0	0	0	0
MZ	Sofala Province	56	0	0	0	0	0
MZ	Tete	18	0	0	0	0	0
MZ	Unknown	679	0	0	0	0	0
NA	Erongo	192	0	0	0	0	0
NA	Hardap	1	0	0	0	0	0
NA	Karas	10	0	0	0	0	0
NA	Khomas	915	0	0	0	0	0
NA	Kunene	8	0	0	0	0	0
NA	Omaheke	4	0	0	0	0	0
NA	Omusati	2	0	0	0	0	0
NA	Oshana	54	0	0	0	0	0
NA	Oshikoto	8	0	0	0	0	0
NA	Otjozondjupa	31	0	0	0	0	0
NA	Unknown	260	0	0	0	0	0
NA	Zambezi Region	8	0	0	0	0	0
NC	South Province	132	0	0	0	0	0
NC	Unknown	15	0	0	0	0	0
NE	Niamey	290	0	0	0	0	0
NE	Unknown	253	0	0	0	0	0
NG	Abia State	5	0	0	0	0	0
NG	Adamawa	93	0	0	0	0	0
NG	Akwa Ibom State	22	0	0	0	0	0
NG	Anambra	4	0	0	0	0	0
NG	Bayelsa State	8	0	0	0	0	0
NG	Cross River State	3	0	0	0	0	0
NG	Delta	8	0	0	0	0	0
NG	Edo	28	0	0	0	0	0
NG	Enugu State	44	0	0	0	0	0
NG	Federal Capital Territory	1	0	0	0	0	0
NG	Imo State	2	0	0	0	0	0
NG	Kaduna State	22	0	0	0	0	0
NG	Kano State	17	0	0	0	0	0
NG	Kwara State	23	0	0	0	0	0
NG	Lagos	9656	0	0	0	0	2
NG	Niger State	1359	0	0	0	0	0
NG	Ogun State	19	0	0	0	0	0
NG	Ondo State	1	0	0	0	0	0
NG	Osun State	28	0	0	0	0	0
NG	Oyo State	132	0	0	0	0	0
NG	Plateau State	4	0	0	0	0	0
NG	Rivers State	367	0	0	0	0	0
NG	Unknown	7630	0	0	0	0	0
NI	Departamento de Boaco	15	0	0	0	0	0
NI	Departamento de Carazo	3	0	0	0	0	0
NI	Departamento de Chinandega	7	0	0	0	0	0
NI	Departamento de Chontales	3	0	0	0	0	0
NI	Departamento de Esteli	11	0	0	0	0	0
NI	Departamento de Granada	4	0	0	0	0	0
NI	Departamento de Jinotega	2	0	0	0	0	0
NI	Departamento de Leon	28	0	0	0	0	0
NI	Departamento de Managua	2065	0	0	0	0	0
NI	Departamento de Masaya	6	0	0	0	0	0
NI	Departamento de Matagalpa	17	0	0	0	0	0
NI	Departamento de Nueva Segovia	2	0	0	0	0	0
NI	Departamento de Rivas	11	0	0	0	0	0
NI	Region Autonoma Atlantico Sur	16	0	0	0	0	0
NL	Friesland	2341	0	0	0	0	0
NL	Groningen	9948	0	0	0	1	0
NL	Limburg	6932	0	0	1	1	0
NL	North Brabant	21150	0	0	0	0	0
NL	North Holland	596924	0	12	52	15	13
NL	Provincie Drenthe	1411	0	0	0	0	0
NL	Provincie Flevoland	34544	0	0	0	0	0
NL	Provincie Gelderland	16218	0	0	0	1	0
NL	Provincie Overijssel	6873	0	2	0	0	2
NL	Provincie Utrecht	17212	0	0	0	0	0
NL	Provincie Zeeland	1974	0	0	0	0	0
NL	South Holland	52458	0	0	6	6	1
NL	Unknown	325427	1	7	24	10	6
NO	Akershus	8943	0	0	0	0	0
NO	Aust-Agder	1669	0	0	0	0	0
NO	Buskerud	5693	0	0	0	1	0
NO	Finnmark Fylke	4835	0	0	0	0	0
NO	Hedmark	2240	0	0	0	0	0
NO	Hordaland Fylke	12522	0	3	1	0	0
NO	More og Romsdal fylke	6375	0	0	0	0	0
NO	Nordland Fylke	5381	0	0	0	0	0
NO	Nord-Trondelag Fylke	1925	0	1	1	0	0
NO	Oppland	1962	0	0	0	0	0
NO	Oslo County	41707	0	0	2	1	0
NO	Østfold	3112	0	0	0	1	0
NO	Rogaland Fylke	11515	0	0	0	0	0
NO	Sogn og Fjordane Fylke	1668	0	0	0	0	0
NO	Sor-Trondelag Fylke	8068	0	0	0	1	0
NO	Telemark	1977	0	0	0	0	0
NO	Troms Fylke	7245	0	1	1	0	0
NO	Unknown	107122	0	5	4	3	0
NO	Vest-Agder Fylke	3834	0	0	0	0	0
NO	Vestfold	4626	0	0	0	0	0
NP	Central Region	3243	0	0	0	0	0
NP	Eastern Region	32	0	0	0	0	0
NP	Mid Western	2	0	0	0	0	0
NP	Unknown	731	0	0	0	0	0
NP	Western Region	452	0	0	0	0	0
NR	Unknown	1	0	0	0	0	0
NZ	Auckland	23290	0	0	3	2	1
NZ	Bay of Plenty	1187	0	0	0	0	0
NZ	Canterbury	4001	0	0	1	0	0
NZ	Gisborne	26	0	0	0	0	0
NZ	Hawke's Bay	225	0	0	0	0	0
NZ	Manawatu-Wanganui	904	0	0	0	0	0
NZ	Marlborough	40	0	0	0	0	0
NZ	Nelson	210	0	0	0	0	0
NZ	Northland	218	0	0	0	0	0
NZ	Otago	718	0	0	0	0	0
NZ	Southland	354	0	0	0	0	0
NZ	Taranaki	271	0	0	0	0	0
NZ	Tasman	100	0	0	0	0	0
NZ	Unknown	3512	0	0	0	0	0
NZ	Waikato	850	0	0	0	0	0
NZ	Wellington	9613	0	0	0	0	0
NZ	West Coast	34	0	0	0	0	0
OM	Al Batinah	3	0	0	0	0	0
OM	Ash Sharqiyah	1	0	0	0	0	0
OM	Ash Sharqiyah South	2	0	0	0	0	0
OM	Muhafazat ad Dakhiliyah	1	0	0	0	0	0
OM	Muhafazat Masqat	2622	0	0	0	0	0
OM	Muhafazat Zufar	8	0	0	0	0	0
OM	Unknown	650	0	0	0	0	0
PA	Guna Yala	9	0	0	0	0	0
PA	Provincia de Bocas del Toro	2	0	0	0	0	0
PA	Provincia de Chiriqui	882	0	0	0	0	0
PA	Provincia de Cocle	29	0	0	0	0	0
PA	Provincia de Colon	92	0	0	0	0	0
PA	Provincia de Herrera	1	0	0	0	0	0
PA	Provincia de Los Santos	65	0	0	0	0	0
PA	Provincia de Panama	2222	0	0	0	0	0
PA	Provincia de Veraguas	75	0	0	0	0	0
PA	Unknown	664	0	0	0	0	0
PE	Ancash	85	0	0	0	0	0
PE	Apurimac	4	0	0	0	0	0
PE	Arequipa	282	0	0	0	0	0
PE	Ayacucho	21	0	0	0	0	0
PE	Cajamarca	57	0	0	0	0	0
PE	Callao	31	0	0	0	0	0
PE	Cusco	226	0	0	0	0	0
PE	Departamento de Moquegua	2	0	0	0	0	0
PE	Ica	44	0	0	0	0	0
PE	Junin	101	0	0	0	0	0
PE	La Libertad	130	0	0	0	0	0
PE	Lambayeque	146	0	0	0	0	0
PE	Lima	163	0	0	0	0	0
PE	Loreto	16	0	0	0	0	0
PE	Piura	50	0	0	0	0	0
PE	Provincia de Lima	14677	0	0	0	1	0
PE	Puno	39	0	0	0	0	0
PE	Region de Huanuco	4	0	0	0	0	0
PE	Region de San Martin	23	0	0	0	0	0
PE	Tacna	28	0	0	0	0	0
PE	Ucayali	316	0	0	0	0	0
PE	Unknown	3111	0	0	0	0	0
PF	Iles du Vent	196	0	0	0	0	0
PF	Unknown	14	0	0	0	0	0
PG	Eastern Highlands Province	2	0	0	0	0	0
PG	East New Britain Province	1	0	0	0	0	0
PG	East Sepik Province	1	0	0	0	0	0
PG	Gulf Province	2	0	0	0	0	0
PG	Manus Province	3	0	0	0	0	0
PG	Milne Bay Province	1	0	0	0	0	0
PG	National Capital	32	0	0	0	0	0
PG	Unknown	33	0	0	0	0	0
PG	Western Province	3	0	0	0	0	0
PH	Autonomous Region in Muslim Mindanao	67	0	0	0	0	0
PH	Bicol	103	0	0	0	0	0
PH	Cagayan Valley	38	0	0	0	0	0
PH	Calabarzon	6819	0	0	0	0	0
PH	Caraga	92	0	0	0	0	0
PH	Central Luzon	1855	0	0	0	0	0
PH	Central Visayas	6181	0	0	0	0	0
PH	Cordillera	157	0	0	0	0	0
PH	Davao	1175	0	0	0	0	0
PH	Eastern Visayas	104	0	0	0	0	0
PH	Ilocos	115	0	0	0	0	0
PH	Mimaropa	35	0	0	0	0	0
PH	National Capital Region	14242	0	0	0	0	0
PH	Northern Mindanao	441	0	0	0	0	0
PH	Province of Cavite	3	0	0	0	0	0
PH	Province of Laguna	2	0	0	0	0	0
PH	Province of La Union	25	0	0	0	0	0
PH	Province of Pampanga	3	0	0	0	0	0
PH	Soccsksargen	995	0	0	0	0	0
PH	Unknown	15781	0	0	0	0	0
PH	Western Visayas	611	0	0	0	0	0
PH	Zamboanga Peninsula	57	0	0	0	0	0
PK	Azad Kashmir	108	0	0	0	0	0
PK	Balochistan	584	0	0	0	0	0
PK	Federally Administered Tribal Areas	12	0	0	0	0	0
PK	Gilgit-Baltistan	16	0	0	0	0	0
PK	Islamabad Capital Territory	3099	0	1	0	0	0
PK	Khyber Pakhtunkhwa	2365	0	0	0	0	0
PK	Punjab	15883	0	0	0	0	1
PK	Sindh	5977	0	0	0	0	0
PK	Unknown	1254	0	0	0	0	0
PL	Greater Poland Voivodeship	52381	0	0	5	4	1
PL	Kujawsko-Pomorskie	46191	0	0	4	1	0
PL	Lesser Poland Voivodeship	127392	0	1	9	0	2
PL	Łódź Voivodeship	35586	0	0	4	0	0
PL	Lower Silesian Voivodeship	79726	1	1	4	5	1
PL	Lublin Voivodeship	40197	0	0	5	4	1
PL	Lubusz	5363	0	2	0	0	0
PL	Masovian Voivodeship	332314	0	2	30	11	3
PL	Opole Voivodeship	12978	0	0	1	0	0
PL	Podlasie	17939	0	0	3	0	0
PL	Pomeranian Voivodeship	46435	0	0	3	2	0
PL	Silesian Voivodeship	59362	0	2	3	0	0
PL	Subcarpathian Voivodeship	27089	0	0	1	0	0
PL	Świętokrzyskie	7774	0	0	0	4	0
PL	Unknown	92292	0	2	18	4	2
PL	Warmian-Masurian Voivodeship	8366	0	0	0	0	0
PL	West Pomeranian Voivodeship	14765	0	0	3	0	0
PM	Commune de Saint-Pierre	7	0	0	0	0	0
PR	Adjuntas	1	0	0	0	0	0
PR	Aguada	9	0	0	0	0	0
PR	Aguadilla	14	0	0	0	0	0
PR	Aguas Buenas	7	0	0	0	0	0
PR	Anasco	8	0	0	0	0	0
PR	Arecibo	18	0	0	0	0	0
PR	Barranquitas	3	0	0	0	0	0
PR	Bayamon Municipio	312	0	0	0	0	0
PR	Cabo Rojo Municipio	81	0	0	0	0	0
PR	Caguas Municipio	176	0	0	0	0	0
PR	Camuy Municipio	2	0	0	0	0	0
PR	Canovanas Municipio	6	0	0	0	0	0
PR	Carolina Municipio	72	0	0	0	0	0
PR	Catano Municipio	48	0	0	0	0	0
PR	Cayey Municipio	5	0	0	0	0	0
PR	Cidra Municipio	50	0	0	0	0	0
PR	Coamo Municipio	8	0	0	0	0	0
PR	Corozal Municipio	2	0	0	0	0	0
PR	Dorado Municipio	9	0	0	0	0	0
PR	Fajardo Municipio	4	0	0	0	0	0
PR	Guanica Municipio	1	0	0	0	0	0
PR	Guayama Municipio	5	0	0	0	0	0
PR	Guaynabo Municipio	69	0	0	0	0	0
PR	Gurabo Municipio	7	0	0	0	0	0
PR	Hatillo Municipio	4	0	0	0	0	0
PR	Hormigueros Municipio	2	0	0	0	0	0
PR	Humacao Municipio	21	0	0	0	0	0
PR	Lajas Municipio	12	0	0	0	0	0
PR	Lares Municipio	2	0	0	0	0	0
PR	Las Piedras Municipio	4	0	0	0	0	0
PR	Luquillo Municipio	8	0	0	0	0	0
PR	Manati Municipio	2	0	0	0	0	0
PR	Mayagueez Municipio	45	0	0	0	0	0
PR	Moca Municipio	8	0	0	0	0	0
PR	Morovis Municipio	7	0	0	0	0	0
PR	Municipio de Isabela	5	0	0	0	0	0
PR	Municipio de Juncos	1	0	0	0	0	0
PR	Naguabo Municipio	5	0	0	0	0	0
PR	Naranjito Municipio	15	0	0	0	0	0
PR	Orocovis Municipio	1	0	0	0	0	0
PR	Ponce Municipio	19	0	0	0	0	0
PR	Quebradillas Municipio	1	0	0	0	0	0
PR	Rincon Municipio	13	0	0	0	0	0
PR	Rio Grande Municipio	5	0	0	0	0	0
PR	Sabana Grande Municipio	1	0	0	0	0	0
PR	Salinas Municipio	1	0	0	0	0	0
PR	San German Municipio	6	0	0	0	0	0
PR	San Juan	745	0	0	0	0	0
PR	San Lorenzo Municipio	6	0	0	0	0	0
PR	San Sebastian Municipio	4	0	0	0	0	0
PR	Santa Isabel Municipio	2	0	0	0	0	0
PR	Toa Alta Municipio	16	0	0	0	0	0
PR	Toa Baja Municipio	8	0	0	0	0	0
PR	Trujillo Alto Municipio	15	0	0	0	0	0
PR	Unknown	125	0	0	0	0	0
PR	Utuado Municipio	4	0	0	0	0	0
PR	Vega Alta Municipio	3	0	0	0	0	0
PR	Vega Baja Municipio	10	0	0	0	0	0
PR	Vieques Municipality	1	0	0	0	0	0
PR	Villalba Municipio	1	0	0	0	0	0
PS	Gaza Strip	1577	0	0	0	0	0
PS	Unknown	1931	0	0	0	0	0
PS	West Bank	5539	0	0	0	1	2
PT	Aveiro	4997	0	0	0	1	0
PT	Azores	295	0	0	0	0	0
PT	Bragança	273	0	0	0	0	0
PT	Distrito da Guarda	239	0	0	0	0	0
PT	Distrito de Beja	225	0	0	0	0	0
PT	Distrito de Braga	2882	0	0	0	0	0
PT	Distrito de Castelo Branco	580	0	0	0	0	0
PT	Distrito de Coimbra	2478	0	0	0	0	0
PT	Distrito de Evora	628	0	0	0	0	0
PT	Distrito de Faro	10276	0	0	1	0	0
PT	Distrito de Leiria	4047	0	0	4	0	0
PT	Distrito de Portalegre	83	0	0	0	0	0
PT	Distrito de Santarem	1862	0	0	0	0	0
PT	Distrito de Viana do Castelo	522	0	0	0	0	0
PT	Distrito de Vila Real	255	0	0	0	0	0
PT	Distrito de Viseu	688	0	0	0	0	0
PT	Distrito do Porto	11643	0	0	2	0	0
PT	Lisbon	44092	0	4	5	2	0
PT	Madeira	2370	0	0	0	0	0
PT	Setúbal	6153	0	1	0	0	0
PT	Unknown	20532	0	0	2	0	0
PW	Unknown	29	0	0	0	0	0
PY	Asuncion	922	0	0	0	0	0
PY	Departamento Central	104	0	0	0	0	0
PY	Departamento de Itapua	22	0	0	0	0	0
PY	Departamento del Alto Parana	82	0	0	0	0	0
PY	Unknown	222	0	0	0	0	0
QA	Al Wakrah	9	0	0	0	0	0
QA	Baladiyat ad Dawhah	9461	0	0	0	1	0
QA	Baladiyat al Khawr wa adh Dhakhirah	19	0	0	0	0	0
QA	Baladiyat ar Rayyan	38	0	0	0	0	0
QA	Baladiyat ash Shamal	67	0	0	0	0	0
QA	Baladiyat az Za'ayin	57	0	0	0	0	0
QA	Baladiyat Umm Salal	31	0	0	0	0	0
QA	Unknown	179	0	0	0	0	0
RE	Unknown	497	0	0	0	0	0
RO	Arad	1242	0	0	0	0	0
RO	Bihor	1255	0	0	0	0	0
RO	Bucuresti	33585	0	0	1	0	0
RO	Constanta	2784	0	0	0	0	0
RO	Covasna	79	0	0	0	0	0
RO	Dolj	4754	0	0	0	1	0
RO	Giurgiu	252	0	0	0	0	0
RO	Gorj	723	0	0	0	0	0
RO	Harghita	356	0	0	0	0	0
RO	Hunedoara	1420	0	0	0	0	0
RO	Ilfov	1102	0	0	0	0	0
RO	Judetul Alba	720	0	0	0	0	0
RO	Judetul Arges	1356	0	0	0	0	0
RO	Judetul Bacau	1683	0	1	0	0	0
RO	Judetul Bistrita-Nasaud	394	0	0	0	0	0
RO	Judetul Botosani	801	0	0	0	0	0
RO	Judetul Braila	766	0	0	0	0	0
RO	Judetul Brasov	2861	0	0	0	0	0
RO	Judetul Buzau	1160	0	0	0	0	0
RO	Judetul Calarasi	339	0	0	0	0	0
RO	Judetul Caras-Severin	851	0	0	0	0	0
RO	Judetul Cluj	6184	0	0	0	0	0
RO	Judetul Dambovita	788	0	0	0	0	0
RO	Judetul Galati	2177	0	0	0	0	0
RO	Judetul Ialomita	375	0	0	0	0	0
RO	Judetul Iasi	7345	1	0	1	1	0
RO	Judetul Mehedinti	36	0	0	0	0	0
RO	Judetul Mures	1542	0	0	0	0	0
RO	Judetul Neamt	1067	0	0	0	0	0
RO	Judetul Salaj	505	0	0	0	0	0
RO	Judetul Sibiu	1312	0	0	0	0	0
RO	Judetul Timis	3109	0	0	0	0	0
RO	Judetul Valcea	750	0	0	0	0	0
RO	Maramureş	1075	0	0	0	0	0
RO	Olt	695	0	0	0	0	0
RO	Prahova	3269	0	0	0	0	0
RO	Satu Mare	745	0	0	0	0	0
RO	Suceava	2373	0	0	0	0	0
RO	Teleorman	512	0	0	0	0	0
RO	Tulcea	495	0	0	0	0	0
RO	Unknown	59760	0	1	5	4	1
RO	Vaslui	436	0	0	0	0	0
RO	Vrancea	698	0	0	0	0	0
RS	Central Serbia	103190	0	4	0	0	0
RS	Unknown	10928	0	0	1	0	0
RS	Vojvodina	16849	0	0	1	1	0
RU	Altai Krai	3330795	4	148	238	101	19
RU	Amurskaya Oblast'	791822	0	27	18	7	3
RU	Arkhangelskaya	1970797	1	51	75	55	13
RU	Astrakhanskaya Oblast'	1340249	0	75	70	30	5
RU	Bashkortostan	6846662	5	191	325	181	39
RU	Belgorodskaya Oblast'	2133777	4	58	134	44	7
RU	Bryanskaya Oblast'	2984223	3	71	88	28	14
RU	Chechnya	355313	0	6	10	4	1
RU	Chelyabinsk	7435837	13	212	446	300	49
RU	Chukotskiy Avtonomnyy Okrug	3212	0	0	0	0	0
RU	Chuvashia	2137895	4	59	92	61	12
RU	Dagestan	1171790	2	29	16	21	7
RU	Irkutskaya Oblast'	4666529	5	160	216	123	26
RU	Ivanovskaya Oblast'	1529707	2	56	72	27	7
RU	Jewish Autonomous Oblast	59403	0	2	7	1	0
RU	Kabardino-Balkarskaya Respublika	500772	1	33	12	8	1
RU	Kaliningradskaya Oblast'	2308972	1	58	165	64	16
RU	Kalmykiya	207737	1	3	6	7	0
RU	Kaluzhskaya Oblast'	2121657	1	48	111	70	3
RU	Kamtchatski Kray	156513	0	0	9	19	1
RU	Karachayevo-Cherkesiya	267290	0	4	11	5	1
RU	Kemerovskaya Oblast'	4104731	4	93	292	100	23
RU	Khabarovsk Krai	3253635	0	90	177	66	22
RU	Khanty-Mansiyskiy Avtonomnyy Okrug-Yugra	2981736	2	98	168	90	81
RU	Kirovskaya Oblast'	2100682	1	74	165	81	13
RU	Komi Republic	1805898	4	59	309	51	14
RU	Kostromskaya Oblast'	930880	0	26	41	31	6
RU	Krasnodarskiy Kray	9357319	12	299	610	222	39
RU	Krasnoyarskiy Kray	5793534	8	226	280	196	53
RU	Kurganskaya Oblast'	1171539	2	31	63	35	8
RU	Kurskaya Oblast'	1574614	1	46	81	31	9
RU	Leningrad	2106079	2	36	133	46	14
RU	Lipetskaya Oblast'	1698854	2	58	119	41	26
RU	Magadanskaya Oblast'	60113	0	1	2	2	0
RU	Moscow	70022186	71	1630	3778	1928	465
RU	Moscow Oblast	13237870	10	342	649	363	80
RU	Murmansk	1606908	2	46	89	54	2
RU	Nenetskiy Avtonomnyy Okrug	54444	1	1	1	3	0
RU	Nizhegorodskaya Oblast'	7589960	11	193	434	230	45
RU	North Ossetia	753487	0	19	26	15	2
RU	Novgorodskaya Oblast'	1539992	0	44	63	40	9
RU	Novosibirskaya Oblast'	8560495	12	213	612	335	67
RU	Omskaya Oblast'	3811226	5	121	263	107	25
RU	Orenburgskaya Oblast'	2240073	4	69	125	53	15
RU	Orlovskaya Oblast'	1416501	2	37	99	34	7
RU	Penzenskaya Oblast'	1886472	0	63	107	48	9
RU	Perm Krai	5368397	7	151	303	146	29
RU	Primorskiy Kray	4003585	3	110	205	81	21
RU	Pskovskaya Oblast'	914622	1	16	39	20	2
RU	Republic of Karelia	1449862	1	54	114	39	4
RU	Respublika Adygeya	351874	0	11	12	3	4
RU	Respublika Altay	113450	0	1	16	1	2
RU	Respublika Buryatiya	1250113	2	38	38	24	13
RU	Respublika Ingushetiya	79346	0	12	2	0	0
RU	Respublika Khakasiya	621434	0	11	37	14	3
RU	Respublika Mariy-El	1004639	1	30	75	34	5
RU	Respublika Mordoviya	1158108	1	27	91	32	7
RU	Respublika Sakha (Yakutiya)	1047218	0	40	32	23	5
RU	Respublika Tyva	103883	1	2	3	0	0
RU	Rostov	7713086	9	173	532	194	65
RU	Ryazanskaya Oblast'	1819284	5	66	109	56	5
RU	Sakhalinskaya Oblast'	656066	0	20	17	23	5
RU	Samarskaya Oblast'	9056340	16	298	583	251	44
RU	Saratovskaya Oblast'	4574436	7	133	400	121	25
RU	Smolenskaya Oblast'	1255248	1	50	88	37	3
RU	Stavropol'skiy Kray	3091666	4	77	116	70	16
RU	St.-Petersburg	31917842	43	708	1800	983	300
RU	Sverdlovskaya Oblast'	12310101	13	344	922	841	72
RU	Tambovskaya Oblast'	1237233	2	40	74	36	4
RU	Tatarstan	7932959	9	462	574	242	48
RU	Tomskaya Oblast'	3124950	3	76	219	110	17
RU	Transbaikal Territory	1288139	3	63	39	24	53
RU	Tul'skaya Oblast'	2904071	3	110	156	67	13
RU	Tverskaya Oblast'	2069923	1	75	110	36	6
RU	Tyumenskaya Oblast'	2903024	6	96	151	100	23
RU	Udmurtskaya Respublika	3002010	6	93	188	103	13
RU	Ulyanovsk Oblast	2284991	3	87	165	75	8
RU	Unknown	16950638	16	483	990	395	875
RU	Vladimirskaya Oblast'	2057917	4	43	101	42	11
RU	Volgogradskaya Oblast'	3994428	6	110	312	115	27
RU	Vologodskaya Oblast'	2149537	0	42	79	49	8
RU	Voronezhskaya Oblast'	5531010	4	143	302	156	22
RU	Yamalo-Nenetskiy Avtonomnyy Okrug	793333	2	26	46	20	2
RU	Yaroslavskaya Oblast'	3282570	2	86	132	93	14
RW	Kigali	1659	0	0	0	0	0
RW	Unknown	881	0	0	0	0	0
RW	Western Province	8	0	0	0	0	0
SA	Al Jawf	4	0	0	0	0	0
SA	Al Madinah al Munawwarah	151	0	0	0	0	0
SA	Al-Qassim	18	0	0	0	0	0
SA	Ar Riyāḑ	14979	0	0	0	0	1
SA	Eastern Province	2067	0	0	0	0	0
SA	Jizan	83	0	0	0	0	0
SA	Makkah Province	11305	0	0	0	0	0
SA	Mintaqat al Bahah	2	0	0	0	0	0
SA	Mintaqat 'Asir	25	0	0	0	0	0
SA	Mintaqat Ha'il	3	0	0	0	0	0
SA	Mintaqat Najran	25	0	0	0	0	0
SA	Mintaqat Tabuk	38	0	0	0	0	0
SA	Unknown	4737	0	2	0	0	0
SB	Guadalcanal Province	5	0	0	0	0	0
SB	Unknown	2	0	0	0	0	0
SC	Beau Vallon	224	0	0	0	0	0
SC	English River	1369	0	0	0	0	0
SC	Takamaka	3	0	0	0	0	0
SC	Unknown	137	0	0	0	0	0
SD	Khartoum	478	0	0	0	0	0
SD	Northern Darfur	342	0	0	0	0	0
SD	River Nile	5	0	0	0	0	0
SD	Sinnār	1	0	0	0	0	0
SD	Unknown	5136	0	0	0	0	0
SE	Blekinge	1812	0	0	0	0	0
SE	Dalarna	3052	0	0	0	0	0
SE	Gävleborg	4501	0	0	0	0	0
SE	Gotland	586	0	0	0	0	0
SE	Halland	1584	0	0	0	0	0
SE	Jämtland	1089	0	0	1	0	0
SE	Jönköping	3182	0	0	0	0	0
SE	Kalmar	2206	0	0	0	0	0
SE	Kronoberg	2920	0	0	0	0	0
SE	Norrbotten	4397	0	0	0	0	0
SE	Örebro	2446	0	0	0	0	0
SE	Östergötland	6038	0	0	0	0	0
SE	Skåne	21182	0	0	1	0	1
SE	Södermanland	2113	0	0	0	0	0
SE	Stockholm	124252	0	1	2	3	0
SE	Unknown	47473	0	1	3	3	1
SE	Uppsala	8019	0	0	1	1	0
SE	Värmland	2240	0	0	0	0	0
SE	Västerbotten	5284	0	0	0	0	0
SE	Västernorrland	2076	0	0	1	0	0
SE	Västmanland	3465	0	1	0	0	0
SE	Västra Götaland	25405	0	0	0	1	1
SG	North West Community Development Council	1	0	0	0	0	0
SG	Unknown	64620	0	2	5	1	0
SI	Beltinci	27	0	0	0	0	0
SI	Bohinj	20	0	0	0	0	0
SI	Brda	20	0	0	0	0	0
SI	Brezovica	12	0	0	0	0	0
SI	Cankova	7	0	0	0	0	0
SI	Celje	669	0	0	0	0	0
SI	Cerklje na Gorenjskem	43	0	0	0	0	0
SI	Cerknica	21	0	0	0	0	0
SI	Cerkno	1	0	0	0	0	0
SI	Destrnik	6	0	0	0	0	0
SI	Dobrepolje	1	0	0	0	0	0
SI	Dobrna	4	0	0	0	0	0
SI	Dobrova-Polhov Gradec	39	0	0	0	0	0
SI	Dolenjske Toplice	1	0	0	0	0	0
SI	Dol pri Ljubljani	63	0	0	0	0	0
SI	Dravograd	32	0	0	0	0	0
SI	Duplek	12	0	0	0	0	0
SI	Gorenja Vas-Poljane	5	0	0	0	0	0
SI	Gorje	1	0	0	0	0	0
SI	Gornja Radgona	30	0	0	0	0	0
SI	Gornji Grad	1	0	0	0	0	0
SI	Grosuplje	62	0	0	0	0	0
SI	Hajdina	16	0	0	0	0	0
SI	Horjul	156	0	0	0	0	0
SI	Hrastnik	30	0	0	0	0	0
SI	Idrija	115	0	0	0	0	0
SI	Ig	5	0	0	0	0	0
SI	Ilirska Bistrica	22	0	0	0	0	0
SI	Izola	466	0	0	0	0	0
SI	Jesenice	176	0	0	0	0	0
SI	Kamnik	110	0	0	0	0	0
SI	Kanal	36	0	0	0	0	0
SI	Komenda	46	0	0	0	0	0
SI	Koper	618	0	0	0	0	0
SI	Kostanjevica na Krki	1	0	0	0	0	0
SI	Kranj	727	0	0	0	0	0
SI	Kranjska Gora	69	0	0	0	0	0
SI	Kungota	21	0	0	0	0	0
SI	Lenart	10	0	0	0	0	0
SI	Lendava	10	0	0	0	0	0
SI	Litija	5	0	0	0	0	0
SI	Ljubljana	19542	0	0	1	0	0
SI	Ljubno	1	0	0	0	0	0
SI	Ljutomer	30	0	0	0	0	0
SI	Logatec	31	0	0	0	0	0
SI	Log\u2013Dragomer	22	0	0	0	0	0
SI	Lovrenc na Pohorju	11	0	0	0	0	0
SI	Lukovica	11	0	0	0	0	0
SI	Makole	11	0	0	0	0	0
SI	Maribor	1933	0	0	0	0	0
SI	Markovci	19	0	0	0	0	0
SI	Medvode	380	0	0	0	0	0
SI	Mestna Obcina Novo mesto	613	0	0	0	0	0
SI	Miren-Kostanjevica	4	0	0	0	0	0
SI	Mislinja	4	0	0	0	0	0
SI	Mokronog-Trebelno	1	0	0	0	0	0
SI	Moravske Toplice	12	0	0	0	0	0
SI	Mozirje	48	0	0	0	0	0
SI	Murska Sobota	138	0	0	0	0	0
SI	Naklo	6	0	0	0	0	0
SI	Nazarje	3	0	0	0	0	0
SI	Nova Gorica	372	0	0	0	0	0
SI	Obcina Ajdovscina	114	0	0	0	0	0
SI	Obcina Apace	2	0	0	0	0	0
SI	Obcina Bled	132	0	0	0	0	0
SI	Obcina Bovec	19	0	0	0	0	0
SI	Obcina Braslovce	8	0	0	0	0	0
SI	Obcina Brezice	16	0	0	0	0	0
SI	Obcina Crensovci	3	0	0	0	0	0
SI	Obcina Domzale	634	0	0	0	0	0
SI	Obcina Gorisnica	6	0	0	0	0	0
SI	Obcina Hoce-Slivnica	16	0	0	0	0	0
SI	Obcina Ivancna Gorica	58	0	0	0	0	0
SI	Obcina Jursinci	1	0	0	0	0	0
SI	Obcina Kidricevo	103	0	0	0	0	0
SI	Obcina Kobarid	47	0	0	0	0	0
SI	Obcina Kocevje	51	0	0	0	0	0
SI	Obcina Krizevci	6	0	0	0	0	0
SI	Obcina Krsko	30	0	0	0	0	0
SI	Obcina Lasko	83	0	0	0	0	0
SI	Obcina Loska Dolina	17	0	0	0	0	0
SI	Obcina Majsperk	2	0	0	0	0	0
SI	Obcina Menges	113	0	0	0	0	0
SI	Obcina Miklavz na Dravskem Polju	102	0	0	0	0	0
SI	Obcina Moravce	11	0	0	0	0	0
SI	Obcina Ormoz	15	0	0	0	0	0
SI	Obcina Poljcane	28	0	0	0	0	0
SI	Obcina Race-Fram	68	0	0	0	0	0
SI	Obcina Radece	2	0	0	0	0	0
SI	Obcina Ravne na Koroskem	15	0	0	0	0	0
SI	Obcina Recica ob Savinji	3	0	0	0	0	0
SI	Obcina Rence-Vogrsko	32	0	0	0	0	0
SI	Obcina Rogaska Slatina	37	0	0	0	0	0
SI	Obcina Rogasovci	6	0	0	0	0	0
SI	Obcina Ruse	31	0	0	0	0	0
SI	Obcina Sempeter-Vrtojba	59	0	0	0	0	0
SI	Obcina Sencur	42	0	0	0	0	0
SI	Obcina Sentilj	10	0	0	0	0	0
SI	Obcina Sentjernej	2	0	0	0	0	0
SI	Obcina Sentjur	36	0	0	0	0	0
SI	Obcina Sezana	29	0	0	0	0	0
SI	Obcina Skofljica	55	0	0	0	0	0
SI	Obcina Smarje pri Jelsah	1	0	0	0	0	0
SI	Obcina Smarjeske Toplice	4	0	0	0	0	0
SI	Obcina Smartno ob Paki	9	0	0	0	0	0
SI	Obcina Smartno pri Litiji	1	0	0	0	0	0
SI	Obcina Sodrazica	8	0	0	0	0	0
SI	Obcina Sostanj	21	0	0	0	0	0
SI	Obcina Starse	4	0	0	0	0	0
SI	Obcina Store	1	0	0	0	0	0
SI	Obcina Sveti Tomaz	2	0	0	0	0	0
SI	Obcina Tolmin	6	0	0	0	0	0
SI	Obcina Trnovska vas	7	0	0	0	0	0
SI	Obcina Trzic	31	0	0	0	0	0
SI	Obcina Turnisce	32	0	0	0	0	0
SI	Obcina Velike Lasce	19	0	0	0	0	0
SI	Obcina Zalec	44	0	0	0	0	0
SI	Obcina Zavrc	4	0	0	0	0	0
SI	Obcina Zelezniki	4	0	0	0	0	0
SI	Obcina Ziri	15	0	0	0	0	0
SI	Obcina Zrece	19	0	0	0	0	0
SI	Odranci	15	0	0	0	0	0
SI	Oplotnica	8	0	0	0	0	0
SI	Pesnica	41	0	0	0	0	0
SI	Piran	211	0	0	0	0	0
SI	Polzela	7	0	0	0	0	0
SI	Postojna	85	0	0	0	0	0
SI	Prebold	4	0	0	0	0	0
SI	Preddvor	8	0	0	0	0	0
SI	Prevalje	32	0	0	0	0	0
SI	Ptuj	169	0	0	0	0	0
SI	Puconci	1	0	0	0	0	0
SI	Radenci	3	0	0	0	0	0
SI	Radlje ob Dravi	6	0	0	0	0	0
SI	Radovljica	215	0	0	0	0	0
SI	Ribnica	44	0	0	0	0	0
SI	Selnica ob Dravi	19	0	0	0	0	0
SI	Sevnica	43	0	0	0	0	0
SI	Škofja Loka	100	0	0	0	0	0
SI	Slovenj Gradec	78	0	0	0	0	0
SI	Slovenska Bistrica	119	0	0	0	0	0
SI	Slovenske Konjice	23	0	0	0	0	0
SI	Trbovlje	113	0	0	0	0	0
SI	Trebnje	31	0	0	0	0	0
SI	Trzin	143	0	0	0	0	0
SI	Unknown	5402	0	1	1	1	0
SI	Velenje	178	0	0	0	0	0
SI	Videm	71	0	0	0	0	0
SI	Vipava	67	0	0	0	0	0
SI	Vodice	14	0	0	0	0	0
SI	Vojnik	42	0	0	0	0	0
SI	Vrhnika	182	0	0	0	0	0
SI	Vuzenica	8	0	0	0	0	0
SI	Zagorje ob Savi	121	0	0	0	0	0
SJ	Svalbard	1	0	0	0	0	0
SK	Banskobystricky kraj	7664	0	0	0	0	0
SK	Bratislavsky kraj	35996	0	1	1	0	0
SK	Kosicky kraj	11420	0	0	0	0	0
SK	Nitriansky kraj	7654	0	1	0	0	0
SK	Presovsky kraj	6940	0	0	0	0	0
SK	Trenciansky kraj	1432	0	0	0	0	0
SK	Trnavsky kraj	4594	0	2	1	0	0
SK	Unknown	17492	0	0	1	0	0
SK	Zilinsky kraj	5988	0	0	0	0	0
SL	Unknown	227	0	0	0	0	0
SL	Western Area	163	0	0	0	0	0
SM	Castello di Acquaviva	2	0	0	0	0	0
SM	Castello di Borgo Maggiore	12	0	0	0	0	0
SM	Castello di Domagnano	6	0	0	0	0	0
SM	Castello di Faetano	5	0	0	0	0	0
SM	Castello di Fiorentino	9	0	0	0	0	0
SM	Castello di San Marino Citta	132	0	0	0	0	0
SM	Serravalle	281	0	0	0	0	0
SM	Unknown	9	0	0	0	0	0
SN	Dakar	2804	0	0	0	0	0
SN	Fatick	1	0	0	0	0	0
SN	Kolda	4	0	0	0	0	0
SN	Louga	6	0	0	0	0	0
SN	Region de Sedhiou	1	0	0	0	0	0
SN	Saint-Louis	1	0	0	0	0	0
SN	Unknown	1147	0	0	0	0	0
SO	Banaadir	612	0	0	0	0	0
SO	Unknown	1274	0	0	0	0	0
SO	Woqooyi Galbeed	1	0	0	0	0	0
SR	Distrikt Nickerie	1	0	0	0	0	0
SR	Distrikt Paramaribo	118	0	0	0	0	0
SS	Central Equatoria	136	0	0	0	0	0
SS	Unknown	216	0	0	0	0	0
ST	São Tomé Island	15	0	0	0	0	0
ST	Unknown	50	0	0	0	0	0
SV	Departamento de Ahuachapan	1	0	0	0	0	0
SV	Departamento de Cuscatlan	1	0	0	0	0	0
SV	Departamento de La Libertad	141	0	0	0	0	0
SV	Departamento de Morazan	1	0	0	0	0	0
SV	Departamento de San Miguel	21	0	0	0	0	0
SV	Departamento de San Salvador	497	0	0	0	0	0
SV	Departamento de Santa Ana	28	0	0	0	0	0
SV	Departamento de San Vicente	1	0	0	0	0	0
SV	Departamento de Sonsonate	17	0	0	0	0	0
SV	Departamento de Usulutan	20	0	0	0	0	0
SV	Unknown	12	0	0	0	0	0
SX	Unknown	317	0	0	0	0	0
SY	As-Suwayda Governorate	27	0	0	0	0	0
SY	Damascus Governorate	175	0	0	0	0	0
SY	Latakia Governorate	54	0	0	0	0	0
SY	Quneitra Governorate	86	0	0	0	0	0
SY	Unknown	8551	0	0	0	0	0
SZ	Hhohho District	57	0	0	0	0	0
SZ	Manzini District	10	0	0	0	0	0
SZ	Unknown	5	0	0	0	0	0
TC	Unknown	85	0	0	0	0	0
TD	Chari-Baguirmi Region	9	0	0	0	0	0
TD	Unknown	40	0	0	0	0	0
TG	Maritime	588	0	0	0	0	0
TG	Unknown	98	0	0	0	0	0
TH	Bangkok	53394	0	0	3	2	0
TH	Changwat Amnat Charoen	1	0	0	0	0	0
TH	Changwat Ang Thong	4	0	0	0	0	0
TH	Changwat Buriram	53	0	0	0	0	0
TH	Changwat Chachoengsao	76	0	0	0	0	0
TH	Changwat Chaiyaphum	12	0	0	0	0	0
TH	Changwat Chanthaburi	334	0	0	0	0	0
TH	Changwat Chiang Rai	337	0	0	0	0	0
TH	Changwat Chon Buri	21781	0	1	2	0	0
TH	Changwat Chumphon	38	0	0	0	0	0
TH	Changwat Kalasin	18	0	0	0	0	0
TH	Changwat Kamphaeng Phet	135	0	0	0	0	0
TH	Changwat Kanchanaburi	289	0	0	0	0	0
TH	Changwat Khon Kaen	397	0	0	0	0	0
TH	Changwat Krabi	260	0	0	0	0	0
TH	Changwat Lampang	142	0	0	0	0	0
TH	Changwat Lamphun	163	0	0	0	0	0
TH	Changwat Loei	64	0	0	0	0	0
TH	Changwat Mae Hong Son	14	0	0	0	0	0
TH	Changwat Maha Sarakham	4	0	0	0	0	0
TH	Changwat Mukdahan	4	0	0	0	0	0
TH	Changwat Nakhon Nayok	1	0	0	0	0	0
TH	Changwat Nakhon Pathom	466	0	0	0	0	0
TH	Changwat Nakhon Phanom	8	0	0	0	0	0
TH	Changwat Nakhon Ratchasima	315	0	0	0	0	0
TH	Changwat Nakhon Sawan	60	0	0	0	0	0
TH	Changwat Nakhon Si Thammarat	25	0	0	0	0	0
TH	Changwat Nan	27	0	0	0	0	0
TH	Changwat Narathiwat	57	0	0	0	0	0
TH	Changwat Nong Bua Lamphu	11	0	0	0	0	0
TH	Changwat Nong Khai	3	0	0	0	0	0
TH	Changwat Nonthaburi	1340	0	0	0	0	0
TH	Changwat Pathum Thani	456	0	0	0	0	0
TH	Changwat Pattani	86	0	0	0	0	0
TH	Changwat Phangnga	9	0	0	0	0	0
TH	Changwat Phatthalung	456	0	0	0	0	0
TH	Changwat Phayao	354	0	0	0	0	0
TH	Changwat Phetchabun	32	0	0	0	0	0
TH	Changwat Phetchaburi	500	0	0	0	0	0
TH	Changwat Phichit	10	0	0	0	0	0
TH	Changwat Phitsanulok	572	0	0	0	0	0
TH	Changwat Phrae	24	0	0	0	0	0
TH	Changwat Phra Nakhon Si Ayutthaya	289	0	0	0	0	0
TH	Changwat Prachin Buri	2	0	0	0	0	0
TH	Changwat Prachuap Khiri Khan	833	0	0	0	0	0
TH	Changwat Ranong	7	0	0	0	0	0
TH	Changwat Ratchaburi	135	0	0	0	0	0
TH	Changwat Rayong	678	0	1	0	0	0
TH	Changwat Roi Et	9	0	0	0	0	0
TH	Changwat Sakon Nakhon	8	0	0	0	0	0
TH	Changwat Samut Prakan	97	0	0	0	0	0
TH	Changwat Samut Sakhon	477	0	0	0	0	0
TH	Changwat Samut Songkhram	9	0	0	0	0	0
TH	Changwat Sara Buri	10	0	0	0	0	0
TH	Changwat Satun	6	0	0	0	0	0
TH	Changwat Sisaket	5	0	0	0	0	0
TH	Changwat Songkhla	700	0	0	0	0	0
TH	Changwat Sukhothai	35	0	0	0	0	0
TH	Changwat Suphan Buri	17	0	0	0	0	0
TH	Changwat Surat Thani	6186	0	0	1	0	0
TH	Changwat Surin	66	0	0	0	0	0
TH	Changwat Tak	44	0	0	0	0	0
TH	Changwat Trang	54	0	0	0	0	0
TH	Changwat Trat	1580	0	0	0	0	0
TH	Changwat Ubon Ratchathani	143	0	0	0	0	0
TH	Changwat Udon Thani	387	0	0	0	0	0
TH	Changwat Uthai Thani	3	0	0	0	0	0
TH	Changwat Uttaradit	35	0	0	0	0	0
TH	Changwat Yala	67	0	0	0	0	0
TH	Changwat Yasothon	14	0	0	0	0	0
TH	Chiang Mai Province	7416	0	3	1	3	0
TH	Phuket	23275	0	0	1	0	0
TH	Unknown	28136	0	1	2	3	0
TJ	Gorno-Badakhshan	16186	0	0	0	0	0
TJ	Unknown	298316	0	17	2	3	3
TJ	Viloyati Khatlon	343	0	0	0	0	0
TJ	Viloyati Sughd	22888	0	0	0	0	0
TK	Unknown	2	0	0	0	0	0
TL	Dili	26	0	0	0	0	0
TL	Unknown	99	0	0	0	0	0
TM	Ahal	96714	0	2	5	1	0
TM	Unknown	19236	0	0	3	1	1
TN	Gafsa	71	0	0	0	0	0
TN	Gouvernorat de Beja	13	0	0	0	0	0
TN	Gouvernorat de Ben Arous	55	0	0	0	0	0
TN	Gouvernorat de Bizerte	3	0	0	0	0	0
TN	Gouvernorat de Gabes	2	0	0	0	0	0
TN	Gouvernorat de Jendouba	3	0	0	0	0	0
TN	Gouvernorat de Kairouan	2	0	0	0	0	0
TN	Gouvernorat de Kebili	2	0	0	0	0	0
TN	Gouvernorat de Kef	3	0	0	0	0	0
TN	Gouvernorat de l'Ariana	102	0	0	0	0	0
TN	Gouvernorat de Mahdia	12	0	0	0	0	0
TN	Gouvernorat de Monastir	2	0	0	0	0	0
TN	Gouvernorat de Nabeul	31	0	0	0	0	0
TN	Gouvernorat de Sfax	77	0	0	0	0	0
TN	Gouvernorat de Sidi Bouzid	11	0	0	0	0	0
TN	Gouvernorat de Siliana	8	0	0	0	0	0
TN	Gouvernorat de Sousse	36	0	0	0	0	0
TN	Gouvernorat de Tozeur	9	0	0	0	0	0
TN	Gouvernorat de Tunis	1407	0	0	0	0	0
TN	Gouvernorat de Zaghouan	2	0	0	0	0	0
TN	Manouba	82	0	0	0	0	0
TN	Tataouine	28	0	0	0	0	0
TN	Unknown	12998	0	0	0	0	0
TO	Unknown	34	0	0	0	0	0
TO	Vava'u	4	0	0	0	0	0
TR	Adana	5939	0	0	0	0	0
TR	Adiyaman	101	0	0	0	0	0
TR	Afyonkarahisar	864	0	0	0	0	0
TR	Ağrı	173	0	0	0	0	0
TR	Aksaray	540	0	0	0	0	0
TR	Amasya	192	0	0	0	0	0
TR	Ankara	39854	0	1	1	0	0
TR	Antalya	50654	0	3	1	0	0
TR	Ardahan	153	0	0	0	0	0
TR	Artvin	171	0	0	0	0	0
TR	Aydın	1618	0	1	0	0	0
TR	Balıkesir	1334	0	0	0	0	0
TR	Bartın	239	0	0	0	0	0
TR	Batman	558	0	0	0	0	0
TR	Bayburt	29	0	0	0	0	0
TR	Bilecik	192	0	0	0	0	0
TR	Bingöl	36	0	0	0	0	0
TR	Bitlis	42	0	0	0	0	0
TR	Bolu	324	0	0	0	0	0
TR	Burdur	69	0	0	0	0	0
TR	Bursa	10135	0	0	1	0	0
TR	Çanakkale	971	0	0	0	0	0
TR	Çankırı	174	0	0	0	0	0
TR	Çorum	524	0	0	0	0	0
TR	Denizli	1910	0	0	0	0	0
TR	Diyarbakir	850	0	0	0	0	0
TR	Duezce	267	0	0	0	0	0
TR	Edirne	497	0	0	0	0	0
TR	Elazığ	421	0	0	0	0	0
TR	Erzincan	126	0	0	0	0	0
TR	Erzurum	479	0	0	0	0	0
TR	Eskişehir	2605	0	0	0	0	0
TR	Gaziantep	2052	0	0	0	0	0
TR	Giresun	529	0	0	0	0	0
TR	Guemueshane	28	0	0	0	0	0
TR	Hakkâri	31	0	0	0	0	0
TR	Hatay	2232	0	0	0	0	0
TR	Iğdır	22	0	0	0	0	0
TR	Isparta	855	0	0	0	0	0
TR	Istanbul	185750	0	7	13	6	4
TR	Izmir	16339	0	3	1	0	0
TR	Kahramanmaraş	737	0	0	0	0	0
TR	Karabuek	413	0	0	0	0	0
TR	Karaman	188	0	0	0	0	0
TR	Kars	384	0	0	0	0	0
TR	Kastamonu	678	0	0	0	0	0
TR	Kayseri	2785	0	0	0	0	0
TR	Kilis	74	0	0	0	0	0
TR	Kırıkkale	218	0	0	0	0	0
TR	Kırklareli	370	0	0	0	0	0
TR	Kırşehir	74	0	0	0	0	0
TR	Kocaeli	5145	0	0	0	0	0
TR	Konya	5079	0	1	0	0	0
TR	Kütahya	504	0	0	0	0	0
TR	Malatya	518	0	0	0	0	0
TR	Manisa	1123	0	0	0	0	0
TR	Mardin	766	0	0	0	0	0
TR	Mersin	6298	0	2	1	0	0
TR	Muğla	4348	0	0	0	0	0
TR	Muş	21	0	0	0	0	0
TR	Nevsehir	590	0	0	0	0	0
TR	Nigde	354	0	0	0	0	0
TR	Ordu	418	0	0	1	0	0
TR	Osmaniye	249	0	0	0	0	0
TR	Rize	707	0	0	0	0	0
TR	Sakarya	1881	0	0	0	0	0
TR	Samsun	2007	0	0	0	0	0
TR	Şanlıurfa	1734	0	0	0	0	0
TR	Siirt	1434	0	0	0	0	0
TR	Sinop	182	0	0	0	0	0
TR	Şırnak	81	0	0	0	0	0
TR	Sivas	560	0	0	0	0	0
TR	Tekirdağ	1403	0	0	0	0	0
TR	Tokat	304	0	0	0	0	0
TR	Trabzon	2121	0	0	0	0	0
TR	Tunceli	8	0	0	0	0	0
TR	Unknown	196088	0	4	11	9	2
TR	Uşak	1224	0	0	0	0	0
TR	Van	424	0	0	0	0	0
TR	Yalova	1358	0	0	0	0	0
TR	Yozgat	298	0	0	0	0	0
TR	Zonguldak	776	0	0	1	0	0
TT	Borough of Arima	50	0	0	0	0	0
TT	Chaguanas	21	0	0	0	0	0
TT	City of Port of Spain	234	0	0	0	0	0
TT	City of San Fernando	59	0	0	0	0	0
TT	Couva-Tabaquite-Talparo	8	0	0	0	0	0
TT	Diego Martin	6	0	0	0	0	0
TT	Eastern Tobago	16	0	0	0	0	0
TT	Penal/Debe	4	0	0	0	0	0
TT	Point Fortin	10	0	0	0	0	0
TT	Princes Town	20	0	0	0	0	0
TT	Sangre Grande	9	0	0	0	0	0
TT	San Juan/Laventille	15	0	0	0	0	0
TT	Siparia	45	0	0	0	0	0
TT	Tobago	13	0	0	0	0	0
TT	Tunapuna/Piarco	136	0	0	0	0	0
TT	Unknown	94	0	0	0	0	0
TV	Funafuti	2	0	0	0	0	0
TV	Vaitupu	3	0	0	0	0	0
TW	Kaohsiung	2	0	0	0	0	0
TW	Taipei	23475	0	0	1	0	0
TW	Taiwan	7456	0	0	0	0	0
TW	Unknown	4602	0	0	1	2	0
TZ	Arusha	64	0	0	0	0	0
TZ	Dar es Salaam Region	2541	0	0	0	0	0
TZ	Dodoma	5	0	0	0	0	0
TZ	Kigoma	2	0	0	0	0	0
TZ	Kilimanjaro	40	0	0	0	0	0
TZ	Mara	1	0	0	0	0	0
TZ	Mbeya	2	0	0	0	0	0
TZ	Morogoro	8	0	0	0	0	0
TZ	Mwanza	3	0	0	0	0	0
TZ	Njombe	2	0	0	0	0	0
TZ	Tanga	1	0	0	0	0	0
TZ	Unknown	3727	0	0	0	0	0
TZ	Zanzibar Urban/West	148	0	0	0	0	0
UA	Cherkas'ka Oblast'	1064656	0	27	121	38	8
UA	Chernihiv	804061	1	12	88	9	2
UA	Chernivtsi	645446	0	10	69	16	6
UA	Crimea	2870668	2	82	173	40	13
UA	Dnipropetrovska Oblast'	4665928	5	136	469	107	28
UA	Donets'ka Oblast'	4249677	5	130	242	95	16
UA	Ivano-Frankivs'ka Oblast'	383699	1	2	34	5	1
UA	Kharkivs'ka Oblast'	6052045	5	173	811	191	41
UA	Khersons'ka Oblast'	1317632	5	32	162	39	8
UA	Khmel'nyts'ka Oblast'	506398	1	14	49	17	5
UA	Kirovohrads'ka Oblast'	631792	1	19	67	15	1
UA	Kyiv City	16408079	17	363	1583	424	97
UA	Kyiv Oblast	594104	1	16	83	19	2
UA	Luhans'ka Oblast'	1683451	0	43	135	37	3
UA	L'vivs'ka Oblast'	2575592	4	48	297	80	11
UA	Misto Sevastopol'	1054545	1	18	70	27	5
UA	Mykolayivs'ka Oblast'	1142645	0	24	121	28	3
UA	Odessa	4644087	1	102	530	120	23
UA	Poltavs'ka Oblast'	1490940	1	41	112	31	7
UA	Rivnens'ka Oblast'	620791	1	11	68	11	1
UA	Sums'ka Oblast'	955107	0	28	75	25	5
UA	Ternopil's'ka Oblast'	498540	0	6	68	15	3
UA	Unknown	12683775	11	408	1219	261	67
UA	Vinnyts'ka Oblast'	899095	1	32	106	28	4
UA	Volyns'ka Oblast'	430474	1	11	34	7	4
UA	Zakarpattia Oblast	516479	0	19	35	11	9
UA	Zaporizhia	2527430	4	102	313	92	15
UA	Zhytomyrs'ka Oblast'	695976	1	15	95	14	2
UG	Central Region	2733	0	0	0	0	0
UG	Unknown	830	0	0	0	0	0
UG	Western Region	10	0	0	0	0	0
--	Unknown	814667	0	15	37	26	3
US	Alabama	11647	0	1	0	0	0
US	Alaska	3649	0	0	0	0	0
US	Arizona	46079	0	0	2	1	0
US	Arkansas	2171	0	0	0	0	0
US	California	1093825	8	13	59	24	7
US	Colorado	33762	0	2	2	0	1
US	Connecticut	27370	0	0	1	0	0
US	Delaware	30051	0	1	0	0	1
US	District of Columbia	29298	0	3	1	0	0
US	Florida	139809	0	6	7	3	26
US	Georgia	53822	1	3	1	1	3
US	Hawaii	2820	0	1	0	0	0
US	Idaho	3235	0	0	0	0	0
US	Illinois	142286	0	5	2	4	0
US	Indiana	15055	0	2	0	0	0
US	Iowa	9214	0	1	0	0	0
US	Kansas	6885	0	0	2	1	0
US	Kentucky	6412	0	0	0	0	0
US	Louisiana	4968	0	0	0	0	0
US	Maine	5898	0	0	0	0	0
US	Maryland	55570	0	3	2	0	0
US	Massachusetts	127950	0	7	2	2	0
US	Michigan	40650	0	0	1	1	0
US	Minnesota	28636	0	2	0	0	0
US	Mississippi	1459	0	0	0	0	0
US	Missouri	40083	0	0	1	0	0
US	Montana	1530	0	1	0	0	0
US	Nebraska	6402	1	1	0	0	0
US	Nevada	28760	1	0	4	0	0
US	New Hampshire	6206	0	0	0	0	1
US	New Jersey	128072	0	9	2	1	0
US	New Mexico	4623	0	0	0	0	0
US	New York	767857	5	18	27	15	1
US	North Carolina	28001	0	0	1	0	0
US	North Dakota	1671	0	0	0	0	0
US	Ohio	43773	0	3	0	0	0
US	Oklahoma	5690	1	3	2	0	0
US	Oregon	46350	0	2	2	2	0
US	Pennsylvania	80693	0	1	6	0	0
US	Rhode Island	5699	0	0	0	0	0
US	South Carolina	10308	0	0	0	1	0
US	South Dakota	1320	0	0	0	0	0
US	Tennessee	16341	0	0	0	0	0
US	Texas	229608	3	5	6	5	0
US	Unknown	162835	0	6	18	1	1
US	Utah	55464	0	0	0	1	0
US	Vermont	3112	0	0	1	0	0
US	Virginia	1256849	2	6	20	9	2
US	Washington	224905	2	6	11	3	2
US	West Virginia	2965	0	0	0	0	0
US	Wisconsin	18762	0	0	0	0	0
US	Wyoming	3788	0	0	0	0	0
UY	Canelones	61	0	0	0	0	0
UY	Colonia	3	0	0	0	0	0
UY	Departamento de Montevideo	4978	0	0	1	0	0
UY	Departamento de Paysandu	1	0	0	0	0	0
UY	Departamento de Rivera	1	0	0	0	0	0
UY	Departamento de Salto	1	0	0	0	0	0
UY	Departamento de Treinta y Tres	1	0	0	0	0	0
UY	Florida	1	0	0	0	0	0
UY	Maldonado	4	0	0	0	0	0
UY	Soriano	2	0	0	0	0	0
UZ	Andijan	1033	0	0	0	0	0
UZ	Fergana	6104	0	0	0	0	0
UZ	Navoiy Province	623	0	0	0	0	0
UZ	Qashqadaryo	2209	0	0	0	0	0
UZ	Samarqand Viloyati	686	0	0	0	0	0
UZ	Toshkent Shahri	1074399	1	47	52	30	9
UZ	Toshkent Viloyati	11695	0	0	1	0	0
UZ	Unknown	589494	0	14	33	20	9
VA	Unknown	30	0	0	0	0	0
VC	Parish of Saint George	59	0	0	0	0	0
VE	Amazonas	1	0	0	0	0	0
VE	Anzoátegui	391	0	0	0	0	0
VE	Aragua	1499	0	0	0	0	0
VE	Barinas	374	0	1	0	0	0
VE	Bolívar	122	0	0	0	0	0
VE	Capital	5577	0	0	0	0	0
VE	Carabobo	1104	0	0	0	0	0
VE	Cojedes	11	0	0	0	0	0
VE	Estado Trujillo	54	0	0	0	0	0
VE	Falcón	53	0	0	0	0	0
VE	Guárico	83	0	0	0	0	0
VE	Lara	977	0	0	0	0	0
VE	Mérida	264	0	0	0	0	0
VE	Miranda	437	0	0	0	0	0
VE	Monagas	120	0	0	0	0	0
VE	Nueva Esparta	240	0	0	0	0	0
VE	Portuguesa	58	0	0	0	0	0
VE	Sucre	80	0	0	0	0	0
VE	Táchira	312	0	0	0	0	0
VE	Unknown	2144	0	0	0	0	0
VE	Vargas	128	0	0	0	0	0
VE	Yaracuy	34	0	0	0	0	0
VE	Zulia	1552	0	0	0	0	0
VG	Unknown	606	0	0	0	0	0
VI	Saint Croix Island	19	0	0	0	0	0
VI	Saint John Island	1	0	0	0	0	0
VI	Saint Thomas Island	15	0	0	0	0	0
VI	Unknown	27	0	0	0	0	0
VN	An Giang	31	0	0	0	0	0
VN	Gia Lai	145	0	0	0	0	0
VN	Hau Giang	4	0	0	0	0	0
VN	Ho Chi Minh City	24975	0	0	0	0	0
VN	Kon Tum	5	0	0	0	0	0
VN	Long An	71	0	0	0	0	0
VN	Thanh Pho Can Tho	134	0	0	0	0	0
VN	Thanh Pho GJa Nang	3068	0	0	0	0	0
VN	Thanh Pho Hai Phong	377	0	0	0	0	0
VN	Thanh Pho Ha Noi	61581	0	1	4	1	0
VN	Tinh Bac Giang	197	0	0	0	0	0
VN	Tinh Bac Lieu	1	0	0	0	0	0
VN	Tinh Bac Ninh	72	0	0	0	0	0
VN	Tinh Ba Ria-Vung Tau	5395	0	0	1	0	0
VN	Tinh Ben Tre	16	0	0	0	0	0
VN	Tinh Binh Duong	243	0	0	0	0	0
VN	Tinh Binh GJinh	119	0	0	0	0	0
VN	Tinh Binh Phuoc	5	0	0	0	0	0
VN	Tinh Binh Thuan	309	0	0	0	0	0
VN	Tinh Ca Mau	6	0	0	0	0	0
VN	Tinh Cao Bang	18	0	0	0	0	0
VN	Tinh Dien Bien	12	0	0	0	0	0
VN	Tinh GJak Lak	203	0	0	0	0	0
VN	Tinh GJong Nai	207	0	0	0	0	0
VN	Tinh GJong Thap	21	0	0	0	0	0
VN	Tinh Ha Giang	8	0	0	0	0	0
VN	Tinh Hai Duong	71	0	0	0	0	0
VN	Tinh Ha Nam	12	0	0	0	0	0
VN	Tinh Ha Tinh	90	0	0	0	0	0
VN	Tinh Hoa Binh	26	0	0	0	0	0
VN	Tinh Hung Yen	105	0	0	0	0	0
VN	Tinh Khanh Hoa	5330	0	0	0	0	0
VN	Tinh Kien Giang	21	0	0	0	0	0
VN	Tinh Lam GJong	386	0	0	0	0	0
VN	Tinh Lang Son	18	0	0	0	0	0
VN	Tinh Lao Cai	1	0	0	0	0	0
VN	Tinh Nam GJinh	42	0	0	0	0	0
VN	Tinh Nghe An	110	0	0	0	0	0
VN	Tinh Ninh Binh	16	0	0	0	0	0
VN	Tinh Ninh Thuan	10	0	0	0	0	0
VN	Tinh Phu Tho	43	0	0	0	0	0
VN	Tinh Phu Yen	97	0	0	0	0	0
VN	Tinh Quang Binh	17	0	0	0	0	0
VN	Tinh Quang Nam	330	0	0	0	0	0
VN	Tinh Quang Ngai	143	0	0	0	0	0
VN	Tinh Quang Ninh	37	0	0	0	0	0
VN	Tinh Quang Tri	223	0	0	0	0	0
VN	Tinh Soc Trang	9	0	0	0	0	0
VN	Tinh Son La	2	0	0	0	0	0
VN	Tinh Tay Ninh	5	0	0	0	0	0
VN	Tinh Thai Binh	59	0	0	0	0	0
VN	Tinh Thai Nguyen	96	0	0	0	0	0
VN	Tinh Thanh Hoa	213	0	0	0	0	0
VN	Tinh Thua Thien-Hue	171	0	0	0	0	0
VN	Tinh Tien Giang	6	0	0	0	0	0
VN	Tinh Tra Vinh	27	0	0	0	0	0
VN	Tinh Tuyen Quang	9	0	0	0	0	0
VN	Tinh Vinh Long	78	0	0	0	0	0
VN	Tinh Vinh Phuc	19	0	0	0	0	0
VN	Tinh Yen Bai	4	0	0	0	0	0
VN	Unknown	120	0	0	0	0	0
VU	Penama Province	2	0	0	0	0	0
VU	Shefa Province	31	0	0	0	0	0
VU	Unknown	3	0	0	0	0	0
WS	Tuamasaga	2	0	0	0	0	0
XK	Komuna e Decanit	5	0	0	0	0	0
XK	Komuna e Ferizajt	31	0	0	0	0	0
XK	Komuna e Gjilanit	77	0	0	0	0	0
XK	Komuna e Istogut	1	0	0	0	0	0
XK	Komuna e Mitrovices	101	0	0	0	0	0
XK	Komuna e Prishtines	223	0	0	0	0	0
XK	Komuna e Shtimes	3	0	0	0	0	0
XK	Komuna e Skenderajt	4	0	0	0	0	0
XK	Kosovo Polje	8	0	0	0	0	0
XK	Lipjan	2	0	0	0	0	0
XK	Podujevo	1	0	0	0	0	0
XK	Prizren	67	0	0	0	0	0
XK	Vushtrri	8	0	0	0	0	0
YE	Muhafazat Hadramawt	719	0	0	0	0	0
YE	Sanaa	296	0	0	0	0	0
YE	Unknown	2237	0	0	0	0	0
YT	Bandrele	2	0	0	0	0	0
YT	Chiconi	18	0	0	0	0	0
YT	Dembeni	1	0	0	0	0	0
YT	Dzaoudzi	23	0	0	0	0	0
YT	Mamoudzou	95	0	0	0	0	0
YT	Ouangani	2	0	0	0	0	0
YT	Pamandzi	32	0	0	0	0	0
YT	Unknown	15	0	0	0	0	0
ZA	Eastern Cape	417	0	0	0	0	0
ZA	Gauteng	8304	0	1	1	0	0
ZA	KwaZulu-Natal	1104	0	0	0	0	0
ZA	Limpopo	396	0	0	0	0	0
ZA	Mpumalanga	87	0	0	0	0	0
ZA	Northern Cape	278	0	0	0	0	0
ZA	Orange Free State	150	0	0	0	0	0
ZA	Province of North West	158	0	0	0	0	0
ZA	Province of the Western Cape	5080	0	0	1	0	0
ZA	Unknown	14729	0	0	1	0	0
ZM	Central Province	16	0	0	0	0	0
ZM	Copperbelt	81	0	0	0	0	0
ZM	Eastern Province	15	0	0	0	0	0
ZM	Luapula Province	163	0	0	0	0	0
ZM	Lusaka Province	1402	0	0	0	0	0
ZM	Northern Province	7	0	0	0	0	0
ZM	North-Western Province	157	0	0	0	0	0
ZM	Southern Province	2	0	0	0	0	0
ZM	Unknown	722	0	0	0	0	0
ZM	Western Province	77	0	0	0	0	0
ZW	Bulawayo	40	0	0	0	0	0
ZW	Harare	1076	0	0	0	0	0
ZW	Manicaland	2	0	0	0	0	0
ZW	Unknown	939	0	0	0	0	0
