AD	Andorra la Vella	1647	0	0	0	0	0
AD	Canillo	34	0	0	0	0	0
AD	Encamp	98	0	0	0	0	0
AD	Escaldes-Engordany	238	0	0	0	0	0
AD	La Massana	164	0	0	0	0	0
AD	Ordino	24	0	0	0	0	0
AD	Sant Julià de Loria	35	0	0	0	0	0
AD	Unknown	75	0	0	0	0	0
AE	Abu Dhabi	17340	0	1	0	1	0
AE	Ajman	697	0	0	0	0	0
AE	Al Fujayrah	922	0	0	0	0	0
AE	Ash Shariqah	2619	0	0	0	0	0
AE	Dubai	39991	2	1	0	1	0
AE	Ra's al Khaymah	747	0	0	0	0	0
AE	Unknown	4494	0	0	0	0	0
AF	Herat	8	0	0	0	0	0
AF	Kabul	2058	0	0	1	0	0
AF	Kandahar	36	0	0	0	0	0
AF	Nangarhar	1	0	0	0	0	0
AF	Unknown	2850	0	0	0	0	0
AF	Wardak	130	0	0	0	0	0
AF	Zabul	29	0	0	0	0	0
AG	Parish of Saint John	801	0	0	0	0	0
AG	Parish of Saint Mary	4	0	0	0	0	0
AG	Unknown	125	0	0	0	0	0
AI	Unknown	41	0	0	0	0	0
AL	Qarku i Beratit	423	0	0	0	0	0
AL	Qarku i Dibres	98	0	0	0	0	0
AL	Qarku i Durresit	1046	0	0	0	0	0
AL	Qarku i Elbasanit	313	0	0	0	0	0
AL	Qarku i Fierit	228	0	0	0	0	0
AL	Qarku i Gjirokastres	101	0	0	0	0	0
AL	Qarku i Korces	27	0	0	0	0	0
AL	Qarku i Kukesit	68	0	0	0	0	0
AL	Qarku i Lezhes	47	0	0	0	0	0
AL	Qarku i Shkodres	2232	0	0	0	0	0
AL	Qarku i Tiranes	19593	0	0	0	0	0
AL	Qarku i Vlores	514	0	0	0	0	0
AL	Unknown	41539	0	3	1	2	0
AM	Aragatsotn Province	8	0	0	0	0	0
AM	Ararat Province	28	0	0	0	0	0
AM	Armavir Province	115	0	0	0	0	0
AM	Gegharkunik Province	11	0	0	0	0	0
AM	Kotayk Province	408	0	0	0	0	0
AM	Lori Province	67	0	0	0	0	0
AM	Shirak Province	149	0	0	0	0	0
AM	Syunik Province	14	0	0	0	0	0
AM	Tavush Province	2	0	0	0	0	0
AM	Unknown	3138	0	0	0	0	0
AM	Yerevan	17449	0	0	0	2	0
AO	Bengo Province	1	0	0	0	0	0
AO	Benguela	32	0	0	0	0	0
AO	Cabinda	12	0	0	0	0	0
AO	Cuanza Norte Province	17	0	0	0	0	0
AO	Huambo	15	0	0	0	0	0
AO	Huila Province	8	0	0	0	0	0
AO	Kuando Kubango	5	0	0	0	0	0
AO	Kwanza Sul	4	0	0	0	0	0
AO	Luanda Province	2201	0	0	0	0	0
AO	Malanje Province	3	0	0	0	0	0
AO	Namibe Province	2	0	0	0	0	0
AO	Provincia do Bie	90	0	0	0	0	0
AO	Unknown	789	0	0	0	0	0
AO	Zaire	1	0	0	0	0	0
AR	Buenos Aires	30837	0	0	0	0	0
AR	Buenos Aires F.D.	46716	0	0	0	1	0
AR	Chaco	342	0	0	0	0	0
AR	Chubut	462	0	0	0	0	0
AR	Cordoba	7428	0	0	0	0	0
AR	Corrientes	334	0	0	0	0	0
AR	Entre Rios	3960	0	1	1	0	0
AR	Formosa	100	0	0	0	0	0
AR	La Pampa	429	0	0	0	0	0
AR	Mendoza	2269	0	0	0	0	0
AR	Neuquen	925	0	0	0	0	0
AR	Provincia de Catamarca	14	0	0	0	0	0
AR	Provincia de Jujuy	299	0	0	0	0	0
AR	Provincia de La Rioja	205	0	0	0	0	0
AR	Provincia de Misiones	443	0	0	0	0	0
AR	Provincia de San Juan	216	0	0	0	0	0
AR	Provincia de San Luis	391	0	0	0	0	0
AR	Provincia de Tucuman	1189	0	0	0	0	0
AR	Rio Negro	816	0	0	0	0	0
AR	Salta	955	0	0	0	0	0
AR	Santa Cruz	683	0	0	0	0	0
AR	Santa Fe	3787	1	0	0	0	0
AR	Santiago del Estero	466	0	0	0	0	0
AR	Tierra del Fuego	565	0	0	0	0	0
AR	Unknown	8556	1	0	0	0	0
AS	Eastern District	46	0	0	0	0	0
AS	Unknown	1	0	0	0	0	0
AT	Burgenland	493804	9	35	8	8	2
AT	Carinthia	1158497	15	43	39	28	10
AT	Lower Austria	3230491	62	190	90	88	25
AT	Salzburg	1786934	30	114	52	67	13
AT	Styria	3563654	78	172	108	121	30
AT	Tyrol	2197000	41	129	60	87	19
AT	Unknown	5499172	81	308	424	189	54
AT	Upper Austria	3815200	74	190	2519	118	17
AT	Vienna	11975646	192	530	339	370	86
AT	Vorarlberg	1113841	26	43	63	16	7
AU	Australian Capital Territory	5765	0	0	0	0	0
AU	New South Wales	75496	0	1	0	0	0
AU	Northern Territory	768	0	0	0	0	0
AU	Queensland	45524	0	0	1	1	0
AU	South Australia	18790	0	1	0	0	0
AU	Tasmania	2921	0	0	0	0	0
AU	Unknown	3729	0	2	0	0	0
AU	Victoria	49285	0	1	0	0	1
AU	Western Australia	23568	0	0	1	3	0
AW	Unknown	966	0	0	0	0	0
AX	Alands landsbygd	40	0	0	0	0	0
AX	Mariehamns stad	696	0	0	0	0	0
AX	Unknown	233	0	0	0	0	0
AZ	Absheron Rayon	58	0	0	0	0	0
AZ	Baku City	21212	0	3	0	1	0
AZ	Ganja City	21	0	0	0	0	0
AZ	Imishli Rayon	6	0	0	0	0	0
AZ	Khachmaz Rayon	1	0	0	0	0	0
AZ	Masally	2	0	0	0	0	0
AZ	Nakhichevan	200	0	0	0	0	0
AZ	Qusar Rayon	34	0	0	0	0	0
AZ	Sumqayit City	497	0	0	0	0	0
AZ	Unknown	2386	0	0	0	1	0
BA	Brčko	2343	0	0	0	0	0
BA	Federation of Bosnia and Herzegovina	93307	2	0	1	7	2
BA	Republika Srpska	25583	0	0	0	1	0
BA	Unknown	9409	0	2	0	0	0
BB	Christ Church	8	0	0	0	0	0
BB	Saint George	10	0	0	0	0	0
BB	Saint James	46	0	0	0	0	0
BB	Saint Lucy	56	0	0	0	0	0
BB	Saint Michael	2889	0	0	0	0	0
BB	Saint Philip	49	0	0	0	0	0
BB	Saint Thomas	5	0	0	0	0	0
BB	Unknown	16	0	0	0	0	0
BD	Chittagong	482	0	0	0	0	0
BD	Dhaka Division	7974	0	0	0	1	0
BD	Khulna Division	54	0	0	0	0	0
BD	Rajshahi Division	49	0	0	0	0	0
BD	Rangpur Division	13	0	0	0	0	0
BD	Sylhet Division	39	0	0	0	0	0
BD	Unknown	1299	0	0	0	1	0
BE	Antwerp Province	33	0	0	0	0	0
BE	Brussels Capital	180457	4	5	2	5	0
BE	East Flanders Province	17	0	0	0	0	0
BE	Flanders	283239	4	6	3	3	1
BE	Hainaut Province	1	0	0	0	0	0
BE	Unknown	179015	4	0	3	3	3
BE	Wallonia	197641	1	6	7	8	0
BE	West Flanders Province	28	0	0	0	0	0
BF	Centre	901	0	0	0	0	0
BF	High-Basins Region	21	0	0	0	0	0
BF	Southwest Region	5	0	0	0	0	0
BF	Unknown	161	0	0	0	0	0
BG	Blagoevgrad	4001	0	0	0	0	0
BG	Burgas	8239	0	0	1	0	0
BG	Gabrovo	2599	0	0	0	0	0
BG	Lovech	1484	0	0	0	0	0
BG	Oblast Dobrich	3162	0	0	0	0	0
BG	Oblast Khaskovo	2788	0	1	0	0	0
BG	Oblast Kurdzhali	1846	0	0	0	0	0
BG	Oblast Kyustendil	715	0	0	0	0	0
BG	Oblast Montana	1441	0	0	0	0	0
BG	Oblast Pleven	3042	0	1	0	0	0
BG	Oblast Razgrad	942	0	0	0	0	0
BG	Oblast Ruse	4883	0	0	0	0	0
BG	Oblast Shumen	1758	0	0	0	0	0
BG	Oblast Silistra	1323	0	0	0	0	0
BG	Oblast Sliven	1883	0	0	0	0	0
BG	Oblast Smolyan	833	0	0	0	0	0
BG	Oblast Stara Zagora	5733	0	0	0	0	0
BG	Oblast Turgovishte	760	2	0	0	0	0
BG	Oblast Veliko Turnovo	4368	0	0	0	0	0
BG	Oblast Vidin	786	0	0	0	0	0
BG	Oblast Vratsa	1445	0	0	0	0	0
BG	Oblast Yambol	1020	0	0	0	0	0
BG	Pazardzhik	3478	0	0	0	0	0
BG	Pernik	1288	0	0	0	0	0
BG	Plovdiv	15728	0	0	0	1	0
BG	Sofia-Capital	99406	1	4	0	3	1
BG	Sofiya	1582	0	0	0	0	0
BG	Unknown	22386	6	0	0	0	0
BG	Varna	22810	0	1	2	1	0
BH	Central Governorate	36	0	0	0	0	0
BH	Manama	2136	0	0	0	0	0
BH	Muharraq	74	0	0	0	0	0
BH	Southern Governorate	56	0	0	0	0	0
BH	Unknown	806	0	0	0	0	0
BI	Bujumbura Mairie Province	212	0	0	0	0	0
BI	Unknown	112	0	0	0	0	0
BJ	Atlantique Department	5	0	0	0	0	0
BJ	Borgou Department	1	0	0	0	0	0
BJ	Departement de l'Oueme	9	0	0	0	0	0
BJ	Littoral	1917	0	0	0	0	0
BJ	Unknown	289	0	0	0	0	0
BL	Unknown	162	0	0	0	0	0
BM	Hamilton city	371	0	0	0	0	0
BM	Saint George	6	0	0	0	0	0
BM	Unknown	1	0	0	0	0	0
BN	Belait District	65	0	0	0	0	0
BN	Brunei and Muara District	1032	0	0	0	0	0
BN	Tutong District	49	0	0	0	0	0
BN	Unknown	20	0	0	0	0	0
BO	Departamento de Chuquisaca	425	0	0	0	0	0
BO	Departamento de Cochabamba	2138	0	0	0	0	0
BO	Departamento de La Paz	7934	1	0	1	1	0
BO	Departamento de Pando	1	0	0	0	0	0
BO	Departamento de Potosi	285	0	0	0	0	0
BO	Departamento de Santa Cruz	1034	0	0	0	0	0
BO	Departamento de Tarija	141	0	0	0	0	0
BO	El Beni	2311	0	0	0	0	0
BO	Oruro	154	0	0	0	0	0
BO	Unknown	24	0	0	0	0	0
BQ	Bonaire	446	0	0	0	0	0
BQ	Saba	55	0	0	0	0	0
BQ	Sint Eustatius	8	0	0	0	0	0
BQ	Unknown	113	0	0	0	0	0
BR	Acre	169	0	0	0	0	0
BR	Alagoas	1332	0	0	0	0	0
BR	Amapa	114	0	0	0	0	0
BR	Amazonas	1978	1	0	0	0	0
BR	Bahia	11370	0	0	0	0	0
BR	Ceara	2207	0	0	0	0	0
BR	Espirito Santo	3865	0	0	0	0	0
BR	Federal District	7839	0	0	0	0	0
BR	Goias	3863	0	0	0	0	0
BR	Maranhao	2227	0	0	0	0	0
BR	Mato Grosso	1482	0	0	0	0	0
BR	Mato Grosso do Sul	12347	0	0	0	0	0
BR	Minas Gerais	21156	0	0	0	0	0
BR	Para	4193	0	0	0	0	0
BR	Paraíba	2501	0	0	0	0	0
BR	Parana	20386	0	0	0	1	0
BR	Pernambuco	9280	0	0	0	0	0
BR	Piaui	8028	0	0	0	1	0
BR	Rio de Janeiro	43835	0	0	0	0	0
BR	Rio Grande do Norte	9161	0	0	0	0	0
BR	Rio Grande do Sul	34744	0	0	0	0	0
BR	Rondonia	4765	0	0	0	0	0
BR	Roraima	14	0	0	0	0	0
BR	Santa Catarina	17846	3	2	0	0	0
BR	Sao Paulo	109268	0	1	1	1	0
BR	Sergipe	1902	0	0	0	0	0
BR	Tocantins	1051	0	0	0	0	0
BR	Unknown	20439	0	0	0	0	0
BS	Central Abaco District	34	0	0	0	0	0
BS	City of Freeport District	265	0	0	0	0	0
BS	Harbour Island	15	0	0	0	0	0
BS	New Providence District	1233	0	0	1	0	0
BS	North Andros District	4	0	0	0	0	0
BS	Unknown	5	0	0	0	0	0
BT	Thimphu Dzongkhag	400	0	0	0	0	0
BT	Unknown	25	0	0	0	0	0
BW	Central District	25	0	0	0	0	0
BW	North East District	41	0	0	0	0	0
BW	North West District	15	0	0	0	0	0
BW	South East District	853	0	0	0	0	0
BW	Unknown	106	0	0	0	0	0
BY	Brest	2966	0	0	0	0	0
BY	Gomel	2109	0	0	0	0	1
BY	Grodnenskaya	4036	0	0	0	0	0
BY	Minsk	39590	2	1	1	1	0
BY	Mogilev	2040	0	0	0	0	0
BY	Unknown	3776	0	0	0	0	0
BY	Vitebsk	3197	0	0	0	0	0
BZ	Belize District	276	0	0	0	0	0
BZ	Cayo District	87	0	0	0	0	0
BZ	Corozal District	18	0	0	0	0	0
BZ	Orange Walk District	33	0	0	0	0	0
BZ	Stann Creek District	25	0	0	0	0	0
BZ	Toledo District	6	0	0	0	0	0
BZ	Unknown	156	0	0	0	0	0
CA	Alberta	32212	0	1	2	1	0
CA	British Columbia	73811	2	4	3	1	0
CA	Manitoba	10278	0	0	0	0	0
CA	New Brunswick	5006	0	0	0	0	0
CA	Newfoundland and Labrador	1994	0	0	0	0	0
CA	Northwest Territories	178	0	0	0	0	0
CA	Nova Scotia	10398	0	0	1	0	0
CA	Nunavut	39	0	0	0	0	0
CA	Ontario	152956	1	5	0	2	0
CA	Prince Edward Island	863	0	0	0	1	0
CA	Quebec	400113	3	7	0	5	1
CA	Saskatchewan	5725	0	0	3	0	0
CA	Unknown	10991	0	0	0	0	0
CA	Yukon	665	0	0	0	0	0
CC	Unknown	3	0	0	0	0	0
CD	Katanga Province	77	0	0	0	0	0
CD	Kinshasa City	642	0	0	0	0	0
CD	Nord Kivu	4	0	0	0	0	0
CD	South Kivu Province	32	0	0	0	0	0
CD	Unknown	812	0	0	0	0	0
CF	Unknown	456	0	0	0	0	0
CG	Commune de Brazzaville	94	0	0	0	0	0
CG	Unknown	198	0	0	0	0	0
CH	Aargau	1561562	45	80	36	70	12
CH	Appenzell Ausserrhoden	82214	11	0	1	1	1
CH	Appenzell Innerrhoden	16151	0	1	0	0	0
CH	Basel-City	1120150	44	62	25	72	14
CH	Basel-Landschaft	844761	29	36	20	46	1
CH	Bern	2738930	76	110	55	90	22
CH	Fribourg	291075	16	27	7	10	0
CH	Geneva	436471	12	17	6	12	3
CH	Glarus	26158	0	1	0	0	0
CH	Grisons	338472	5	13	6	8	1
CH	Jura	17602	0	1	3	1	0
CH	Lucerne	1107692	46	28	13	17	3
CH	Neuchâtel	52921	1	2	1	0	0
CH	Nidwalden	87424	3	1	1	3	2
CH	Obwalden	37128	0	0	1	2	3
CH	Saint Gallen	1314004	30	40	28	32	7
CH	Schaffhausen	170327	10	10	12	23	5
CH	Schwyz	311658	9	10	4	2	3
CH	Solothurn	654926	32	27	18	14	2
CH	Thurgau	458747	12	17	10	15	0
CH	Ticino	143598	1	13	4	2	0
CH	Unknown	5283263	146	206	165	150	36
CH	Uri	21307	0	1	0	1	0
CH	Valais	115646	6	2	3	4	1
CH	Vaud	611659	12	26	12	13	3
CH	Zug	464603	7	17	8	12	4
CH	Zurich	7544901	151	359	183	213	36
CI	Lagunes	3978	0	0	0	0	0
CI	Unknown	2445	0	0	0	0	0
CK	Unknown	236	0	0	0	0	0
CL	Antofagasta	1088	0	0	0	0	0
CL	Atacama	168	0	0	0	0	0
CL	Aysen	162	0	0	0	0	0
CL	Coquimbo	1399	0	0	0	0	0
CL	Los Lagos	2759	0	0	1	0	0
CL	Maule	1474	0	0	0	0	0
CL	Region de Arica y Parinacota	367	0	0	0	0	0
CL	Region de la Araucania	2147	0	0	0	0	0
CL	Region del Biobio	7070	0	0	0	0	0
CL	Region del Libertador General Bernardo O'Higgins	784	0	0	0	0	0
CL	Region de Los Rios	3180	0	2	0	0	0
CL	Region de Magallanes y de la Antartica Chilena	828	0	0	0	0	0
CL	Region de Valparaiso	9434	0	0	0	0	0
CL	Santiago Metropolitan	53770	0	0	1	0	0
CL	Tarapacá	806	0	0	0	0	0
CL	Unknown	1824	0	0	0	0	0
CM	Adamaoua	6	0	0	0	0	0
CM	Centre	1688	0	0	0	0	0
CM	Littoral	1361	0	0	0	0	0
CM	North Region	195	0	0	0	0	0
CM	North-West Region	11	0	0	0	0	0
CM	South-West Region	136	0	0	0	0	0
CM	Unknown	2901	1	0	0	0	0
CM	West	50	0	0	0	0	0
CN	Anhui Sheng	28107	0	0	0	1	0
CN	Beijing Shi	180929	1	3	4	1	0
CN	Chongqing Shi	22797	1	0	0	0	0
CN	Fujian	53239	0	1	77	0	0
CN	Gansu Sheng	3160	0	0	0	0	0
CN	Guangdong	204360	1	1	6	0	0
CN	Guangxi Zhuangzu Zizhiqu	12319	0	0	13	0	0
CN	Guizhou Sheng	13669	0	0	0	0	0
CN	Hainan	1685	0	0	0	0	0
CN	Hebei	30325	0	0	0	0	0
CN	Heilongjiang Sheng	12694	0	0	0	0	0
CN	Henan Sheng	50688	0	0	1	0	0
CN	Hubei	20757	0	0	0	0	0
CN	Hunan	31978	0	0	0	0	0
CN	Inner Mongolia	16980	0	0	0	0	0
CN	Jiangsu Sheng	76477	3	1	2	0	0
CN	Jiangxi Sheng	28519	0	0	1	1	0
CN	Jilin Sheng	23867	0	0	0	0	0
CN	Liaoning	32770	0	0	1	0	0
CN	Ningxia Huizu Zizhiqu	849	0	0	0	0	0
CN	Qinghai Sheng	527	0	0	0	0	0
CN	Shaanxi	15825	0	0	0	0	0
CN	Shandong Sheng	40647	0	0	0	0	0
CN	Shanghai Shi	90270	1	2	0	0	1
CN	Shanxi Sheng	6222	0	0	0	0	0
CN	Sichuan Sheng	15974	0	0	0	0	0
CN	Tianjin Shi	13658	0	0	0	0	0
CN	Tibet Autonomous Region	121	0	0	0	0	0
CN	Unknown	113955	0	1	2	0	0
CN	Xinjiang Uygur Zizhiqu	30627	0	0	0	0	0
CN	Yunnan	62129	0	0	0	0	0
CN	Zhejiang Sheng	1014154	0	0	0	0	0
CO	Antioquia	19475	0	0	0	1	0
CO	Atlántico	1183	0	0	0	0	0
CO	Bogota D.C.	35870	0	1	1	2	0
CO	Cundinamarca	452	0	0	0	0	0
CO	Departamento de Bolivar	540	0	0	0	0	0
CO	Departamento de Boyaca	101	0	0	0	0	0
CO	Departamento de Caldas	508	0	0	0	0	0
CO	Departamento de Casanare	62	0	0	0	0	0
CO	Departamento de Cordoba	196	0	0	0	0	0
CO	Departamento de La Guajira	35	0	0	0	0	0
CO	Departamento del Cauca	6	0	0	0	0	0
CO	Departamento del Cesar	30	0	0	0	0	0
CO	Departamento del Huila	50	0	0	0	0	0
CO	Departamento del Magdalena	208	0	0	0	0	0
CO	Departamento del Meta	134	0	0	0	0	0
CO	Departamento del Valle del Cauca	4455	0	0	0	0	0
CO	Departamento de Narino	107	0	0	0	0	0
CO	Departamento de Norte de Santander	154	0	0	0	0	0
CO	Departamento de Risaralda	1451	0	0	0	0	0
CO	Departamento de Santander	1115	0	0	0	0	0
CO	Departamento de Sucre	59	0	0	0	0	0
CO	Departamento de Tolima	187	0	0	0	0	0
CO	Providencia y Santa Catalina, Departamento de Archipielago de San Andres	34	0	0	0	0	0
CO	Quindio Department	578	0	0	0	0	0
CO	Unknown	9010	0	0	0	0	0
CR	Provincia de Alajuela	2625	0	0	0	1	0
CR	Provincia de Cartago	2160	0	0	0	0	0
CR	Provincia de Guanacaste	1087	0	0	0	0	0
CR	Provincia de Heredia	1834	0	0	0	0	0
CR	Provincia de Limon	67	0	0	0	0	0
CR	Provincia de Puntarenas	362	0	0	0	0	0
CR	Provincia de San Jose	13495	0	1	0	0	0
CR	Unknown	1407	0	0	0	0	0
CU	Artemisa	1	0	0	0	0	0
CU	Las Tunas	1	0	0	0	0	0
CU	Provincia de Camagueey	2187	0	0	0	0	0
CU	Provincia de Ciego de Avila	161	0	0	0	0	0
CU	Provincia de Guantanamo	1	0	0	0	0	0
CU	Provincia de Matanzas	136	0	0	0	0	0
CU	Provincia de Santiago de Cuba	6	0	0	0	0	0
CU	Unknown	135	0	0	0	0	0
CV	Concelho de Ribeira Grande de Santiago	9	0	0	0	0	0
CV	Concelho de Sao Domingos	662	0	0	0	0	0
CV	Concelho de Sao Vicente	1	0	0	0	0	0
CV	Unknown	1195	0	0	0	0	0
CW	Unknown	2432	0	0	0	0	0
CX	Unknown	3	0	0	0	0	0
CY	Ammochostos	22	0	0	0	0	0
CY	Keryneia	174	0	0	0	0	0
CY	Larnaka	755	0	0	0	0	0
CY	Lefkosia	8097	0	0	1	0	0
CY	Limassol	5183	0	0	1	0	0
CY	Pafos	1003	0	0	0	0	0
CY	Unknown	5879	0	1	1	0	0
CZ	Central Bohemia	32680	0	0	0	0	1
CZ	Hlavni mesto Praha	215697	5	4	3	2	0
CZ	Jihocesky kraj	26643	0	0	0	0	0
CZ	Karlovarsky kraj	13373	0	0	1	0	0
CZ	Kraj Vysocina	12069	0	0	1	0	0
CZ	Kralovehradecky kraj	14447	0	0	0	0	0
CZ	Liberecky kraj	17040	0	0	0	0	0
CZ	Moravskoslezsky kraj	28291	0	0	0	1	0
CZ	Olomoucky kraj	20059	0	1	1	0	0
CZ	Pardubicky kraj	12439	0	0	0	0	0
CZ	Plzensky kraj	24255	0	0	0	1	0
CZ	South Moravian	65519	0	2	0	0	0
CZ	Unknown	90917	2	1	0	2	1
CZ	Ustecky kraj	25031	0	1	0	3	0
CZ	Zlín	16738	0	0	0	0	0
DE	Baden-Württemberg Region	40418703	792	2004	1215	1360	212
DE	Bavaria	44384068	730	2029	1353	1290	287
DE	Brandenburg	3185810	72	186	87	95	27
DE	Bremen	3967619	80	167	161	116	31
DE	Hamburg	13686912	253	639	411	334	62
DE	Hesse	24846766	538	1189	948	845	176
DE	Land Berlin	24637287	446	1116	786	783	189
DE	Lower Saxony	22715514	443	1214	663	635	150
DE	Mecklenburg-Vorpommern	3091088	75	205	98	81	22
DE	North Rhine-Westphalia	61532089	1056	3452	2257	1849	404
DE	Rheinland-Pfalz	12086615	189	590	503	478	85
DE	Saarland	2912596	55	231	96	71	17
DE	Saxony	13186819	269	716	352	414	97
DE	Saxony-Anhalt	4509496	81	274	120	130	37
DE	Schleswig-Holstein	7144613	169	399	249	192	45
DE	Thuringia	5288628	147	279	182	203	41
DE	Unknown	47675388	715	2276	1599	1174	253
DJ	Unknown	670	0	0	0	0	0
DK	Capital Region	198142	6	5	5	5	1
DK	Central Jutland	108279	1	2	2	4	0
DK	North Denmark	32562	0	1	1	1	0
DK	South Denmark	140497	2	0	6	9	0
DK	Unknown	87305	0	3	1	14	0
DK	Zealand	36586	0	3	1	2	0
DM	Saint Andrew	1	0	0	0	0	0
DM	Saint George	215	0	0	0	0	0
DM	Saint John	15	0	0	0	0	0
DM	Unknown	8	0	0	0	0	0
DO	Nacional	16776	0	0	1	0	0
DO	Provincia de La Altagracia	57	0	0	0	0	0
DO	Provincia de La Romana	376	0	0	0	0	0
DO	Provincia de La Vega	66	0	0	0	0	0
DO	Provincia de Monte Cristi	27	0	0	0	0	0
DO	Provincia de Pedernales	3	0	0	0	0	0
DO	Provincia de Peravia	2	0	0	0	0	0
DO	Provincia de San Cristobal	114	0	0	0	0	0
DO	Provincia de San Jose de Ocoa	185	0	0	0	0	0
DO	Provincia de San Juan	1	0	0	0	0	0
DO	Provincia de San Pedro de Macoris	67	0	0	0	0	0
DO	Provincia de Santiago	1585	0	0	0	0	0
DO	Provincia de Santo Domingo	296	0	0	0	0	0
DO	Provincia de Valverde	1	0	0	0	0	0
DO	Provincia Duarte	2	0	0	0	0	0
DO	Provincia Espaillat	21	0	0	0	0	0
DO	Puerto Plata	23	0	0	0	0	0
DO	Samaná	3	0	0	0	0	0
DO	Unknown	146	0	0	0	0	0
DZ	Adrar	1	0	0	0	0	0
DZ	Annaba	258	0	0	0	0	0
DZ	El Oued	27	0	0	0	0	0
DZ	El Tarf	1	0	0	0	0	0
DZ	Oran	593	0	0	0	0	0
DZ	Unknown	23479	3	0	0	0	0
DZ	Wilaya d' Alger	10906	0	0	1	0	0
DZ	Wilaya de Ain Defla	3	0	0	0	0	0
DZ	Wilaya de Batna	237	0	0	0	0	0
DZ	Wilaya de Bechar	902	0	0	0	0	0
DZ	Wilaya de Bejaia	79	0	0	0	0	0
DZ	Wilaya de Biskra	42	0	0	0	0	0
DZ	Wilaya de Blida	326	0	0	0	0	0
DZ	Wilaya de Bordj Bou Arreridj	15	0	0	0	0	0
DZ	Wilaya de Bouira	90	0	0	0	0	0
DZ	Wilaya de Boumerdes	24	0	0	0	0	0
DZ	Wilaya de Chlef	1226	0	0	0	0	0
DZ	Wilaya de Constantine	197	0	0	0	0	0
DZ	Wilaya de Djelfa	551	0	0	0	0	0
DZ	Wilaya de Ghardaia	10	0	0	0	0	0
DZ	Wilaya de Guelma	72	0	0	0	0	0
DZ	Wilaya de Jijel	9	0	0	0	0	0
DZ	Wilaya de Laghouat	77	0	0	0	0	0
DZ	Wilaya de Mascara	108	0	0	0	0	0
DZ	Wilaya de Medea	13	0	0	0	0	0
DZ	Wilaya de Mila	9	0	0	0	0	0
DZ	Wilaya de Mostaganem	7	0	0	0	0	0
DZ	Wilaya de Ouargla	873	0	0	0	0	0
DZ	Wilaya de Relizane	31	0	0	0	0	0
DZ	Wilaya de Saida	132	0	0	0	0	0
DZ	Wilaya de Setif	264	0	0	0	0	0
DZ	Wilaya de Sidi Bel Abbes	42	0	0	0	0	0
DZ	Wilaya de Skikda	31	0	0	0	0	0
DZ	Wilaya de Souk Ahras	3	0	0	0	0	0
DZ	Wilaya de Tamanrasset	34	0	0	0	0	0
DZ	Wilaya de Tebessa	4	0	0	0	0	0
DZ	Wilaya de Tiaret	490	0	0	0	0	0
DZ	Wilaya de Tipaza	544	0	0	0	0	0
DZ	Wilaya de Tissemsilt	17	0	0	0	0	0
DZ	Wilaya de Tizi Ouzou	1450	0	0	0	1	0
DZ	Wilaya de Tlemcen	267	0	0	0	0	0
EC	Provincia de Cotopaxi	12	0	0	0	0	0
EC	Provincia de El Oro	191	0	0	0	0	0
EC	Provincia de Esmeraldas	145	0	0	0	0	0
EC	Provincia de Francisco de Orellana	6	0	0	0	0	0
EC	Provincia de Imbabura	409	0	0	0	0	0
EC	Provincia del Azuay	2680	0	0	0	0	0
EC	Provincia del Canar	41	0	0	0	0	0
EC	Provincia del Carchi	2	0	0	0	0	0
EC	Provincia del Chimborazo	129	0	0	0	0	0
EC	Provincia del Guayas	11522	1	0	0	0	0
EC	Provincia de Loja	527	0	0	0	0	0
EC	Provincia de Los Rios	96	0	0	0	0	0
EC	Provincia del Pastaza	44	0	0	0	0	0
EC	Provincia del Tungurahua	1007	0	0	0	0	0
EC	Provincia de Manabi	824	0	0	0	0	0
EC	Provincia de Morona-Santiago	27	0	0	0	0	0
EC	Provincia de Napo	4	0	0	0	0	0
EC	Provincia de Pichincha	19740	1	2	1	0	0
EC	Provincia de Santa Elena	39	0	0	0	0	0
EC	Provincia de Santo Domingo de los Tsachilas	451	0	0	0	0	0
EC	Provincia de Sucumbios	84	0	0	0	0	0
EC	Provincia de Zamora-Chinchipe	1	0	0	0	0	0
EC	Unknown	950	0	0	0	0	0
EE	Harjumaa	90745	2	0	0	1	0
EE	Hiiumaa	191	0	0	0	0	0
EE	Ida-Virumaa	1874	0	1	0	0	0
EE	Järvamaa	1441	0	0	0	0	0
EE	Jõgevamaa	370	0	0	0	0	0
EE	Lääne	385	0	0	0	0	0
EE	Lääne-Virumaa	936	0	0	0	0	0
EE	Pärnumaa	1733	0	0	0	0	0
EE	Põlvamaa	481	0	0	0	0	0
EE	Raplamaa	762	0	0	0	0	0
EE	Saare	718	0	0	0	0	0
EE	Tartu	13661	0	0	0	0	0
EE	Unknown	7252	0	1	0	1	0
EE	Valgamaa	863	0	0	0	0	0
EE	Viljandimaa	1315	0	0	0	0	0
EE	Võrumaa	1127	0	0	0	0	0
EG	Alexandria	4065	0	0	0	0	0
EG	As Suways	199	0	0	0	0	0
EG	Beheira Governorate	85	0	0	0	0	0
EG	Eastern Province	181	0	0	0	0	0
EG	Ismailia Governorate	152	0	0	0	0	0
EG	Kafr ash Shaykh	23	0	0	0	0	0
EG	Luxor	270	0	0	0	0	0
EG	Muhafazat ad Daqahliyah	638	0	0	0	0	0
EG	Muhafazat al Fayyum	77	0	0	0	0	0
EG	Muhafazat al Gharbiyah	1326	0	0	1	0	0
EG	Muhafazat al Jizah	5044	0	0	0	0	0
EG	Muhafazat al Minufiyah	14	0	0	0	0	0
EG	Muhafazat al Minya	253	0	0	0	0	0
EG	Muhafazat al Qahirah	54209	0	1	1	4	3
EG	Muhafazat al Qalyubiyah	229	0	0	0	1	0
EG	Muhafazat Aswan	225	0	0	0	0	0
EG	Muhafazat Asyut	237	0	0	0	0	0
EG	Muhafazat Bani Suwayf	29	0	0	0	0	0
EG	Muhafazat Bur Sa`id	127	0	0	0	0	0
EG	Muhafazat Dumyat	114	0	0	0	0	0
EG	Muhafazat Qina	130	0	0	0	0	0
EG	Muhafazat Suhaj	49	0	0	0	0	0
EG	Red Sea	417	0	0	0	0	0
EG	South Sinai	23	0	0	0	0	0
EG	Unknown	16731	0	2	0	0	0
ER	Maekel Region	1	0	0	0	0	0
ER	Unknown	36	0	0	0	0	0
ES	Andalusia	136021	2	6	1	1	0
ES	Aragon	13176	0	0	0	0	1
ES	Balearic Islands	78927	2	4	1	5	1
ES	Basque Country	25051	0	0	0	0	0
ES	Canary Islands	109139	1	4	6	2	0
ES	Cantabria	5185	0	0	0	0	0
ES	Castille and León	26271	0	3	0	0	0
ES	Castille-La Mancha	9155	0	0	0	0	0
ES	Catalonia	194271	3	3	0	4	6
ES	Ceuta	415	0	0	0	0	0
ES	Extremadura	4244	0	0	0	0	0
ES	Galicia	25352	0	0	0	0	0
ES	La Rioja	1951	0	0	0	0	0
ES	Madrid	178107	1	1	3	1	0
ES	Melilla	102	0	0	0	0	0
ES	Murcia	13955	1	0	2	0	0
ES	Navarre	6623	0	0	0	0	0
ES	Principality of Asturias	11704	0	0	0	0	0
ES	Unknown	107082	2	3	4	2	0
ES	Valencia	128906	6	11	3	1	2
ET	Adis Abeba Astedader	2040	0	0	0	0	0
ET	Afar Region	312	0	1	0	0	0
ET	Amhara	29	0	0	0	0	0
ET	Bīnshangul Gumuz	653	0	0	0	0	0
ET	Dire Dawa	75	0	0	0	0	0
ET	Gambela	92	0	0	0	0	0
ET	Harari Region	985	0	0	0	0	0
ET	Oromiya	203	0	0	0	0	0
ET	Somali	131	0	0	0	0	0
ET	Southern Nations, Nationalities, and People's Region	7	0	0	0	0	0
ET	Tigray	159	0	0	0	0	0
ET	Unknown	1737	0	0	0	0	0
FI	Central Finland	1544	0	0	0	0	0
FI	Central Ostrobothnia	770	0	0	0	0	0
FI	Eastern Finland	3511	0	0	0	0	0
FI	Haeme	2838	0	0	0	0	0
FI	Kainuu	1115	0	0	0	0	0
FI	Kymenlaakso	2254	0	0	0	0	0
FI	Lapland	4384	0	0	1	0	0
FI	Lapponia	6939	0	0	1	0	0
FI	Northern Ostrobothnia	10322	0	0	0	0	0
FI	Northern Savo	3295	0	0	0	0	0
FI	North Karelia	4329	0	0	0	0	0
FI	Ostrobothnia	2215	0	0	0	0	0
FI	Oulu	481	0	0	0	0	0
FI	Päijänne Tavastia	3061	0	0	0	0	0
FI	Pirkanmaa	11435	1	0	0	0	0
FI	Satakunta	4372	0	0	0	0	0
FI	Southern Finland	11539	0	2	0	0	0
FI	Southern Ostrobothnia	622	0	0	0	0	0
FI	Southern Savonia	2290	0	0	0	0	0
FI	South Karelia	4089	0	0	0	0	0
FI	Southwest Finland	18200	0	0	0	0	0
FI	Unknown	69786	1	2	0	2	0
FI	Uusimaa	107605	4	0	2	2	0
FI	Western Finland	3759	0	0	0	0	0
FJ	Central	1606	0	0	0	0	0
FJ	Unknown	242	0	0	0	0	0
FJ	Western	15	0	0	0	0	0
FK	Unknown	33	0	0	0	0	0
FM	Unknown	76	0	0	0	0	0
FO	Eysturoy	56	0	0	0	0	0
FO	Norðoyar	64	0	0	0	0	0
FO	Streymoy	1474	0	0	0	0	0
FO	Suðuroy	16	0	0	0	0	0
FO	Unknown	196	0	0	0	0	0
FO	Vágar	9	0	0	0	0	0
FR	Alsace	221823	4	5	8	6	0
FR	Aquitaine	49994	1	0	2	0	0
FR	Auvergne	16345	0	0	0	0	0
FR	Bourgogne	28503	1	1	0	0	0
FR	Brittany	52224	1	2	0	1	0
FR	Centre	32194	0	0	2	0	0
FR	Champagne-Ardenne	18817	0	0	1	0	0
FR	Corsica	2330	0	0	0	0	0
FR	Franche-Comté	19756	0	0	0	0	0
FR	Haute-Normandie	22176	0	0	0	0	0
FR	Île-de-France	751117	5	34	15	9	3
FR	Languedoc-Roussillon	53776	0	0	0	1	0
FR	Limousin	5507	0	0	0	0	0
FR	Lorraine	126656	0	21	4	2	2
FR	Lower Normandy	18248	0	0	5	0	0
FR	Midi-Pyrénées	59255	1	0	1	0	3
FR	Nord-Pas-de-Calais	72604	0	0	1	1	0
FR	Pays de la Loire	48221	4	1	2	0	0
FR	Picardie	23144	1	1	6	1	0
FR	Poitou-Charentes	24191	0	0	0	1	0
FR	Provence-Alpes-Côte d'Azur	134403	1	2	4	3	1
FR	Rhône-Alpes	153250	1	3	4	1	0
FR	Unknown	471814	2	8	9	6	4
GA	Estuaire	545	0	0	0	0	0
GA	Province de l'Ogooue-Maritime	3	0	0	0	0	0
GA	Province du Haut-Ogooue	1	0	0	0	0	0
GA	Unknown	256	0	0	0	0	0
GB	Aberdeenshire	4	0	0	0	0	0
GB	City of London	23	0	0	0	0	0
GB	Dorset	12	0	0	0	0	0
GB	East Sussex	8	0	0	0	0	0
GB	England	1397725	11	31	50	19	10
GB	Gwynedd	2	0	0	0	0	0
GB	Harrow	1	0	0	0	0	0
GB	Highland	7	0	0	0	0	0
GB	Kent	5	0	0	0	0	0
GB	Lancashire	10	0	0	0	0	0
GB	Midlothian	7	0	0	0	0	0
GB	Northern Ireland	12237	0	0	1	0	0
GB	Nottinghamshire	286	0	0	0	0	0
GB	Orkney Islands	2	0	0	0	0	0
GB	Renfrewshire	11	0	0	0	0	0
GB	Rhondda Cynon Taf	4	0	0	0	0	0
GB	Scotland	107413	1	6	0	1	1
GB	Shetland Islands	1	0	0	0	0	0
GB	Somerset	34	0	0	0	0	0
GB	South Ayrshire	1	0	0	0	0	0
GB	Surrey	1	0	0	0	0	0
GB	Unknown	633549	3	21	20	17	4
GB	Wales	31049	0	0	1	1	0
GB	Wirral	6	0	0	0	0	0
GD	Saint Andrew	1	0	0	0	0	0
GD	Saint George	244	0	0	0	0	0
GD	Saint John	21	0	0	0	0	0
GD	Unknown	594	0	0	0	0	0
GE	Ajaria	216	0	0	0	0	0
GE	Imereti	39	0	0	0	0	0
GE	Kakheti	15	0	0	0	0	0
GE	K'alak'i T'bilisi	50530	1	1	2	2	0
GE	Kvemo Kartli	37	0	0	0	0	0
GE	Mtskheta-Mtianeti	3	0	0	0	0	0
GE	Racha-Lechkhumi and Kvemo Svaneti	1	0	0	0	0	0
GE	Samegrelo and Zemo Svaneti	161	0	0	0	0	0
GE	Samtskhe-Javakheti	7	0	0	0	0	0
GE	Shida Kartli	1000	0	0	0	0	0
GE	Unknown	8146	0	0	0	0	0
GF	Unknown	788	0	0	0	0	0
GG	Saint Peter Port	723	0	0	0	0	0
GG	Unknown	4	0	0	0	0	0
GG	Vale	3	0	0	0	0	0
GH	Ashanti Region	97	0	0	0	0	0
GH	Brong-Ahafo	4	0	0	0	0	0
GH	Central Region	15	0	0	0	0	0
GH	Greater Accra Region	5433	0	0	0	0	0
GH	Unknown	2354	0	0	0	0	0
GH	Volta Region	11	0	0	0	0	0
GH	Western Region	3	0	0	0	0	0
GI	Unknown	1920	0	0	0	0	0
GL	Kujalleq	39	0	0	0	0	0
GL	Qaasuitsup	98	0	0	0	0	0
GL	Qeqqata	65	0	0	0	0	0
GL	Sermersooq	284	0	0	0	0	0
GL	Unknown	283	0	0	0	0	0
GM	City of Banjul	203	0	0	0	0	0
GM	Unknown	763	0	0	0	0	0
GM	Western Division	1	0	0	0	0	0
GN	Conakry Region	113	0	0	0	0	0
GN	Unknown	356	0	0	0	0	0
GP	Unknown	2038	0	0	0	0	0
GQ	Provincia de Bioko Norte	57	0	0	0	0	0
GQ	Unknown	83	0	0	0	0	0
GR	Attica	132867	2	5	6	5	1
GR	Central Greece	1238	0	0	0	0	0
GR	Central Macedonia	39000	1	3	2	1	0
GR	Crete	7385	0	0	0	0	0
GR	East Macedonia and Thrace	5089	0	0	1	1	0
GR	Epirus	1741	0	0	0	0	0
GR	Ionian Islands	2986	0	0	0	1	0
GR	North Aegean	913	0	0	0	0	0
GR	Peloponnese	3671	0	0	0	0	0
GR	South Aegean	2980	0	0	0	0	0
GR	Thessaly	4188	0	0	1	0	1
GR	Unknown	50572	1	0	1	0	1
GR	West Greece	3450	3	0	2	0	0
GR	West Macedonia	1324	0	0	0	0	0
GT	Departamento de Chiquimula	3	0	0	0	0	0
GT	Departamento de Guatemala	7732	0	0	0	0	0
GT	Departamento de Huehuetenango	229	0	0	0	0	0
GT	Departamento de Jutiapa	5	0	0	0	0	0
GT	Departamento de Quetzaltenango	234	0	0	0	0	0
GT	Departamento de Retalhuleu	12	0	0	0	0	0
GT	Departamento de Sacatepequez	78	0	0	0	0	0
GT	Departamento de Zacapa	55	0	0	0	0	0
GT	Unknown	221	0	0	0	0	0
GU	Barrigada	26	0	0	0	0	0
GU	Hagatna	53	0	0	0	0	0
GU	Santa Rita Municipality	9	0	0	0	0	0
GU	Tamuning	6	0	0	0	0	0
GU	Unknown	94	0	0	0	0	0
GU	Yigo	31	0	0	0	0	0
GW	Bissau	50	0	0	0	0	0
GW	Unknown	11	0	0	0	0	0
GY	Demerara-Mahaica Region	217	0	0	0	0	0
GY	Unknown	4	0	0	0	0	0
GY	Upper Demerara-Berbice Region	1	0	0	0	0	0
HK	Central and Western District	10	0	0	0	0	0
HK	Eastern	105	0	0	0	0	0
HK	Kowloon City	5977	0	0	0	4	0
HK	Sham Shui Po	291	0	0	0	0	0
HK	Sha Tin	149	0	0	0	0	0
HK	Southern	90	0	0	0	0	0
HK	Unknown	105387	1	0	3	0	0
HK	Wanchai	71	0	0	0	0	0
HK	Wong Tai Sin	69	0	0	0	0	0
HK	Yau Tsim Mong	52	0	0	0	0	0
HK	Yuen Long District	95	0	0	0	0	0
HN	Bay Islands	14	0	0	0	0	0
HN	Departamento de Atlantida	97	0	0	0	0	0
HN	Departamento de Choluteca	9	0	0	0	0	0
HN	Departamento de Colon	9	0	0	0	0	0
HN	Departamento de Comayagua	33	0	0	0	0	0
HN	Departamento de Copan	32	0	0	0	0	0
HN	Departamento de Cortes	673	0	0	0	0	0
HN	Departamento de Francisco Morazan	2084	0	0	0	0	0
HN	Departamento de Intibuca	1	0	0	0	0	0
HN	Departamento de Lempira	12	0	0	0	0	0
HN	Departamento de Ocotepeque	23	0	0	0	0	0
HN	Departamento de Olancho	4	0	0	0	0	0
HN	Departamento de Santa Barbara	79	0	0	0	0	0
HN	Departamento de Yoro	72	0	0	0	0	0
HN	Unknown	118	0	0	0	0	0
HR	Bjelovarsko-Bilogorska Zupanija	472	0	0	0	0	0
HR	Brodsko-Posavska Zupanija	2834	1	0	0	0	0
HR	Dubrovacko-Neretvanska Zupanija	547	0	0	0	0	0
HR	Grad Zagreb	102910	1	3	0	1	1
HR	Istarska Zupanija	3750	0	0	0	0	0
HR	Karlovacka Zupanija	268	0	0	0	0	0
HR	Koprivnicko-Krizevacka Zupanija	2395	0	0	0	2	0
HR	Krapinsko-Zagorska Zupanija	892	0	0	0	0	0
HR	Licko-Senjska Zupanija	39	0	0	0	0	0
HR	Megimurska Zupanija	4007	0	0	0	0	0
HR	Osjecko-Baranjska Zupanija	8406	0	1	0	0	0
HR	Pozesko-Slavonska Zupanija	707	0	0	0	0	0
HR	Primorsko-Goranska Zupanija	17918	0	0	0	0	0
HR	Sibensko-Kninska Zupanija	394	0	0	0	0	0
HR	Sisacko-Moslavacka Zupanija	3275	0	0	0	0	0
HR	Splitsko-Dalmatinska Zupanija	10853	0	2	0	1	0
HR	Unknown	44986	1	10	1	0	1
HR	Varazdinska Zupanija	5907	0	0	0	0	0
HR	Viroviticko-Podravska Zupanija	410	0	0	0	0	0
HR	Vukovarsko-Srijemska Zupanija	1576	0	0	0	0	0
HR	Zadarska Zupanija	1826	0	0	0	0	0
HR	Zagreb County	2050	0	0	0	0	0
HT	Departement de l'Ouest	1302	0	0	0	0	0
HT	Unknown	39	0	0	0	0	0
HU	Bács-Kiskun	14818	1	2	0	0	0
HU	Baranya	44160	0	19	0	2	0
HU	Bekes	5211	0	0	0	0	0
HU	Borsod-Abaúj-Zemplén	10800	0	0	0	0	0
HU	Budapest fovaros	269900	1	24	1	6	4
HU	Csongrad megye	31197	0	2	2	0	0
HU	Fejér	14861	0	0	1	0	0
HU	Győr-Moson-Sopron	32995	4	2	0	0	0
HU	Hajdú-Bihar	13467	0	0	0	0	0
HU	Heves megye	6383	0	0	1	0	0
HU	Jász-Nagykun-Szolnok	5386	0	0	0	0	0
HU	Komárom-Esztergom	9341	0	0	0	0	0
HU	Nograd megye	2817	0	0	0	1	0
HU	Pest megye	44460	1	3	0	1	0
HU	Somogy megye	8651	0	1	0	0	0
HU	Szabolcs-Szatmár-Bereg	5564	0	0	0	0	0
HU	Tolna megye	7067	0	0	1	0	0
HU	Unknown	104117	2	11	16	1	0
HU	Vas	17008	0	0	1	0	0
HU	Veszprem megye	9609	0	0	0	0	0
HU	Zala	13136	0	1	0	0	0
ID	Bali	12815	1	0	0	2	0
ID	Bangka\u2013Belitung Islands	4	0	0	0	0	0
ID	Banten	160	0	0	0	0	0
ID	Central Java	4742	0	0	0	1	0
ID	Central Kalimantan	80	0	0	0	0	0
ID	Central Sulawesi	43	0	0	0	0	0
ID	Daerah Istimewa Yogyakarta	4252	0	0	0	3	0
ID	Daerah Khusus Ibukota Jakarta	36521	0	1	0	2	0
ID	East Java	9918	0	0	0	4	0
ID	East Kalimantan	489	0	0	0	0	0
ID	East Nusa Tenggara	125	0	0	0	0	0
ID	Nanggroe Aceh Darussalam Province	30	0	0	0	0	0
ID	North Kalimantan	19	0	0	0	0	0
ID	North Sulawesi	277	0	0	0	0	0
ID	North Sumatra	2672	0	0	0	2	0
ID	Propinsi Bengkulu	15	0	0	0	0	0
ID	Provinsi Gorontalo	23	0	0	0	0	0
ID	Provinsi Jambi	27	0	0	0	0	0
ID	Provinsi Lampung	16	0	0	0	0	0
ID	Provinsi Maluku	50	0	0	0	0	0
ID	Provinsi Maluku Utara	6	0	0	0	0	0
ID	Provinsi Papua	37	0	0	0	0	0
ID	Provinsi Riau	729	0	0	0	0	0
ID	Provinsi Sulawesi Barat	1	0	0	0	0	0
ID	Riau Islands	588	0	0	0	0	0
ID	South Kalimantan	235	0	0	0	0	0
ID	South Sulawesi	505	0	0	0	2	0
ID	South Sumatra	617	0	0	0	0	0
ID	Sulawesi Tenggara	2	0	0	0	0	0
ID	Unknown	9578	0	0	0	5	0
ID	West Java	13266	0	0	0	6	0
ID	West Kalimantan	519	0	0	0	0	0
ID	West Nusa Tenggara	805	0	0	0	0	0
ID	West Papua	2	0	0	0	0	0
ID	West Sumatra	404	0	0	0	0	0
IE	Connaught	7720	0	0	1	0	0
IE	Leinster	161534	0	4	7	1	2
IE	Munster	21916	0	1	0	2	0
IE	Ulster	1149	0	0	0	0	0
IE	Unknown	49144	1	3	1	1	0
IL	Central District	13486	1	0	0	1	0
IL	Haifa	5943	0	0	0	0	0
IL	Jerusalem	12939	1	0	0	0	0
IL	Northern District	2333	0	0	0	0	0
IL	Southern District	2135	0	0	0	0	0
IL	Tel Aviv	86001	1	1	3	1	0
IL	Unknown	32445	0	1	1	1	0
IM	Unknown	1763	0	0	0	1	0
IN	Andhra Pradesh	3062	0	0	0	0	0
IN	Arunachal Pradesh	22	0	0	0	0	0
IN	Assam	535	0	0	0	0	0
IN	Bihar	441	0	0	0	0	0
IN	Chandigarh	861	0	0	0	0	0
IN	Dadra and Nagar Haveli	13	0	0	0	0	0
IN	Daman and Diu	12	0	0	0	0	0
IN	Goa	1525	0	1	0	0	0
IN	Gujarat	6310	0	0	0	0	0
IN	Haryana	15202	0	0	0	0	0
IN	Karnataka	26012	1	0	1	0	1
IN	Kashmir	281	0	0	0	0	0
IN	Kerala	6493	0	0	0	0	0
IN	Madhya Pradesh	2643	0	0	0	0	0
IN	Maharashtra	35755	0	0	0	2	0
IN	Manipur	64	0	0	0	0	0
IN	Meghalaya	71	0	0	0	0	0
IN	Mizoram	669	0	0	0	0	0
IN	Nagaland	140	0	0	0	0	0
IN	National Capital Territory of Delhi	22405	0	0	0	0	0
IN	Odisha	1086	0	0	0	0	0
IN	Rajasthan	2558	0	0	0	0	0
IN	Sikkim	18	0	0	0	0	0
IN	State of Chhattisgarh	262	0	0	0	0	0
IN	State of Himachal Pradesh	435	0	0	0	0	0
IN	State of Jharkhand	415	0	0	1	0	0
IN	State of Punjab	1416	0	0	0	0	0
IN	Tamil Nadu	17767	0	0	0	0	0
IN	Telangana	16650	0	0	0	1	0
IN	Tripura	70	0	0	0	0	0
IN	Union Territory of Andaman and Nicobar Islands	4	0	0	0	0	0
IN	Union Territory of Puducherry	1489	0	0	0	0	0
IN	Unknown	13287	0	0	0	0	0
IN	Uttarakhand	782	0	0	0	0	0
IN	Uttar Pradesh	6715	0	0	1	0	0
IN	West Bengal	6362	0	0	0	0	0
IO	Unknown	3	0	0	0	0	0
IQ	Anbar	1581	0	0	0	0	0
IQ	An Najaf	224	0	0	0	0	0
IQ	Basra Governorate	98	0	0	0	0	0
IQ	Dhi Qar	6	0	0	0	0	0
IQ	Dihok	71	0	0	0	0	0
IQ	Diyālá	3	0	0	0	0	0
IQ	Mayorality of Baghdad	2024	0	0	0	0	0
IQ	Maysan	50	0	0	0	0	0
IQ	Muhafazat al Muthanna	9	0	0	0	0	0
IQ	Muhafazat Arbil	4645	0	1	0	0	0
IQ	Muhafazat as Sulaymaniyah	44	0	0	0	0	0
IQ	Muhafazat Babil	136	0	0	0	0	0
IQ	Muhafazat Karbala'	53	0	0	0	0	0
IQ	Muhafazat Kirkuk	185	0	0	0	0	0
IQ	Muhafazat Wasit	57	0	0	0	0	0
IQ	Salah ad Din Governorate	5	0	0	0	0	0
IQ	Unknown	2192	0	0	0	0	0
IR	Alborz	316	0	0	0	0	0
IR	Bushehr	71	0	0	0	0	0
IR	East Azerbaijan	1162	0	0	0	0	0
IR	Fars	936	0	0	0	0	0
IR	Hormozgan	27	0	0	0	0	0
IR	Isfahan	12770	0	0	0	3	0
IR	Kerman	103	0	0	0	0	0
IR	Khuzestan	466	0	0	0	0	0
IR	Markazi	170	0	0	0	0	0
IR	Māzandarān	91	0	0	0	0	0
IR	Ostan-e Ardabil	1100	0	1	0	0	0
IR	Ostan-e Azarbayjan-e Gharbi	226	0	0	0	0	0
IR	Ostan-e Chahar Mahal va Bakhtiari	110	0	0	0	0	0
IR	Ostan-e Gilan	177	0	0	0	0	0
IR	Ostan-e Golestan	10	0	0	0	0	0
IR	Ostan-e Hamadan	3013	0	0	0	0	0
IR	Ostan-e Ilam	44	0	0	0	0	0
IR	Ostan-e Kermanshah	300	0	0	0	0	0
IR	Ostan-e Khorasan-e Jonubi	58	0	0	0	0	0
IR	Ostan-e Khorasan-e Shomali	109	0	0	0	0	0
IR	Ostan-e Kohgiluyeh va Bowyer Ahmad	11	0	0	0	0	0
IR	Ostan-e Kordestan	578	0	0	0	0	0
IR	Ostan-e Lorestan	53	0	0	0	0	0
IR	Ostan-e Qazvin	323	0	0	0	0	0
IR	Ostan-e Tehran	4285	0	0	0	0	0
IR	Qom	17	0	0	0	0	0
IR	Razavi Khorasan	1171	0	0	0	0	0
IR	Semnān	50	0	0	0	0	0
IR	Sistan and Baluchestan	45	0	0	0	0	0
IR	Unknown	33125	1	1	2	2	0
IR	Yazd	267	0	0	0	0	0
IR	Zanjan	179	0	0	0	0	0
IS	Capital Region	24518	0	1	1	1	0
IS	East	238	0	0	1	0	0
IS	Northeast	1330	0	0	0	0	0
IS	Northwest	270	0	0	0	0	0
IS	South	450	0	0	0	0	0
IS	Southern Peninsula	346	0	0	0	0	0
IS	Unknown	5540	0	0	2	1	0
IS	West	392	0	0	0	0	0
IS	Westfjords	49	0	0	0	0	0
IT	Abruzzo	10028	0	0	0	0	0
IT	Aosta Valley	3963	0	0	0	0	0
IT	Apulia	19695	0	2	0	1	0
IT	Basilicate	1794	0	0	0	0	0
IT	Calabria	6127	0	0	0	0	0
IT	Campania	37629	0	1	0	0	0
IT	Emilia-Romagna	74646	1	7	1	0	0
IT	Friuli Venezia Giulia	29860	0	0	2	0	0
IT	Latium	122963	0	9	1	0	0
IT	Liguria	22862	1	0	0	0	0
IT	Lombardy	218167	8	3	6	5	1
IT	Molise	933	0	0	0	0	0
IT	Piedmont	63735	1	5	0	1	0
IT	Sardinia	12447	0	0	0	0	0
IT	Sicily	26271	0	2	0	0	0
IT	The Marches	17472	0	0	1	0	0
IT	Trentino-Alto Adige	714926	8	28	15	17	5
IT	Tuscany	80007	2	2	2	2	2
IT	Umbria	10177	0	0	0	0	1
IT	Unknown	138677	3	5	3	1	0
IT	Veneto	196772	3	12	3	8	0
JE	Saint Helier	719	0	0	0	0	0
JE	Unknown	9	0	0	0	0	0
JM	Kingston	1920	0	0	0	0	0
JM	Parish of Clarendon	11	0	0	0	0	0
JM	Parish of Manchester	19	0	0	0	0	0
JM	Parish of Portland	7	0	0	0	0	0
JM	Parish of Saint Ann	25	0	0	0	0	0
JM	Parish of Saint Catherine	49	0	0	0	0	0
JM	Parish of Saint James	103	0	0	0	0	0
JM	Unknown	10	0	0	0	0	0
JO	Ajloun	1	0	0	0	0	0
JO	Amman	17008	0	0	0	0	0
JO	Aqaba	2	0	0	0	0	0
JO	Balqa	24	0	0	0	0	0
JO	Irbid	30	0	0	0	0	0
JO	Unknown	1144	0	0	0	0	0
JO	Zarqa	1	0	0	0	0	0
JP	Aichi	12017	0	0	0	2	0
JP	Akita	446	0	0	0	0	0
JP	Aomori	388	0	0	0	0	0
JP	Chiba	12179	0	1	0	0	0
JP	Ehime	881	0	0	0	0	0
JP	Fukui	518	0	0	0	0	0
JP	Fukuoka	5637	0	0	0	0	0
JP	Fukushima-ken	880	0	0	0	0	0
JP	Gifu	1447	0	0	0	0	0
JP	Gunma	1948	2	0	0	0	0
JP	Hiroshima	3819	0	0	0	0	0
JP	Hokkaido	5345	0	0	0	0	0
JP	Hyōgo	8422	0	0	0	0	0
JP	Ibaraki	3798	0	0	0	0	0
JP	Ishikawa	1181	0	0	0	0	0
JP	Iwate	1039	0	0	0	0	0
JP	Kagawa	596	0	0	0	0	0
JP	Kagoshima	676	0	0	0	0	0
JP	Kanagawa	30712	0	0	0	1	0
JP	Kochi	528	0	0	0	0	0
JP	Kumamoto	1344	0	0	0	0	0
JP	Kyoto	14123	0	0	0	0	0
JP	Mie	2433	0	0	0	0	0
JP	Miyagi	4658	0	0	0	1	0
JP	Miyazaki	318	0	0	0	0	0
JP	Nagano	2024	0	0	0	0	0
JP	Nagasaki	537	0	0	0	0	0
JP	Nara	3313	0	0	0	0	0
JP	Niigata	1879	0	0	0	0	0
JP	Oita	1044	0	0	0	0	0
JP	Okayama	1861	0	0	0	0	0
JP	Okinawa	1215	0	0	0	0	0
JP	Ōsaka	25580	0	0	0	0	0
JP	Saga Prefecture	357	0	0	0	0	0
JP	Saitama	14290	0	0	0	0	0
JP	Shiga Prefecture	2149	0	0	0	0	0
JP	Shimane	229	0	0	0	0	0
JP	Shizuoka	9154	0	0	0	1	0
JP	Tochigi	1233	0	0	0	0	0
JP	Tokushima	716	0	0	0	0	0
JP	Tokyo	148142	1	1	3	6	3
JP	Tottori	482	0	0	0	0	0
JP	Toyama	715	0	0	0	0	0
JP	Unknown	96058	0	1	2	1	0
JP	Wakayama	575	0	0	0	0	0
JP	Yamagata	776	0	0	0	0	0
JP	Yamaguchi	1062	1	0	0	0	0
JP	Yamanashi	1101	0	0	0	0	0
KE	Baringo District	1	0	0	0	0	0
KE	Garissa District	55	0	0	0	0	0
KE	Kajiado District	1	0	0	0	0	0
KE	Kiambu District	9	0	0	0	0	0
KE	Kisii District	9	0	0	0	0	0
KE	Kisumu	7	0	0	0	0	0
KE	Kitui District	1	0	0	0	0	0
KE	Kwale District	2	0	0	0	0	0
KE	Meru Central District	1	0	0	0	0	0
KE	Mombasa District	220	0	0	0	0	0
KE	Nairobi Province	8780	0	0	0	0	0
KE	Nakuru District	29	0	0	0	0	0
KE	Nandi South District	4	0	0	0	0	0
KE	Nyeri District	1	0	0	0	0	0
KE	Tharaka District	3	0	0	0	0	0
KE	Uasin Gishu	4	0	0	0	0	0
KE	Unknown	6854	0	0	0	0	0
KG	Gorod Bishkek	5298	0	0	0	0	0
KG	Issyk-Kul'skaya Oblast'	9	0	0	0	0	0
KG	Osh Oblasty	9	0	0	0	0	0
KG	Unknown	2217	0	0	0	0	0
KH	Banteay Meanchey	63	0	0	0	0	0
KH	Battambang	2	0	0	0	0	0
KH	Kampong Speu	40	0	0	0	0	0
KH	Kampong Thom	180	0	0	0	0	0
KH	Kandal	752	0	0	0	0	0
KH	Phnom Penh	9059	0	0	0	0	0
KH	Preah Sihanouk	239	0	0	0	0	0
KH	Unknown	1687	0	0	0	0	0
KI	Gilbert Islands	5	0	0	0	0	0
KM	Grande Comore	6	0	0	0	0	0
KM	Ndzuwani	1	0	0	0	0	0
KM	Unknown	24	0	0	0	0	0
KN	Saint George Basseterre	101	0	0	0	0	0
KN	Saint Paul Charlestown	4	0	0	0	0	0
KN	Unknown	7	0	0	0	0	0
KP	Chagang-do	8	0	0	0	0	0
KP	Pyongyang	4	0	0	0	0	0
KP	Unknown	119	0	0	0	0	0
KR	Busan	2740	0	0	0	0	0
KR	Chungcheongbuk-do	643	0	0	0	0	0
KR	Chungcheongnam-do	593	0	0	0	0	0
KR	Daegu	1306	0	0	0	0	0
KR	Daejeon	3463	0	0	0	0	0
KR	Gangwon-do	280	0	0	0	0	0
KR	Gwangju	805	0	0	0	0	0
KR	Gyeonggi-do	29250	0	8	0	0	0
KR	Gyeongsangbuk-do	633	0	0	0	0	0
KR	Gyeongsangnam-do	1489	0	0	0	0	0
KR	Incheon	3903	0	0	0	0	0
KR	Jeju-do	505	0	0	0	0	0
KR	Jeollabuk-do	317	0	0	0	0	0
KR	Jeollanam-do	365	0	0	0	0	0
KR	Seoul	77649	1	0	3	2	0
KR	Ulsan	515	0	0	0	0	0
KR	Unknown	40499	0	1	0	0	1
KW	Al Aḩmadī	17	0	0	0	0	0
KW	Al Asimah	17148	0	0	0	0	0
KW	Muhafazat Hawalli	208	0	0	0	0	0
KW	Unknown	308	0	0	0	0	0
KY	Unknown	549	0	0	0	0	0
KZ	Aktyubinskaya Oblast'	1028	0	0	0	0	0
KZ	Almaty Oblysy	175	0	0	0	0	0
KZ	Almaty Qalasy	9104	0	0	1	0	0
KZ	Aqmola Oblysy	345	0	0	0	0	0
KZ	Astana Qalasy	3918	0	1	0	0	0
KZ	Atyrau Oblysy	440	0	0	0	0	0
KZ	Batys Qazaqstan Oblysy	249	0	0	1	0	0
KZ	East Kazakhstan	844	0	0	0	0	0
KZ	Mangistauskaya Oblast'	173	0	0	0	0	0
KZ	Pavlodar Oblysy	751	0	0	0	0	0
KZ	Qaraghandy Oblysy	1462	0	0	0	0	0
KZ	Qostanay Oblysy	586	0	0	0	0	0
KZ	Qyzylorda Oblysy	82	0	0	0	0	0
KZ	Severo-Kazakhstanskaya Oblast'	517	0	0	0	0	0
KZ	Unknown	5704	0	0	0	0	0
KZ	Yuzhno-Kazakhstanskaya Oblast'	453	0	0	0	0	0
KZ	Zhambyl Oblysy	180	0	0	0	0	0
LA	Khammouan	8	0	0	0	0	0
LA	Unknown	2716	0	0	0	0	0
LA	Vientiane	1678	0	0	0	0	0
LB	Beyrouth	10715	4	0	1	0	0
LB	Mohafazat Beqaa	2	0	0	0	0	0
LB	Mohafazat Liban-Nord	77	0	0	0	0	0
LB	Mohafazat Liban-Sud	151	0	0	0	0	0
LB	Mohafazat Mont-Liban	171	0	0	0	0	0
LB	Unknown	1231	0	0	0	0	0
LC	Castries Quarter	439	0	0	0	0	0
LC	Gros-Islet	1	0	0	0	0	0
LC	Unknown	15	0	0	0	0	0
LC	Vieux-Fort	1	0	0	0	0	0
LI	Balzers	20450	0	0	4	4	0
LI	Eschen	19283	0	0	4	0	0
LI	Gemeinde Gamprin	4795	0	0	0	0	0
LI	Mauren	20804	1	0	1	1	0
LI	Planken	1002	0	0	0	0	0
LI	Ruggell	1742	0	0	0	0	0
LI	Schaan	31040	0	0	2	4	0
LI	Schellenberg	602	0	0	0	0	0
LI	Triesen	18995	0	1	0	0	0
LI	Triesenberg	3668	0	0	0	0	0
LI	Unknown	11257	0	0	0	0	0
LI	Vaduz	58670	0	5	2	3	0
LK	Central Province	6	0	0	0	0	0
LK	Northern Province	3	0	0	0	0	0
LK	Unknown	3681	0	0	0	0	0
LK	Western Province	9142	0	0	0	1	0
LR	Montserrado County	201	0	0	0	0	0
LR	Unknown	4010	0	0	0	0	0
LS	Leribe	1	0	0	0	0	0
LS	Maseru	159	0	0	0	0	0
LS	Unknown	31	0	0	0	0	0
LT	Alytaus apskritis	410	0	0	0	0	0
LT	Kauno apskritis	20718	1	0	0	1	0
LT	Klaipedos apskritis	6630	0	0	0	0	0
LT	Marijampoles apskritis	335	0	0	0	0	0
LT	Panevėžys	2190	0	0	0	0	0
LT	Siauliu apskritis	4281	0	0	0	0	0
LT	Taurages apskritis	224	0	0	0	0	0
LT	Telsiu apskritis	718	0	0	0	0	0
LT	Unknown	16034	0	0	1	0	0
LT	Utenos apskritis	538	0	0	0	0	0
LT	Vilnius County	40124	0	1	1	4	4
LU	District de Diekirch	19132	0	5	3	3	0
LU	District de Grevenmacher	49087	1	3	1	0	0
LU	District de Luxembourg	773690	41	45	39	36	13
LU	Unknown	176661	7	6	9	4	0
LV	Ādaži	8	0	0	0	0	0
LV	Aizkraukles Rajons	18	0	0	0	0	0
LV	Aloja	10	0	0	0	0	0
LV	Aluksnes Rajons	5	0	0	0	0	0
LV	Apes Novads	4	0	0	0	0	0
LV	Auces Novads	1	0	0	0	0	0
LV	Baldone	6	0	0	0	0	0
LV	Balvu Novads	11	0	0	0	0	0
LV	Bauskas Novads	117	0	0	0	0	0
LV	Beverīna	3	0	0	0	0	0
LV	Brocēni	13	0	0	0	0	0
LV	Carnikava	51	0	0	0	0	0
LV	Cesu Novads	405	0	0	0	0	0
LV	Daugavpils	1170	0	0	0	0	0
LV	Dobeles Rajons	333	0	0	0	0	0
LV	Engure	11	0	0	0	0	0
LV	Ērgļi	1	0	0	0	0	0
LV	Grobiņa	4	0	0	0	0	0
LV	Gulbenes Rajons	10	0	0	0	0	0
LV	Ikšķile	168	0	0	0	0	0
LV	Inčukalns	69	0	0	0	0	0
LV	Jaunjelgava	1	0	0	0	0	0
LV	Jaunpils	21	0	0	0	0	0
LV	Jekabpils Municipality	20	0	0	0	0	0
LV	Jēkabpils Municipality	71	0	0	0	0	0
LV	Jelgava	1430	0	0	0	0	0
LV	Jelgavas Rajons	7	0	0	0	0	0
LV	Jurmala	1715	0	0	0	1	0
LV	Kandava	10	0	0	0	0	0
LV	Ķegums	40	0	0	0	0	0
LV	Ķekava	67	0	0	0	0	0
LV	Kraslavas Rajons	57	0	0	0	0	0
LV	Krimulda	22	0	0	0	0	0
LV	Kuldigas Rajons	363	0	0	0	0	0
LV	Lecava	12	0	0	0	0	0
LV	Lielvārde	34	0	0	0	0	0
LV	Liepaja	1534	0	0	0	0	0
LV	Līgatne	5	0	0	0	0	0
LV	Limbazu Rajons	20	0	0	0	0	0
LV	Līvāni	19	0	0	0	0	0
LV	Lubāna	15	0	0	0	0	0
LV	Ludzas Rajons	51	0	0	0	0	0
LV	Madona Municipality	19	0	0	0	0	0
LV	Mālpils	6	0	0	0	0	0
LV	Mārupe	66	0	0	0	0	0
LV	Ogre	704	0	0	0	0	0
LV	Olaine	86	0	0	0	0	0
LV	Ozolnieku Novads	42	0	0	0	0	0
LV	Preili Municipality	54	0	0	0	0	0
LV	Priekuli Municipality	5	0	0	0	0	0
LV	Rezekne	1080	0	0	0	0	0
LV	Riga	71084	1	3	1	0	1
LV	Rojas Novads	13	0	0	0	0	0
LV	Ropazu Novads	5	0	0	0	0	0
LV	Rugaju Novads	1	0	0	0	0	0
LV	Salaspils Novads	125	0	0	0	0	0
LV	Saldus Municipality	154	0	0	0	0	0
LV	Saulkrastu Novads	2	0	0	0	0	0
LV	Sejas Novads	2	0	0	0	0	0
LV	Siguldas Novads	68	0	0	0	0	0
LV	Skrundas Novads	1	0	0	0	0	0
LV	Smiltenes Novads	28	0	0	0	0	0
LV	Talsi Municipality	189	0	0	0	0	0
LV	Tukuma Rajons	859	0	0	0	0	0
LV	Unknown	8176	0	0	0	0	0
LV	Valka Municipality	10	0	0	0	0	0
LV	Valmiera District	684	0	0	0	0	0
LV	Vecumnieku Novads	2	0	0	0	0	0
LV	Ventspils	648	0	0	0	0	0
LV	Ventspils Municipality	6	0	0	0	0	0
LV	Viesites Novads	14	0	0	0	0	0
LV	Vilanu Novads	3	0	0	0	0	0
LY	Al Jufrah	1	0	0	0	0	0
LY	Sha'biyat al Jabal al Gharbi	3	0	0	0	0	0
LY	Sha'biyat Banghazi	264	0	0	0	0	0
LY	Sha'biyat Misratah	17	0	0	0	0	0
LY	Sha`biyat Nalut	6	0	0	0	0	0
LY	Sha'biyat Sabha	3	0	0	0	0	0
LY	Tripoli	1112	0	0	0	0	0
LY	Unknown	1463	0	0	0	0	0
MA	Chaouia-Ouardigha	858	0	0	0	0	0
MA	Doukkala-Abda	1496	0	0	0	0	0
MA	Gharb-Chrarda-Beni Hssen	1570	1	1	0	0	0
MA	Guelmim-Es Semara	40	0	0	0	0	0
MA	Marrakech-Tensift-Al Haouz	4680	0	0	0	0	0
MA	Oriental	2024	0	0	0	0	0
MA	Region de Fes-Boulemane	2991	2	0	0	0	0
MA	Region de Meknes-Tafilalet	1703	0	0	0	0	0
MA	Region de Rabat-Sale-Zemmour-Zaer	6943	1	0	0	1	0
MA	Region de Souss-Massa-Draa	3418	0	0	0	1	0
MA	Region de Tanger-Tetouan	2995	1	0	0	0	0
MA	Region du Grand Casablanca	8449	0	0	0	0	0
MA	Tadla-Azilal	294	0	0	0	0	0
MA	Taza-Al Hoceima-Taounate	79	0	0	0	0	0
MA	Unknown	11416	0	0	0	2	0
MC	Unknown	4461	0	1	0	0	0
MD	Anenii Noi	21	0	0	0	0	0
MD	Basarabeasca	1	0	0	0	0	0
MD	Briceni	1	0	0	0	0	0
MD	Cahul	214	0	0	0	0	0
MD	Cantemir	7	0	0	0	0	0
MD	Cimişlia	21	0	0	0	0	0
MD	Criuleni	14	0	0	0	0	0
MD	Donduşeni	9	0	0	0	0	0
MD	Drochia	37	0	0	0	0	0
MD	Făleşti	2	0	0	0	0	0
MD	Floreşti	9	0	0	0	0	0
MD	Gagauzia	55	0	0	0	0	0
MD	Glodeni	4	0	0	0	0	0
MD	Hînceşti	127	0	0	0	0	0
MD	Laloveni	163	0	0	0	0	0
MD	Leova	13	0	0	0	0	0
MD	Municipiul Balti	834	0	0	0	0	0
MD	Municipiul Bender	254	0	0	0	0	0
MD	Municipiul Chisinau	32867	1	2	3	3	0
MD	Nisporeni	26	0	0	0	0	0
MD	Orhei	131	0	0	0	0	0
MD	Raionul Calarasi	26	0	0	0	0	0
MD	Raionul Causeni	16	0	0	0	0	0
MD	Raionul Dubasari	52	0	0	0	0	0
MD	Raionul Edineţ	15	0	0	0	0	0
MD	Raionul Ocniţa	5	0	0	0	0	0
MD	Raionul Soroca	30	0	0	0	0	0
MD	Raionul Stefan Voda	5	0	0	0	0	0
MD	Rezina	17	0	0	0	0	0
MD	Rîşcani	1	0	0	0	0	0
MD	Sîngerei	34	0	0	0	0	0
MD	Şoldăneşti	5	0	0	0	0	0
MD	Strășeni	217	0	0	0	0	0
MD	Taraclia	10	0	0	0	0	0
MD	Teleneşti	9	0	0	0	0	0
MD	Ungheni	72	0	0	0	0	0
MD	Unitatea Teritoriala din Stinga Nistrului	1521	0	0	0	0	0
MD	Unknown	1231	0	0	0	0	0
ME	Bijelo Polje	2	0	0	0	0	0
ME	Budva	877	0	0	0	0	0
ME	Cetinje	10	0	0	0	0	0
ME	Herceg Novi	256	0	0	0	0	0
ME	Kotor	1337	0	0	0	0	0
ME	Opstina Niksic	148	0	0	0	0	0
ME	Pljevlja	33	0	0	0	0	0
ME	Podgorica	7596	0	0	0	6	0
ME	Tivat	104	0	0	0	0	0
ME	Unknown	1942	0	0	0	0	0
MF	Unknown	401	0	0	0	0	0
MG	Analamanga Region	1043	0	0	0	0	0
MG	Anosy Region	1	0	0	0	0	0
MG	Atsimo-Andrefana Region	88	0	0	0	0	0
MG	Atsinanana Region	276	0	0	0	0	0
MG	Boeny Region	32	0	0	0	0	0
MG	Unknown	1451	0	0	0	0	0
MG	Upper Matsiatra	1	0	0	0	0	0
MG	Vakinankaratra Region	30	0	0	0	0	0
MH	Majuro Atoll	21	0	0	0	0	0
MH	Unknown	25	0	0	0	0	0
MK	Berovo	39	0	0	0	0	0
MK	Bitola	1627	1	0	0	0	0
MK	Bogdanci	27	0	0	0	0	0
MK	Debar	54	0	0	0	0	0
MK	Demir Hisar	10	0	0	0	0	0
MK	Gevgelija	290	0	0	0	0	0
MK	Gostivar	931	0	0	0	0	0
MK	Gradsko	2	0	0	0	0	0
MK	Kavadarci	487	0	0	0	0	0
MK	Kriva Palanka	55	0	0	0	0	0
MK	Kumanovo	1910	0	0	0	2	0
MK	Makedonska Kamenica	3	0	0	0	0	0
MK	Makedonski Brod	4	0	0	0	0	0
MK	Negotino	165	0	0	0	0	0
MK	Novo Selo	48	0	0	0	0	0
MK	Ohrid	844	0	0	0	0	0
MK	Opstina Caska	3	0	0	0	0	0
MK	Opstina Cucer-Sandevo	8	0	0	0	0	0
MK	Opstina Delcevo	49	0	0	0	0	0
MK	Opstina Karpos	21342	0	0	0	0	2
MK	Opstina Kicevo	604	0	0	0	0	0
MK	Opstina Kocani	676	0	0	0	2	0
MK	Opstina Krivogastani	22	0	0	0	0	0
MK	Opstina Krusevo	18	0	0	0	0	0
MK	Opstina Probistip	43	0	0	0	0	0
MK	Opstina Radovis	323	0	0	0	0	0
MK	Opstina Stip	1862	0	0	0	0	0
MK	Opstina Vevcani	50	0	0	0	0	0
MK	Opstina Vrapciste	15	0	0	0	0	0
MK	Petrovec	1	0	0	0	0	0
MK	Prilep	1217	0	0	0	0	0
MK	Resen	98	0	0	0	0	0
MK	Struga	660	0	0	0	0	0
MK	Strumica	999	0	0	0	0	0
MK	Sveti Nikole	103	0	0	0	0	0
MK	Tetovo	2203	0	0	0	0	0
MK	Unknown	3516	0	0	0	0	0
MK	Valandovo	82	0	0	0	0	0
MK	Veles	831	0	0	0	0	0
MK	Vinica	62	0	0	0	0	0
ML	Bamako Region	671	0	0	0	0	0
ML	Sikasso	91	0	0	0	0	0
ML	Unknown	1662	0	0	0	0	0
MM	Kayin State	340	0	0	0	0	0
MM	Mandalay Region	210	0	0	0	0	0
MM	Unknown	672	0	0	0	0	0
MM	Yangon Region	2364	0	1	0	1	0
MN	Arhangay Aymag	10	0	0	0	0	0
MN	Bulgan	45	0	0	0	0	0
MN	Darhan-Uul Aymag	2	0	0	0	0	0
MN	East Aimak	12	0	0	0	0	0
MN	Middle Govĭ	1	0	0	0	0	0
MN	Orhon Aymag	27	0	0	0	0	0
MN	Selenge Aymag	1003	0	0	0	0	0
MN	Ulaanbaatar Hot	13081	0	0	0	0	0
MN	Unknown	914	0	0	0	0	0
MO	Unknown	2533	0	0	0	0	0
MP	Saipan	52	0	0	0	0	0
MP	Unknown	13	0	0	0	0	0
MQ	Unknown	4122	0	0	0	0	0
MR	District de Nouakchott	462	0	0	0	0	0
MR	Unknown	433	0	0	0	0	0
MS	Unknown	14	0	0	0	0	0
MT	Attard	840	0	0	0	0	0
MT	Balzan	224	0	0	0	0	0
MT	Birkirkara	1868	0	0	0	0	0
MT	Birzebbuga	136	0	0	0	0	0
MT	Bormla	124	0	0	0	0	0
MT	Dingli	84	0	0	0	0	0
MT	Ghajnsielem	37	0	0	0	0	0
MT	Hal Gharghur	283	0	0	0	0	0
MT	Hal Ghaxaq	172	0	0	0	0	0
MT	Haz-Zabbar	730	0	0	0	0	0
MT	Haz-Zebbug	19	0	0	0	0	0
MT	Il-Belt Valletta	407	0	0	0	0	0
MT	Il-Birgu	60	0	0	0	0	0
MT	Il-Fgura	740	0	0	0	0	0
MT	Il-Furjana	38	0	0	0	0	0
MT	Il-Gudja	24	0	0	0	0	0
MT	Il-Gzira	963	0	0	0	0	0
MT	Il-Hamrun	250	0	0	0	0	0
MT	Il-Kalkara	144	0	0	0	0	0
MT	Il-Marsa	133	0	0	0	0	0
MT	Il-Mellieha	510	0	0	0	0	0
MT	Il-Mosta	2093	0	0	0	0	0
MT	Il-Munxar	26	0	0	0	0	0
MT	Il-Qala	11	0	0	0	0	0
MT	Il-Qrendi	174	0	0	0	0	0
MT	In-Nadur	119	0	0	0	0	0
MT	In-Naxxar	1507	0	1	0	0	0
MT	Ir-Rabat	163	0	0	0	0	0
MT	Is-Siggiewi	201	0	0	0	0	0
MT	Is-Swieqi	73	0	0	0	0	0
MT	Ix-Xaghra	62	0	0	0	0	0
MT	Ix-Xewkija	7	0	0	0	0	0
MT	Ix-Xghajra	33	0	0	0	0	0
MT	Iz-Zebbug	160	0	0	0	0	0
MT	Iz-Zejtun	159	0	0	0	0	0
MT	Iz-Zurrieq	144	0	0	0	0	0
MT	Kirkop	50	0	0	0	0	0
MT	L-Gharb	33	0	0	0	0	0
MT	L-Ghasri	15	0	0	0	0	0
MT	Lija	150	0	0	0	0	0
MT	L-Imdina	14	0	0	0	0	0
MT	L-Imgarr	24	0	0	0	0	0
MT	L-Imqabba	18	0	0	0	0	0
MT	L-Imsida	2028	0	0	0	0	0
MT	L-Imtarfa	12	0	0	0	0	0
MT	L-Isla	143	0	0	0	0	0
MT	Luqa	157	0	0	0	0	0
MT	Marsaskala	117	0	0	0	0	0
MT	Marsaxlokk	110	0	0	0	0	0
MT	Paola	279	0	0	0	0	0
MT	Qormi	537	0	0	0	0	0
MT	Safi	317	0	0	0	0	0
MT	Saint John	1343	0	0	0	0	0
MT	Saint Julian	300	0	0	0	0	0
MT	Saint Lawrence	5	0	0	0	0	0
MT	Saint Lucia	29	0	0	0	0	0
MT	Saint Paul\u2019s Bay	803	0	0	0	0	0
MT	Saint Venera	152	0	0	0	0	0
MT	Sannat	9	0	0	0	0	0
MT	Ta' Kercem	2	0	0	0	0	0
MT	Tal-Pieta	136	0	0	0	0	0
MT	Tarxien	268	0	0	0	0	0
MT	Tas-Sliema	3960	0	0	1	0	0
MT	Ta' Xbiex	208	0	0	0	0	0
MT	Unknown	3274	0	0	0	0	0
MT	Victoria	252	0	0	0	0	0
MU	Black River District	46	0	0	0	0	0
MU	Flacq District	10	0	0	0	0	0
MU	Moka District	5	0	0	0	0	0
MU	Pamplemousses District	77	0	0	0	0	0
MU	Plaines Wilhems District	2435	0	0	0	0	0
MU	Port Louis District	1824	0	0	0	0	0
MU	Riviere du Rempart District	42	0	0	0	0	0
MU	Rodrigues	175	0	0	0	0	0
MU	Unknown	1137	0	0	0	0	0
MV	Kaafu Atoll	2224	0	0	0	0	0
MV	Unknown	737	0	0	0	0	0
MW	Central Region	58	0	0	0	0	0
MW	Southern Region	18	0	0	0	0	0
MW	Unknown	1064	0	0	0	0	0
MX	Aguascalientes	1161	0	0	0	0	0
MX	Baja California Sur	1089	0	0	1	0	0
MX	Campeche	503	0	0	0	0	0
MX	Chiapas	1555	0	1	0	0	0
MX	Chihuahua	3181	0	0	0	0	0
MX	Coahuila	1809	0	0	0	0	0
MX	Colima	655	0	0	0	0	0
MX	Durango	463	0	0	0	0	0
MX	Estado de Baja California	3218	0	0	0	0	0
MX	Estado de Mexico	7399	0	0	1	0	0
MX	Guanajuato	4722	1	0	0	0	0
MX	Guerrero	582	0	0	0	0	0
MX	Hidalgo	1167	1	0	0	0	0
MX	Jalisco	14818	0	0	0	0	0
MX	Mexico City	52782	0	0	0	0	0
MX	Michoacán	2219	0	0	0	0	0
MX	Morelos	2911	0	0	0	0	0
MX	Nayarit	332	0	0	0	0	0
MX	Nuevo León	9371	0	0	0	0	0
MX	Oaxaca	2175	0	0	0	0	0
MX	Puebla	13435	0	0	0	2	0
MX	Querétaro	5520	0	0	0	0	0
MX	Quintana Roo	6955	1	0	0	0	0
MX	San Luis Potosí	2127	0	0	0	0	0
MX	Sinaloa	1622	0	0	0	0	0
MX	Sonora	2481	0	0	0	0	0
MX	Tabasco	880	0	0	0	0	0
MX	Tamaulipas	1125	0	0	0	0	0
MX	Tlaxcala	1264	0	0	0	0	0
MX	Unknown	8230	0	0	0	0	0
MX	Veracruz	4061	0	2	0	0	1
MX	Yucatán	4393	0	0	0	0	0
MX	Zacatecas	666	0	0	0	0	0
MY	Johor	2671	0	0	0	2	0
MY	Kedah	1161	0	0	0	0	0
MY	Kelantan	154	0	0	0	2	0
MY	Kuala Lumpur	23796	1	0	1	4	0
MY	Labuan	12	0	0	0	0	0
MY	Melaka	861	0	0	0	0	0
MY	Negeri Sembilan	1428	0	0	0	1	0
MY	Pahang	894	0	0	0	3	0
MY	Penang	6158	0	0	0	2	0
MY	Perak	2183	0	0	0	1	0
MY	Perlis	101	0	0	0	1	0
MY	Putrajaya	140	0	0	0	0	0
MY	Sabah	786	0	0	0	0	0
MY	Sarawak	1256	0	0	0	1	0
MY	Selangor	13036	0	1	0	9	0
MY	Terengganu	377	0	0	0	1	0
MY	Unknown	3206	0	0	0	1	0
MZ	Cabo Delgado Province	17	0	0	0	0	0
MZ	Cidade de Maputo	1731	0	0	0	0	0
MZ	Maputo Province	11	0	0	0	0	0
MZ	Nampula	84	0	0	0	0	0
MZ	Sofala Province	83	0	0	0	0	0
MZ	Tete	6	0	0	0	0	0
MZ	Unknown	618	0	0	0	0	0
NA	Erongo	2017	0	0	0	0	0
NA	Hardap	7	0	0	0	0	0
NA	Karas	285	0	0	0	0	0
NA	Khomas	10733	0	0	1	0	0
NA	Kunene	47	0	0	0	0	0
NA	Omaheke	161	0	0	0	0	0
NA	Omusati	31	0	0	0	0	0
NA	Oshana	353	0	0	0	0	0
NA	Oshikoto	409	0	0	0	0	0
NA	Otjozondjupa	421	0	0	0	0	0
NA	Unknown	1446	0	0	0	0	0
NA	Zambezi Region	99	0	0	0	0	0
NC	North Province	1	0	0	0	0	0
NC	South Province	784	0	0	0	0	0
NC	Unknown	88	0	0	0	0	0
NE	Agadez	8	0	0	0	0	0
NE	Niamey	308	0	0	0	0	0
NE	Unknown	247	0	0	0	0	0
NG	Abia State	15	0	0	0	0	0
NG	Adamawa	6	0	0	0	0	0
NG	Akwa Ibom State	25	0	0	0	0	0
NG	Anambra	6	0	0	0	0	0
NG	Benue State	1	0	0	0	0	0
NG	Cross River State	2	0	0	0	0	0
NG	Delta	11	0	0	0	0	0
NG	Edo	634	0	0	0	0	0
NG	Enugu State	18	0	0	0	0	0
NG	Imo State	5	0	0	0	0	0
NG	Kaduna State	9	0	0	0	0	0
NG	Kano State	4	0	0	0	0	0
NG	Kwara State	11	0	0	0	0	0
NG	Lagos	4979	0	0	0	0	0
NG	Niger State	1252	0	0	0	0	0
NG	Ogun State	3	0	0	0	0	0
NG	Ondo State	2	0	0	0	0	0
NG	Osun State	154	0	0	0	0	0
NG	Oyo State	213	0	0	0	0	0
NG	Rivers State	438	0	0	0	0	0
NG	Unknown	3146	0	2	1	0	0
NI	Departamento de Boaco	5	0	0	0	0	0
NI	Departamento de Carazo	72	0	0	0	0	0
NI	Departamento de Chinandega	28	0	0	0	0	0
NI	Departamento de Chontales	18	0	0	0	0	0
NI	Departamento de Esteli	305	0	0	0	0	0
NI	Departamento de Granada	138	0	0	0	0	0
NI	Departamento de Jinotega	3	0	0	0	0	0
NI	Departamento de Leon	292	0	0	0	0	0
NI	Departamento de Madriz	9	0	0	0	0	0
NI	Departamento de Managua	5994	0	0	0	0	0
NI	Departamento de Masaya	117	0	0	0	0	0
NI	Departamento de Matagalpa	124	0	0	0	0	0
NI	Departamento de Nueva Segovia	19	0	0	0	0	0
NI	Departamento de Rio San Juan	2	0	0	0	0	0
NI	Departamento de Rivas	205	0	0	0	0	0
NI	Region Autonoma Atlantico Sur	103	0	0	0	0	0
NI	Unknown	131	0	0	0	0	0
NL	Friesland	26346	0	0	2	1	0
NL	Groningen	63040	0	0	0	0	0
NL	Limburg	134463	1	8	5	4	0
NL	North Brabant	113253	1	5	3	2	1
NL	North Holland	397517	3	7	23	3	3
NL	Provincie Drenthe	16218	0	1	0	0	0
NL	Provincie Flevoland	19126	0	1	0	0	0
NL	Provincie Gelderland	135503	1	9	6	1	1
NL	Provincie Overijssel	59282	1	1	0	1	0
NL	Provincie Utrecht	89194	1	2	0	1	0
NL	Provincie Zeeland	19115	0	2	2	0	0
NL	South Holland	235827	0	9	6	4	0
NL	Unknown	490714	8	10	29	16	5
NO	Akershus	18598	1	1	0	1	0
NO	Aust-Agder	4580	0	0	0	0	0
NO	Buskerud	15079	0	0	0	0	0
NO	Finnmark Fylke	2230	0	0	0	0	0
NO	Hedmark	5817	0	0	0	0	0
NO	Hordaland Fylke	34965	1	3	1	1	0
NO	More og Romsdal fylke	12406	0	0	0	0	0
NO	Nordland Fylke	8292	0	2	0	0	0
NO	Nord-Trondelag Fylke	3982	0	0	0	0	0
NO	Oppland	6337	0	0	0	0	0
NO	Oslo County	77502	0	4	2	3	0
NO	Østfold	7054	0	1	0	0	0
NO	Rogaland Fylke	23239	0	0	0	2	0
NO	Sogn og Fjordane Fylke	4377	0	0	0	0	0
NO	Sor-Trondelag Fylke	29991	1	2	0	1	1
NO	Telemark	6219	0	0	0	0	0
NO	Troms Fylke	11407	0	11	0	0	0
NO	Unknown	52005	0	4	2	3	0
NO	Vest-Agder Fylke	10206	0	0	2	0	0
NO	Vestfold	9968	0	0	0	0	0
NP	Central Region	4563	0	0	0	0	0
NP	Eastern Region	60	0	0	0	0	0
NP	Mid Western	14	0	0	0	0	0
NP	Unknown	1267	0	0	0	0	0
NP	Western Region	310	0	0	0	0	0
NR	Unknown	1	0	0	0	0	0
NU	Unknown	142	0	0	0	0	0
NZ	Auckland	30518	1	0	2	2	0
NZ	Bay of Plenty	3430	0	0	0	0	0
NZ	Canterbury	8026	0	0	0	0	0
NZ	Chatham Islands	1	0	0	0	0	0
NZ	Gisborne	206	0	0	0	0	0
NZ	Hawke's Bay	2089	0	0	1	0	0
NZ	Manawatu-Wanganui	1964	0	0	0	0	0
NZ	Marlborough	350	0	0	0	0	0
NZ	Nelson	2771	0	0	1	0	0
NZ	Northland	2507	0	0	0	0	0
NZ	Otago	3510	0	0	0	1	0
NZ	Southland	720	0	0	0	0	0
NZ	Taranaki	1018	0	0	0	0	0
NZ	Tasman	78	0	0	0	0	0
NZ	Unknown	9079	1	0	2	0	0
NZ	Waikato	3455	0	0	0	0	0
NZ	Wellington	11435	0	0	0	0	0
NZ	West Coast	139	0	0	0	0	0
OM	Al Batinah	14	0	0	0	0	0
OM	Muhafazat Masqat	6073	0	0	0	0	0
OM	Muhafazat Zufar	41	0	0	0	0	0
OM	Unknown	1568	0	0	0	0	0
PA	Provincia de Bocas del Toro	51	0	0	0	0	0
PA	Provincia de Chiriqui	1874	0	0	0	0	0
PA	Provincia de Cocle	102	0	0	0	0	0
PA	Provincia de Colon	99	0	0	0	0	0
PA	Provincia de Herrera	149	0	0	0	0	0
PA	Provincia del Darien	12	0	0	0	0	0
PA	Provincia de Los Santos	55	0	0	0	0	0
PA	Provincia de Panama	5124	0	0	0	0	0
PA	Provincia de Veraguas	164	0	0	0	0	0
PA	Unknown	1613	0	0	0	0	0
PE	Ancash	98	0	0	0	0	0
PE	Apurimac	12	0	0	0	0	0
PE	Arequipa	1129	0	0	0	1	0
PE	Ayacucho	16	0	0	0	0	0
PE	Cajamarca	166	0	0	0	0	0
PE	Callao	91	0	0	0	0	0
PE	Cusco	729	1	0	0	0	0
PE	Departamento de Moquegua	2	0	0	0	0	0
PE	Huancavelica	2	0	0	0	0	0
PE	Ica	266	0	0	0	0	0
PE	Junin	62	0	0	0	0	0
PE	La Libertad	554	0	0	0	0	0
PE	Lambayeque	450	0	0	0	0	0
PE	Lima	610	0	0	0	0	0
PE	Loreto	11	0	0	0	0	0
PE	Piura	100	0	0	0	0	0
PE	Provincia de Lima	43570	1	0	1	0	0
PE	Puno	50	0	0	0	0	0
PE	Region de Huanuco	17	0	0	0	0	0
PE	Region de San Martin	58	0	0	0	0	0
PE	Tacna	44	0	0	0	0	0
PE	Tumbes	1	0	0	0	0	0
PE	Ucayali	60	0	0	0	0	0
PE	Unknown	6917	0	0	0	0	0
PF	Iles du Vent	1284	0	0	0	0	0
PF	Iles Tuamotu-Gambier	1	0	0	0	0	0
PF	Unknown	25	0	0	0	0	0
PG	Eastern Highlands Province	19	0	0	0	0	0
PG	East Sepik Province	13	0	0	0	0	0
PG	Gulf Province	84	0	0	0	0	0
PG	Morobe Province	2	0	0	0	0	0
PG	National Capital	104	0	0	0	0	0
PG	New Ireland	70	0	0	0	0	0
PG	Southern Highlands Province	1	0	0	0	0	0
PG	Unknown	161	0	0	0	0	0
PG	Western Province	8	0	0	0	0	0
PH	Autonomous Region in Muslim Mindanao	21	0	0	0	0	0
PH	Bicol	392	0	0	0	0	0
PH	Cagayan Valley	63	0	0	0	0	0
PH	Calabarzon	11553	0	1	0	0	0
PH	Caraga	38	0	0	0	0	0
PH	Central Luzon	5504	0	0	0	0	0
PH	Central Visayas	8937	0	0	1	0	0
PH	Cordillera	371	0	0	0	0	0
PH	Davao	1475	0	0	0	0	0
PH	Eastern Visayas	66	0	0	0	0	0
PH	Ilocos	283	0	0	0	0	0
PH	Mimaropa	81	0	0	0	0	0
PH	National Capital Region	23221	0	2	0	0	0
PH	Northern Mindanao	883	0	0	0	0	0
PH	Province of Cavite	6	0	0	0	0	0
PH	Province of Laguna	41	0	0	0	0	0
PH	Province of La Union	5	0	0	0	0	0
PH	Province of Negros Oriental	3	0	0	0	0	0
PH	Province of Pampanga	1	0	0	0	0	0
PH	Province of Pangasinan	2	0	0	0	0	0
PH	Province of Rizal	4	0	0	0	0	0
PH	Province of Zambales	6	0	0	0	0	0
PH	Soccsksargen	492	0	0	0	0	0
PH	Unknown	24252	1	1	0	0	0
PH	Western Visayas	2004	0	0	0	0	0
PH	Zamboanga Peninsula	50	0	0	0	0	0
PK	Azad Kashmir	63	0	0	0	0	0
PK	Balochistan	414	0	0	0	0	0
PK	Federally Administered Tribal Areas	4	0	0	0	0	0
PK	Gilgit-Baltistan	15	0	0	0	0	0
PK	Islamabad Capital Territory	2848	0	0	0	0	0
PK	Khyber Pakhtunkhwa	966	0	0	0	0	0
PK	Punjab	8482	0	0	0	1	0
PK	Sindh	4008	0	0	0	0	0
PK	Unknown	1056	0	0	0	0	0
PL	Greater Poland Voivodeship	87650	2	1	7	0	0
PL	Kujawsko-Pomorskie	69208	0	2	1	0	0
PL	Lesser Poland Voivodeship	103767	1	1	2	1	0
PL	Łódź Voivodeship	32561	0	0	0	0	0
PL	Lower Silesian Voivodeship	89287	2	2	3	2	0
PL	Lublin Voivodeship	19060	1	3	0	0	0
PL	Lubusz	13904	1	0	1	0	0
PL	Masovian Voivodeship	194905	1	4	1	1	3
PL	Opole Voivodeship	16059	1	1	0	0	0
PL	Podlasie	10516	0	0	0	0	0
PL	Pomeranian Voivodeship	49746	1	2	0	1	0
PL	Silesian Voivodeship	105876	2	6	2	1	0
PL	Subcarpathian Voivodeship	23789	0	1	1	0	0
PL	Świętokrzyskie	10023	0	0	0	0	0
PL	Unknown	142691	2	1	8	2	1
PL	Warmian-Masurian Voivodeship	16329	0	0	0	1	0
PL	West Pomeranian Voivodeship	44880	0	0	4	2	0
PM	Commune de Miquelon-Langlade	6	0	0	0	0	0
PM	Commune de Saint-Pierre	43	0	0	0	0	0
PN	Unknown	2	0	0	0	0	0
PR	Adjuntas	1	0	0	0	0	0
PR	Aguada	24	0	0	0	0	0
PR	Aguadilla	37	0	0	0	0	0
PR	Aguas Buenas	11	0	0	0	0	0
PR	Aibonito	10	0	0	0	0	0
PR	Anasco	30	0	0	0	0	0
PR	Arecibo	32	0	0	0	0	0
PR	Arroyo	4	0	0	0	0	0
PR	Barceloneta	2	0	0	0	0	0
PR	Barranquitas	7	0	0	0	0	0
PR	Bayamon Municipio	379	0	0	0	0	0
PR	Cabo Rojo Municipio	35	0	0	0	0	0
PR	Caguas Municipio	205	0	0	0	0	0
PR	Camuy Municipio	6	0	0	0	0	0
PR	Canovanas Municipio	53	0	0	0	0	0
PR	Carolina Municipio	101	0	0	0	0	0
PR	Catano Municipio	61	0	0	0	0	0
PR	Cayey Municipio	37	0	0	0	0	0
PR	Ceiba Municipio	1	0	0	0	0	0
PR	Ciales Municipio	7	0	0	0	0	0
PR	Cidra Municipio	31	0	0	0	0	0
PR	Coamo Municipio	22	0	0	0	0	0
PR	Comerio Municipio	10	0	0	0	0	0
PR	Corozal Municipio	7	0	0	0	0	0
PR	Dorado Municipio	20	0	0	0	0	0
PR	Fajardo Municipio	22	0	0	0	0	0
PR	Guayama Municipio	15	0	0	0	0	0
PR	Guayanilla Municipio	1	0	0	0	0	0
PR	Guaynabo Municipio	147	0	0	0	0	0
PR	Gurabo Municipio	10	0	0	0	0	0
PR	Hatillo Municipio	9	0	0	0	0	0
PR	Hormigueros Municipio	1	0	0	0	0	0
PR	Humacao Municipio	27	0	0	0	0	0
PR	Juana Diaz Municipio	108	0	0	0	0	0
PR	Lajas Municipio	13	0	0	0	0	0
PR	Lares Municipio	4	0	0	0	0	0
PR	Las Piedras Municipio	22	0	0	0	0	0
PR	Loiza Municipio	4	0	0	0	0	0
PR	Luquillo Municipio	16	0	0	0	0	0
PR	Manati Municipio	14	0	0	0	0	0
PR	Mayagueez Municipio	147	0	0	0	0	0
PR	Moca Municipio	26	0	0	0	0	0
PR	Morovis Municipio	10	0	0	0	0	0
PR	Municipio de Isabela	23	0	0	0	0	0
PR	Municipio de Jayuya	2	0	0	0	0	0
PR	Municipio de Juncos	3	0	0	0	0	0
PR	Naguabo Municipio	3	0	0	0	0	0
PR	Naranjito Municipio	16	0	0	0	0	0
PR	Orocovis Municipio	12	0	0	0	0	0
PR	Patillas Municipio	4	0	0	0	0	0
PR	Penuelas Municipio	1	0	0	0	0	0
PR	Ponce Municipio	229	0	0	0	0	0
PR	Quebradillas Municipio	2	0	0	0	0	0
PR	Rincon Municipio	14	0	0	0	0	0
PR	Rio Grande Municipio	20	0	0	0	0	0
PR	Sabana Grande Municipio	1	0	0	0	0	0
PR	Salinas Municipio	4	0	0	0	0	0
PR	San German Municipio	13	0	0	0	0	0
PR	San Juan	1520	0	0	0	0	0
PR	San Lorenzo Municipio	2	0	0	0	0	0
PR	San Sebastian Municipio	11	0	0	0	0	0
PR	Santa Isabel Municipio	12	0	0	0	0	0
PR	Toa Alta Municipio	62	0	0	0	0	0
PR	Toa Baja Municipio	77	0	0	0	0	0
PR	Trujillo Alto Municipio	20	0	0	0	0	0
PR	Unknown	321	0	0	0	0	0
PR	Utuado Municipio	12	0	0	0	0	0
PR	Vega Alta Municipio	18	0	0	0	0	0
PR	Vega Baja Municipio	37	0	0	0	0	0
PR	Vieques Municipality	7	0	0	0	0	0
PR	Villalba Municipio	4	0	0	0	0	0
PR	Yabucoa Municipio	13	0	0	0	0	0
PS	Gaza Strip	589	0	0	0	0	0
PS	Unknown	1538	0	0	0	0	0
PS	West Bank	3984	0	0	0	0	0
PT	Aveiro	4836	0	0	1	0	0
PT	Azores	1500	0	0	0	0	0
PT	Bragança	179	0	0	0	0	0
PT	Distrito da Guarda	336	0	0	0	0	0
PT	Distrito de Beja	920	0	1	0	0	0
PT	Distrito de Braga	5544	0	0	0	0	0
PT	Distrito de Castelo Branco	670	0	0	0	0	0
PT	Distrito de Coimbra	4640	0	0	0	0	0
PT	Distrito de Evora	1099	0	0	0	0	0
PT	Distrito de Faro	16782	0	0	0	0	0
PT	Distrito de Leiria	4040	0	0	0	0	0
PT	Distrito de Portalegre	223	0	0	0	0	0
PT	Distrito de Santarem	3159	0	0	0	0	0
PT	Distrito de Viana do Castelo	1030	0	0	0	0	0
PT	Distrito de Vila Real	628	0	0	0	0	0
PT	Distrito de Viseu	1339	0	0	0	0	0
PT	Distrito do Porto	21719	0	0	0	0	0
PT	Lisbon	86809	1	2	1	2	0
PT	Madeira	5229	0	0	0	0	0
PT	Setúbal	7780	0	0	0	0	0
PT	Unknown	43272	0	4	0	0	0
PW	Unknown	67	0	0	0	0	0
PY	Asuncion	20783	2	2	1	0	0
PY	Departamento Central	2274	0	0	0	0	0
PY	Departamento de Boqueron	1700	0	0	0	0	0
PY	Departamento de Caazapa	25	0	0	0	0	0
PY	Departamento de Itapua	238	0	0	0	0	0
PY	Departamento de la Cordillera	27	0	0	0	0	0
PY	Departamento del Alto Parana	530	0	0	0	0	0
PY	Departamento del Amambay	1	0	0	0	0	0
PY	Departamento del Guaira	239	0	0	0	0	0
PY	Departamento de Misiones	101	0	0	0	0	0
PY	Departamento de Paraguari	15	0	0	0	0	0
PY	Departamento de Presidente Hayes	22	0	0	0	0	0
PY	Unknown	2865	0	0	0	0	0
QA	Al Wakrah	5	0	0	0	0	0
QA	Baladiyat ad Dawhah	11711	0	0	1	0	0
QA	Baladiyat al Khawr wa adh Dhakhirah	29	0	0	0	0	0
QA	Baladiyat ar Rayyan	36	0	0	0	0	0
QA	Baladiyat ash Shamal	34	0	0	0	0	0
QA	Baladiyat az Za'ayin	45	0	0	0	0	0
QA	Baladiyat Umm Salal	6	0	0	0	0	0
QA	Unknown	440	0	0	0	0	0
RE	Unknown	6793	0	0	0	0	0
RO	Arad	7460	0	0	0	0	0
RO	Bihor	8610	0	0	0	0	0
RO	Bucuresti	67597	0	1	1	0	1
RO	Constanta	4469	0	0	0	0	0
RO	Covasna	552	0	0	0	0	0
RO	Dolj	11451	0	0	0	0	0
RO	Giurgiu	547	0	0	0	0	0
RO	Gorj	894	0	0	0	0	0
RO	Harghita	3043	0	0	0	1	0
RO	Hunedoara	3378	0	0	1	0	0
RO	Ilfov	2536	0	0	0	0	0
RO	Judetul Alba	3252	0	0	0	0	0
RO	Judetul Arges	3656	0	0	0	0	0
RO	Judetul Bacau	2662	0	0	0	0	0
RO	Judetul Bistrita-Nasaud	2327	0	0	0	0	0
RO	Judetul Botosani	1608	0	0	1	0	0
RO	Judetul Braila	1298	0	0	0	0	0
RO	Judetul Brasov	17727	1	2	0	1	0
RO	Judetul Buzau	1834	0	0	0	0	0
RO	Judetul Calarasi	852	0	0	0	0	0
RO	Judetul Caras-Severin	4348	0	2	0	3	1
RO	Judetul Cluj	30847	0	0	3	2	0
RO	Judetul Dambovita	1858	0	0	0	0	0
RO	Judetul Galati	3273	0	1	0	0	0
RO	Judetul Ialomita	897	0	0	0	0	0
RO	Judetul Iasi	11710	1	1	0	0	0
RO	Judetul Mehedinti	147	0	0	0	0	0
RO	Judetul Mures	10062	0	0	1	1	0
RO	Judetul Neamt	2043	0	0	0	0	0
RO	Judetul Salaj	1462	0	0	0	0	0
RO	Judetul Sibiu	19769	0	1	2	1	0
RO	Judetul Timis	32277	0	4	2	1	0
RO	Judetul Valcea	1714	0	0	0	0	0
RO	Maramureş	3280	0	0	0	0	0
RO	Olt	1167	0	0	0	0	0
RO	Prahova	5437	0	0	0	0	0
RO	Satu Mare	5817	0	0	0	5	0
RO	Suceava	3659	0	0	0	0	0
RO	Teleorman	997	0	0	0	0	0
RO	Tulcea	1396	0	0	0	0	0
RO	Unknown	90378	0	1	0	1	0
RO	Vaslui	922	0	0	0	0	0
RO	Vrancea	1193	0	0	0	0	0
RS	Central Serbia	124338	1	2	2	1	1
RS	Unknown	18921	0	0	0	0	0
RS	Vojvodina	24036	0	0	1	1	0
RU	Altai Krai	3652	0	3	0	0	0
RU	Amurskaya Oblast'	516	0	0	0	0	0
RU	Arkhangelskaya	2696	0	0	0	0	0
RU	Astrakhanskaya Oblast'	1324	1	0	0	0	0
RU	Bashkortostan	5569	0	2	0	0	0
RU	Belgorodskaya Oblast'	2172	0	0	0	0	0
RU	Bryanskaya Oblast'	1872	0	0	0	0	0
RU	Chechnya	741	0	0	0	0	0
RU	Chelyabinsk	8635	0	0	0	0	0
RU	Chukotskiy Avtonomnyy Okrug	1	0	0	0	0	0
RU	Chuvashia	1733	0	0	0	0	0
RU	Dagestan	903	0	0	0	0	0
RU	Irkutskaya Oblast'	5109	0	0	0	0	0
RU	Ivanovskaya Oblast'	1913	0	0	0	0	0
RU	Jewish Autonomous Oblast	16	0	0	0	0	0
RU	Kabardino-Balkarskaya Respublika	426	0	0	0	0	0
RU	Kaliningradskaya Oblast'	9491	0	0	0	0	0
RU	Kalmykiya	372	0	0	0	0	0
RU	Kaluzhskaya Oblast'	3221	0	0	0	0	0
RU	Kamtchatski Kray	115	0	0	0	0	0
RU	Karachayevo-Cherkesiya	208	0	0	0	0	0
RU	Kemerovskaya Oblast'	4054	0	0	0	0	0
RU	Khabarovsk Krai	2716	0	2	0	0	0
RU	Khanty-Mansiyskiy Avtonomnyy Okrug-Yugra	10219	2	0	0	0	0
RU	Kirovskaya Oblast'	2447	0	1	1	0	0
RU	Komi Republic	1937	0	0	0	0	0
RU	Kostromskaya Oblast'	1236	0	0	0	0	0
RU	Krasnodarskiy Kray	18050	0	0	0	0	0
RU	Krasnoyarskiy Kray	7745	0	0	0	0	0
RU	Kurganskaya Oblast'	1141	0	0	0	0	0
RU	Kurskaya Oblast'	1739	0	0	0	0	0
RU	Leningrad	2789	0	0	0	0	0
RU	Lipetskaya Oblast'	2757	0	0	0	0	0
RU	Magadanskaya Oblast'	37	0	0	0	0	0
RU	Moscow	190052	3	2	3	0	0
RU	Moscow Oblast	18232	0	0	0	1	0
RU	Murmansk	1534	0	0	0	0	0
RU	Nenetskiy Avtonomnyy Okrug	26	0	0	0	0	0
RU	Nizhegorodskaya Oblast'	14441	0	0	1	0	0
RU	North Ossetia	556	0	0	0	0	0
RU	Novgorodskaya Oblast'	1928	0	0	0	0	0
RU	Novosibirskaya Oblast'	10829	0	1	1	0	0
RU	Omskaya Oblast'	4210	0	0	0	0	0
RU	Orenburgskaya Oblast'	5649	0	0	2	0	0
RU	Orlovskaya Oblast'	1489	0	0	0	0	0
RU	Penzenskaya Oblast'	2323	0	0	0	0	0
RU	Perm Krai	6598	0	0	0	0	1
RU	Primorskiy Kray	2796	0	0	0	0	0
RU	Pskovskaya Oblast'	1337	0	0	0	0	0
RU	Republic of Karelia	1698	0	0	0	0	0
RU	Respublika Adygeya	293	0	0	0	0	0
RU	Respublika Altay	91	0	0	0	0	0
RU	Respublika Buryatiya	1201	0	0	0	0	0
RU	Respublika Ingushetiya	111	0	0	0	0	0
RU	Respublika Khakasiya	620	0	0	0	0	0
RU	Respublika Mariy-El	964	0	0	0	0	0
RU	Respublika Mordoviya	1337	0	0	0	0	0
RU	Respublika Sakha (Yakutiya)	849	0	0	0	0	0
RU	Respublika Tyva	35	0	0	0	0	0
RU	Rostov	11269	0	0	0	0	0
RU	Ryazanskaya Oblast'	1988	0	0	0	0	0
RU	Sakhalinskaya Oblast'	517	0	0	0	0	0
RU	Samarskaya Oblast'	9109	0	0	0	0	0
RU	Saratovskaya Oblast'	6270	0	0	0	0	0
RU	Smolenskaya Oblast'	2161	0	0	0	0	0
RU	Stavropol'skiy Kray	3150	0	0	0	0	0
RU	St.-Petersburg	74661	0	0	1	1	0
RU	Sverdlovskaya Oblast'	13433	1	0	0	0	0
RU	Tambovskaya Oblast'	1506	0	0	0	0	0
RU	Tatarstan	8834	0	0	0	0	0
RU	Tomskaya Oblast'	7193	0	0	0	0	0
RU	Transbaikal Territory	2204	0	0	0	0	0
RU	Tul'skaya Oblast'	3227	0	0	0	0	0
RU	Tverskaya Oblast'	3059	0	0	0	0	0
RU	Tyumenskaya Oblast'	2992	0	0	0	0	0
RU	Udmurtskaya Respublika	3264	0	0	0	0	0
RU	Ulyanovsk Oblast	2908	0	0	0	0	0
RU	Unknown	106517	0	1	0	0	0
RU	Vladimirskaya Oblast'	2680	0	0	0	0	0
RU	Volgogradskaya Oblast'	5587	0	0	0	0	0
RU	Vologodskaya Oblast'	2385	0	0	0	0	0
RU	Voronezhskaya Oblast'	7791	0	0	0	0	0
RU	Yamalo-Nenetskiy Avtonomnyy Okrug	886	0	0	0	0	0
RU	Yaroslavskaya Oblast'	4345	0	0	0	0	0
RW	Kigali	1554	0	0	0	0	0
RW	Unknown	836	0	0	0	0	0
RW	Western Province	1	0	0	0	0	0
SA	Al Jawf	3	0	0	0	0	0
SA	Al Madinah al Munawwarah	164	0	0	0	0	0
SA	Al-Qassim	31	0	0	0	0	0
SA	Ar Riyāḑ	12310	0	1	0	1	0
SA	Eastern Province	3214	0	2	0	0	0
SA	Jizan	23	0	0	0	0	0
SA	Makkah Province	9996	0	0	1	0	0
SA	Mintaqat al Bahah	1	0	0	0	0	0
SA	Mintaqat 'Asir	32	0	0	0	0	0
SA	Mintaqat Ha'il	19	0	0	0	0	0
SA	Mintaqat Najran	12	0	0	0	0	0
SA	Mintaqat Tabuk	25	0	0	0	0	0
SA	Unknown	5681	0	0	0	1	0
SB	Guadalcanal Province	12	0	0	0	0	0
SB	Unknown	18	0	0	0	0	0
SC	Beau Vallon	301	0	0	0	0	0
SC	English River	1132	0	0	0	0	0
SC	Unknown	138	0	0	0	0	0
SD	Khartoum	1577	0	0	0	0	0
SD	Northern Darfur	119	0	0	0	0	0
SD	Unknown	2365	0	0	0	0	0
SE	Blekinge	5257	0	0	0	0	0
SE	Dalarna	7592	0	0	0	0	0
SE	Gävleborg	15751	0	0	2	0	0
SE	Gotland	1386	0	0	0	0	0
SE	Halland	8739	0	1	2	0	0
SE	Jämtland	2780	0	0	0	0	0
SE	Jönköping	12001	0	1	0	0	0
SE	Kalmar	9477	1	2	1	0	0
SE	Kronoberg	8691	0	0	0	1	0
SE	Norrbotten	8140	1	0	0	0	0
SE	Örebro	7322	1	0	1	0	0
SE	Östergötland	21788	0	0	0	0	0
SE	Skåne	64040	0	6	3	1	0
SE	Södermanland	5321	0	0	0	0	0
SE	Stockholm	187592	2	4	7	4	1
SE	Unknown	126700	5	6	0	2	1
SE	Uppsala	25502	0	0	0	2	1
SE	Värmland	7244	0	0	0	0	0
SE	Västerbotten	14827	0	0	0	10	0
SE	Västernorrland	4517	0	0	0	1	2
SE	Västmanland	6771	0	0	0	0	0
SE	Västra Götaland	79847	0	2	3	2	0
SG	North West Community Development Council	3	0	0	0	0	0
SG	Unknown	81006	0	1	1	1	0
SI	Beltinci	498	0	0	0	0	0
SI	Benedikt	28	0	0	0	0	0
SI	Bloke	14	0	0	0	0	0
SI	Bohinj	36	0	0	0	0	0
SI	Brda	160	0	0	0	0	0
SI	Brezovica	197	0	0	0	0	0
SI	Cankova	26	0	0	0	0	0
SI	Celje	4969	0	0	0	0	0
SI	Cerklje na Gorenjskem	94	0	0	0	0	0
SI	Cerknica	62	0	0	0	0	0
SI	Cerkno	197	0	0	0	0	0
SI	Cerkvenjak	81	0	0	0	0	0
SI	Destrnik	116	0	0	0	0	0
SI	Dobrepolje	8	0	0	0	0	0
SI	Dobrna	17	0	0	0	0	0
SI	Dobrova-Polhov Gradec	251	0	0	0	0	0
SI	Dobrovnik	40	0	0	0	0	0
SI	Dolenjske Toplice	46	0	0	0	0	0
SI	Dol pri Ljubljani	272	0	0	0	0	0
SI	Dornava	13	0	0	0	0	0
SI	Dravograd	433	0	0	0	0	0
SI	Duplek	300	0	0	0	0	0
SI	Gorenja Vas-Poljane	119	0	0	0	0	0
SI	Gorje	9	0	0	0	0	0
SI	Gornja Radgona	781	0	0	0	0	0
SI	Gornji Grad	28	0	0	0	0	0
SI	Gornji Petrovci	17	0	0	0	0	0
SI	Grosuplje	420	0	0	0	0	0
SI	Hajdina	325	0	0	0	0	0
SI	Horjul	128	0	0	0	0	0
SI	Hrastnik	471	0	0	0	0	0
SI	Idrija	650	0	0	0	0	0
SI	Ig	42	0	0	0	0	0
SI	Ilirska Bistrica	93	0	0	0	0	0
SI	Izola	447	0	0	0	0	0
SI	Jesenice	705	0	0	0	0	0
SI	Kamnik	611	0	0	0	0	0
SI	Kanal	70	0	0	0	0	0
SI	Kobilje	7	0	0	0	0	0
SI	Komen	1	0	0	0	0	0
SI	Komenda	60	0	0	0	0	0
SI	Koper	1850	0	0	0	0	0
SI	Kostanjevica na Krki	12	0	0	0	0	0
SI	Kranj	4441	0	0	0	0	0
SI	Kranjska Gora	308	0	0	0	0	0
SI	Kungota	189	0	0	0	0	0
SI	Lenart	326	0	0	0	0	0
SI	Lendava	593	0	0	0	0	0
SI	Litija	61	0	0	0	0	0
SI	Ljubljana	67700	0	0	1	1	3
SI	Ljubno	22	0	0	0	0	0
SI	Ljutomer	495	0	0	0	0	0
SI	Logatec	310	0	0	0	0	0
SI	Log\u2013Dragomer	62	0	0	0	0	0
SI	Lovrenc na Pohorju	80	0	0	0	0	0
SI	Lukovica	75	0	0	0	0	0
SI	Makole	127	0	0	0	0	0
SI	Maribor	25294	0	0	0	0	1
SI	Markovci	72	0	0	0	0	0
SI	Medvode	614	0	0	0	0	0
SI	Mestna Obcina Novo mesto	1613	0	0	0	0	0
SI	Metlika	39	0	0	0	0	0
SI	Miren-Kostanjevica	42	0	0	0	0	0
SI	Mislinja	67	0	0	0	0	0
SI	Mokronog-Trebelno	37	0	0	0	0	0
SI	Moravske Toplice	263	0	0	0	0	0
SI	Mozirje	120	0	0	0	0	0
SI	Murska Sobota	1311	0	0	0	0	0
SI	Muta	29	0	0	0	0	0
SI	Naklo	103	0	0	0	0	0
SI	Nazarje	49	0	0	0	0	0
SI	Nova Gorica	1813	0	0	0	0	0
SI	Obcina Ajdovscina	730	0	0	0	0	0
SI	Obcina Apace	44	0	0	0	0	0
SI	Obcina Bled	668	0	0	0	0	0
SI	Obcina Bovec	69	0	0	0	0	0
SI	Obcina Braslovce	86	0	0	0	0	0
SI	Obcina Brezice	227	0	0	0	0	0
SI	Obcina Crensovci	63	0	0	0	0	0
SI	Obcina Crna na Koroskem	34	0	0	0	0	0
SI	Obcina Crnomelj	9	0	0	0	0	0
SI	Obcina Divaca	29	0	0	0	0	0
SI	Obcina Domzale	2367	0	0	0	0	0
SI	Obcina Gorisnica	282	0	0	0	0	0
SI	Obcina Hoce-Slivnica	340	0	0	0	0	0
SI	Obcina Ivancna Gorica	145	0	0	0	0	0
SI	Obcina Jursinci	51	0	0	0	0	0
SI	Obcina Kidricevo	354	0	0	0	0	0
SI	Obcina Kobarid	10	0	0	0	0	0
SI	Obcina Kocevje	202	0	0	0	0	0
SI	Obcina Krizevci	225	0	0	0	0	0
SI	Obcina Krsko	397	0	0	0	0	0
SI	Obcina Lasko	244	0	0	0	0	0
SI	Obcina Loska Dolina	78	0	0	0	0	0
SI	Obcina Majsperk	142	0	0	0	0	0
SI	Obcina Menges	469	0	0	0	0	0
SI	Obcina Mezica	37	0	0	0	0	0
SI	Obcina Miklavz na Dravskem Polju	1240	1	0	0	0	0
SI	Obcina Moravce	51	0	0	0	0	0
SI	Obcina Ormoz	181	0	0	0	0	0
SI	Obcina Podcetrtek	1	0	0	0	0	0
SI	Obcina Poljcane	138	0	0	0	0	0
SI	Obcina Race-Fram	794	0	0	0	0	0
SI	Obcina Radece	96	0	0	0	0	0
SI	Obcina Ravne na Koroskem	178	0	0	1	0	0
SI	Obcina Recica ob Savinji	41	0	0	0	0	0
SI	Obcina Rence-Vogrsko	174	0	0	0	0	0
SI	Obcina Rogaska Slatina	300	0	0	0	0	0
SI	Obcina Rogasovci	40	0	0	0	0	0
SI	Obcina Ruse	432	0	0	0	0	0
SI	Obcina Semic	11	0	0	0	0	0
SI	Obcina Sempeter-Vrtojba	210	0	0	0	0	0
SI	Obcina Sencur	78	0	0	0	0	0
SI	Obcina Sentilj	214	0	0	0	0	0
SI	Obcina Sentjernej	63	0	0	0	0	0
SI	Obcina Sentjur	319	0	0	0	0	0
SI	Obcina Sentrupert	7	0	0	0	0	0
SI	Obcina Sezana	147	0	0	0	0	0
SI	Obcina Skofljica	319	0	0	0	0	0
SI	Obcina Smarje pri Jelsah	64	0	0	0	0	0
SI	Obcina Smarjeske Toplice	34	0	0	0	0	0
SI	Obcina Smartno ob Paki	83	0	0	0	0	0
SI	Obcina Smartno pri Litiji	5	0	0	0	0	0
SI	Obcina Sodrazica	18	0	0	0	0	0
SI	Obcina Sostanj	107	0	0	0	0	0
SI	Obcina Sredisce ob Dravi	17	0	0	0	0	0
SI	Obcina Starse	82	0	0	0	0	0
SI	Obcina Store	17	0	0	0	0	0
SI	Obcina Sveti Jurij ob Scavnici	63	1	0	0	0	0
SI	Obcina Sveti Tomaz	2	0	0	0	0	0
SI	Obcina Tisina	119	0	0	0	0	0
SI	Obcina Tolmin	94	0	0	0	0	0
SI	Obcina Trnovska vas	66	0	0	0	0	0
SI	Obcina Trzic	342	0	0	0	0	0
SI	Obcina Turnisce	103	0	0	0	0	0
SI	Obcina Velike Lasce	39	0	0	0	0	0
SI	Obcina Verzej	77	0	0	0	0	0
SI	Obcina Zalec	850	0	0	0	0	0
SI	Obcina Zavrc	5	0	0	0	0	0
SI	Obcina Zelezniki	252	0	0	0	0	0
SI	Obcina Zetale	1	0	0	0	0	0
SI	Obcina Ziri	58	0	0	0	0	0
SI	Obcina Zirovnica	31	0	0	0	0	0
SI	Obcina Zrece	249	0	0	0	0	0
SI	Odranci	68	0	0	0	0	0
SI	Oplotnica	103	0	1	0	0	0
SI	Pesnica	189	0	0	0	0	0
SI	Piran	400	0	0	0	0	0
SI	Podlehnik	4	0	0	0	0	0
SI	Polzela	132	0	0	0	0	0
SI	Postojna	433	0	0	0	0	0
SI	Prebold	191	0	0	0	0	0
SI	Preddvor	144	0	0	0	0	0
SI	Prevalje	281	0	0	0	0	0
SI	Ptuj	2670	0	0	0	0	0
SI	Puconci	35	0	0	0	0	0
SI	Radenci	520	0	0	0	0	0
SI	Radlje ob Dravi	154	0	0	0	0	0
SI	Radovljica	1112	0	0	0	0	0
SI	Ribnica	249	0	0	0	0	0
SI	Selnica ob Dravi	450	0	0	0	0	0
SI	Sevnica	412	0	0	0	0	0
SI	Škofja Loka	578	0	0	0	0	0
SI	Slovenj Gradec	626	0	0	0	0	0
SI	Slovenska Bistrica	1209	0	0	0	0	0
SI	Slovenske Konjice	380	0	0	0	0	0
SI	Sveta Ana	60	0	0	0	0	0
SI	Sveti Jurij v Slovenskih Goricah	46	0	0	0	0	0
SI	Trbovlje	759	0	0	0	0	0
SI	Trebnje	219	0	0	0	0	0
SI	Trzin	476	0	0	0	0	0
SI	Unknown	35463	0	0	0	1	2
SI	Velenje	1681	0	0	0	0	0
SI	Videm	83	0	0	0	0	0
SI	Vipava	226	0	0	0	0	0
SI	Vitanje	21	0	0	0	0	0
SI	Vodice	77	0	0	0	0	0
SI	Vojnik	318	0	0	0	0	0
SI	Vrhnika	424	0	0	0	0	0
SI	Vuzenica	62	0	0	0	0	0
SI	Zagorje ob Savi	435	0	0	0	0	0
SJ	Svalbard	2	0	0	0	0	0
SK	Banskobystricky kraj	16465	0	0	0	0	0
SK	Bratislavsky kraj	89266	3	0	1	2	1
SK	Kosicky kraj	19644	0	2	0	2	0
SK	Nitriansky kraj	21713	0	0	0	0	0
SK	Presovsky kraj	13879	0	0	0	0	0
SK	Trenciansky kraj	5615	0	0	0	0	0
SK	Trnavsky kraj	16982	0	0	0	0	0
SK	Unknown	50240	2	1	0	1	0
SK	Zilinsky kraj	17804	1	1	0	0	0
SL	Unknown	340	0	0	0	0	0
SL	Western Area	134	0	0	0	0	0
SM	Castello di Acquaviva	11	0	0	0	0	0
SM	Castello di Borgo Maggiore	27	0	0	0	0	0
SM	Castello di Domagnano	21	0	0	0	0	0
SM	Castello di Faetano	11	0	0	0	0	0
SM	Castello di Fiorentino	8	0	0	0	0	0
SM	Castello di San Marino Citta	110	0	0	0	0	0
SM	Serravalle	159	0	0	0	0	0
SM	Unknown	6	0	0	0	0	0
SN	Dakar	2408	0	0	0	0	0
SN	Kolda	8	0	0	0	0	0
SN	Louga	1	0	0	0	0	0
SN	Saint-Louis	4	0	0	0	0	0
SN	Unknown	1038	0	0	0	0	0
SO	Banaadir	176	0	0	0	0	0
SO	Unknown	547	0	0	0	0	0
SO	Woqooyi Galbeed	4	0	0	0	0	0
SR	Distrikt Brokopondo	3	0	0	0	0	0
SR	Distrikt Nickerie	6	0	0	0	0	0
SR	Distrikt Paramaribo	1312	0	0	0	0	0
SR	Distrikt Wanica	1	0	0	0	0	0
SS	Central Equatoria	106	0	0	0	0	0
SS	Unknown	62	0	0	0	0	0
ST	São Tomé Island	18	0	0	0	0	0
ST	Unknown	68	0	0	0	0	0
SV	Departamento de Ahuachapan	6	0	0	0	0	0
SV	Departamento de Chalatenango	2	0	0	0	0	0
SV	Departamento de Cuscatlan	20	0	0	0	0	0
SV	Departamento de La Libertad	692	0	0	0	0	0
SV	Departamento de La Paz	1	0	0	0	0	0
SV	Departamento de La Union	1	0	0	0	0	0
SV	Departamento de Morazan	3	0	0	0	0	0
SV	Departamento de San Miguel	61	0	0	0	0	0
SV	Departamento de San Salvador	3945	0	0	0	0	0
SV	Departamento de Santa Ana	83	0	0	0	0	0
SV	Departamento de San Vicente	2	0	0	0	0	0
SV	Departamento de Sonsonate	34	0	0	0	0	0
SV	Departamento de Usulutan	18	0	0	0	0	0
SV	Unknown	35	0	0	0	0	0
SX	Unknown	381	0	0	0	0	0
SY	Aleppo Governorate	2	0	0	0	0	0
SY	As-Suwayda Governorate	4	0	0	0	0	0
SY	Damascus Governorate	109	0	0	0	0	0
SY	Latakia Governorate	30	0	0	0	0	0
SY	Quneitra Governorate	5	0	0	0	0	0
SY	Unknown	3651	0	0	0	0	0
SZ	Hhohho District	142	0	0	0	0	0
SZ	Lubombo District	1	0	0	0	0	0
SZ	Manzini District	56	0	0	0	0	0
SZ	Unknown	13	0	0	0	0	0
TC	Unknown	91	0	0	0	0	0
TD	Chari-Baguirmi Region	17	0	0	0	0	0
TD	Unknown	68	0	0	0	0	0
TG	Maritime	2810	0	0	0	0	0
TG	Unknown	295	0	0	0	0	0
TH	Bangkok	99827	4	7	1	0	0
TH	Changwat Amnat Charoen	106	0	0	0	0	0
TH	Changwat Buriram	647	0	0	0	0	0
TH	Changwat Chachoengsao	330	0	0	0	0	0
TH	Changwat Chai Nat	3	0	0	0	0	0
TH	Changwat Chaiyaphum	97	0	0	0	0	0
TH	Changwat Chanthaburi	1297	0	0	0	0	0
TH	Changwat Chiang Rai	1071	0	1	0	0	0
TH	Changwat Chon Buri	25125	0	3	1	0	0
TH	Changwat Chumphon	244	0	0	0	0	0
TH	Changwat Kalasin	165	0	0	0	0	0
TH	Changwat Kamphaeng Phet	308	0	0	0	0	0
TH	Changwat Kanchanaburi	582	0	0	0	4	0
TH	Changwat Khon Kaen	2454	1	0	0	0	0
TH	Changwat Krabi	583	0	0	0	0	0
TH	Changwat Lampang	527	0	0	0	0	0
TH	Changwat Lamphun	268	0	0	0	0	0
TH	Changwat Loei	133	0	0	0	0	0
TH	Changwat Lop Buri	4	0	0	0	0	0
TH	Changwat Mae Hong Son	11	0	0	0	0	0
TH	Changwat Maha Sarakham	10	0	0	0	0	0
TH	Changwat Mukdahan	40	0	0	0	0	0
TH	Changwat Nakhon Nayok	8	0	0	0	0	0
TH	Changwat Nakhon Pathom	992	0	0	0	0	0
TH	Changwat Nakhon Phanom	16	0	0	0	0	0
TH	Changwat Nakhon Ratchasima	2176	0	0	2	0	0
TH	Changwat Nakhon Sawan	267	0	0	0	0	0
TH	Changwat Nakhon Si Thammarat	22	0	0	0	0	0
TH	Changwat Nan	96	0	0	0	0	0
TH	Changwat Narathiwat	92	0	0	0	0	0
TH	Changwat Nong Bua Lamphu	30	0	0	0	0	0
TH	Changwat Nong Khai	36	0	0	0	0	0
TH	Changwat Nonthaburi	3906	0	0	0	0	0
TH	Changwat Pathum Thani	1430	0	0	0	0	0
TH	Changwat Pattani	114	0	0	0	0	0
TH	Changwat Phangnga	152	0	0	0	0	0
TH	Changwat Phatthalung	37	0	0	0	0	0
TH	Changwat Phayao	176	0	0	0	0	0
TH	Changwat Phetchabun	417	0	0	0	0	0
TH	Changwat Phetchaburi	1110	0	0	0	0	0
TH	Changwat Phichit	74	0	0	0	0	0
TH	Changwat Phitsanulok	1472	0	0	0	3	0
TH	Changwat Phrae	121	0	0	0	0	0
TH	Changwat Phra Nakhon Si Ayutthaya	914	0	0	0	0	0
TH	Changwat Prachuap Khiri Khan	1157	0	0	0	0	0
TH	Changwat Ranong	23	0	0	0	0	0
TH	Changwat Ratchaburi	439	0	0	0	0	0
TH	Changwat Rayong	2158	0	0	0	0	0
TH	Changwat Roi Et	53	0	0	0	0	0
TH	Changwat Sa Kaeo	5	0	0	0	0	0
TH	Changwat Sakon Nakhon	32	0	0	0	0	0
TH	Changwat Samut Prakan	232	0	0	0	0	0
TH	Changwat Samut Sakhon	824	0	0	0	0	0
TH	Changwat Samut Songkhram	28	0	0	0	0	0
TH	Changwat Sara Buri	18	0	0	0	0	0
TH	Changwat Satun	62	0	0	0	0	0
TH	Changwat Sing Buri	1	0	0	0	0	0
TH	Changwat Sisaket	30	0	0	0	0	0
TH	Changwat Songkhla	1020	0	0	0	0	0
TH	Changwat Sukhothai	151	0	0	0	0	0
TH	Changwat Suphan Buri	89	0	0	0	0	0
TH	Changwat Surat Thani	4215	0	0	0	1	0
TH	Changwat Surin	482	0	0	0	0	0
TH	Changwat Tak	124	0	0	0	0	0
TH	Changwat Trang	173	0	0	0	0	0
TH	Changwat Trat	512	0	0	0	0	0
TH	Changwat Ubon Ratchathani	492	0	0	0	0	0
TH	Changwat Udon Thani	2167	0	0	0	0	0
TH	Changwat Uthai Thani	8	0	0	0	0	0
TH	Changwat Uttaradit	330	0	0	0	0	0
TH	Changwat Yala	130	0	0	0	0	0
TH	Changwat Yasothon	69	0	0	0	0	0
TH	Chiang Mai Province	12965	0	1	0	0	0
TH	Phuket	10209	0	0	1	0	0
TH	Unknown	34033	0	1	2	2	0
TJ	Gorno-Badakhshan	52	0	0	0	0	0
TJ	Unknown	1715	0	0	0	0	0
TJ	Viloyati Sughd	102	0	0	0	0	0
TK	Unknown	1	0	0	0	0	0
TL	Dili	128	0	0	0	0	0
TL	Unknown	484	0	0	0	0	0
TM	Ahal	975	0	0	0	0	0
TM	Unknown	127	0	0	0	0	0
TN	Gafsa	68	0	0	0	0	0
TN	Gouvernorat de Beja	80	0	0	0	0	0
TN	Gouvernorat de Ben Arous	101	0	0	0	0	0
TN	Gouvernorat de Bizerte	3	0	0	0	0	0
TN	Gouvernorat de Kairouan	6	0	0	0	0	0
TN	Gouvernorat de Kasserine	1	0	0	0	0	0
TN	Gouvernorat de Kebili	3	0	0	0	0	0
TN	Gouvernorat de Kef	13	0	0	0	0	0
TN	Gouvernorat de l'Ariana	296	0	0	0	0	0
TN	Gouvernorat de Mahdia	20	0	0	0	0	0
TN	Gouvernorat de Monastir	40	0	0	0	0	0
TN	Gouvernorat de Nabeul	104	0	0	0	0	0
TN	Gouvernorat de Sfax	121	0	0	0	0	0
TN	Gouvernorat de Sidi Bouzid	57	0	0	0	0	0
TN	Gouvernorat de Siliana	11	0	0	0	0	0
TN	Gouvernorat de Sousse	114	0	0	0	0	0
TN	Gouvernorat de Tozeur	169	0	0	0	0	0
TN	Gouvernorat de Tunis	4063	0	0	1	0	0
TN	Gouvernorat de Zaghouan	38	0	0	0	0	0
TN	Manouba	190	0	0	0	0	0
TN	Tataouine	55	0	0	0	0	0
TN	Unknown	32490	2	0	5	0	0
TO	Tongatapu	4	0	0	0	0	0
TO	Unknown	80	0	0	0	0	0
TO	Vava'u	4	0	0	0	0	0
TR	Adana	7214	0	0	0	0	0
TR	Adiyaman	96	0	0	0	0	0
TR	Afyonkarahisar	794	0	0	0	0	0
TR	Ağrı	91	0	0	0	0	0
TR	Aksaray	642	0	0	0	0	0
TR	Amasya	250	0	0	0	0	0
TR	Ankara	49534	0	4	0	1	0
TR	Antalya	32499	1	0	1	3	0
TR	Ardahan	84	0	0	0	0	0
TR	Artvin	117	0	0	1	0	0
TR	Aydın	3396	0	0	0	0	0
TR	Balıkesir	3701	0	0	0	1	0
TR	Bartın	251	0	0	0	0	0
TR	Batman	555	0	0	0	0	0
TR	Bayburt	55	0	0	0	0	0
TR	Bilecik	233	0	0	0	0	0
TR	Bingöl	43	0	0	0	0	0
TR	Bitlis	19	0	0	0	0	0
TR	Bolu	812	0	0	0	0	0
TR	Burdur	53	0	0	0	0	0
TR	Bursa	11850	0	0	0	0	0
TR	Çanakkale	1568	0	0	0	0	0
TR	Çankırı	141	0	0	0	0	0
TR	Çorum	374	0	0	0	0	0
TR	Denizli	2753	0	0	0	0	0
TR	Diyarbakir	1019	0	0	0	0	0
TR	Duezce	400	0	0	0	0	0
TR	Edirne	1203	0	0	0	0	0
TR	Elazığ	779	0	0	0	0	0
TR	Erzincan	145	0	0	0	0	0
TR	Erzurum	451	0	0	0	0	0
TR	Eskişehir	3882	0	0	0	0	0
TR	Gaziantep	1987	0	0	0	0	0
TR	Giresun	609	0	0	0	0	0
TR	Guemueshane	222	0	0	0	0	0
TR	Hakkâri	11	0	0	0	0	0
TR	Hatay	1680	0	0	0	0	0
TR	Iğdır	12	0	0	0	0	0
TR	Isparta	807	0	0	0	0	0
TR	Istanbul	213695	3	2	7	11	2
TR	Izmir	40236	1	9	2	0	1
TR	Kahramanmaraş	721	0	0	0	0	0
TR	Karabuek	494	0	0	0	0	0
TR	Karaman	356	0	0	0	0	0
TR	Kars	331	2	0	0	0	0
TR	Kastamonu	255	0	0	0	0	0
TR	Kayseri	2597	0	0	0	0	0
TR	Kilis	24	0	0	0	0	0
TR	Kırıkkale	505	0	0	0	0	0
TR	Kırklareli	471	0	0	0	0	0
TR	Kırşehir	158	0	0	0	0	0
TR	Kocaeli	5817	0	0	0	2	0
TR	Konya	4936	0	0	1	1	0
TR	Kütahya	1496	0	0	0	0	0
TR	Malatya	885	0	0	0	0	0
TR	Manisa	2845	0	0	1	0	0
TR	Mardin	643	0	0	0	0	0
TR	Mersin	4776	0	0	0	0	0
TR	Muğla	7153	0	0	0	0	0
TR	Muş	33	0	0	0	0	0
TR	Nevsehir	571	0	0	0	0	0
TR	Nigde	323	0	0	0	0	0
TR	Ordu	721	0	0	0	0	0
TR	Osmaniye	261	0	0	0	0	0
TR	Rize	639	0	0	0	0	0
TR	Sakarya	4893	0	0	0	0	0
TR	Samsun	2511	0	0	0	0	0
TR	Şanlıurfa	908	0	0	0	0	1
TR	Siirt	950	0	0	0	0	0
TR	Sinop	151	0	0	0	0	0
TR	Şırnak	61	0	0	0	0	0
TR	Sivas	962	0	0	0	0	0
TR	Tekirdağ	2460	0	0	0	0	0
TR	Tokat	362	0	0	0	0	0
TR	Trabzon	2059	0	0	0	0	0
TR	Tunceli	20	0	0	0	0	0
TR	Unknown	72985	2	3	3	2	0
TR	Uşak	468	0	0	0	0	0
TR	Van	309	0	0	0	0	0
TR	Yalova	892	0	0	0	0	0
TR	Yozgat	273	0	0	0	0	0
TR	Zonguldak	1138	0	0	0	0	0
TT	Borough of Arima	109	0	0	0	0	0
TT	Chaguanas	87	0	0	0	0	0
TT	City of Port of Spain	640	0	0	0	0	0
TT	City of San Fernando	277	0	0	0	0	0
TT	Couva-Tabaquite-Talparo	46	0	0	0	0	0
TT	Diego Martin	17	0	0	0	0	0
TT	Eastern Tobago	17	0	0	0	0	0
TT	Penal/Debe	6	0	0	0	0	0
TT	Point Fortin	49	0	0	0	0	0
TT	Princes Town	23	0	0	0	0	0
TT	Sangre Grande	12	0	0	0	0	0
TT	San Juan/Laventille	27	0	0	0	0	0
TT	Siparia	16	0	0	0	0	0
TT	Tobago	342	0	0	0	0	0
TT	Tunapuna/Piarco	208	0	0	0	0	0
TT	Unknown	189	0	0	0	0	0
TV	Vaitupu	1	0	0	0	0	0
TW	Fukien	2	0	0	0	0	0
TW	Kaohsiung	55	0	0	0	0	0
TW	Taipei	74120	0	0	1	0	0
TW	Taiwan	35003	0	0	1	2	0
TW	Unknown	17983	0	0	2	0	0
TZ	Arusha	467	0	0	0	0	0
TZ	Dar es Salaam Region	2852	0	0	0	0	0
TZ	Dodoma	2	0	0	0	0	0
TZ	Kagera	2	0	0	0	0	0
TZ	Kilimanjaro	52	0	0	0	0	0
TZ	Mbeya	13	0	0	0	0	0
TZ	Morogoro	2	0	0	0	0	0
TZ	Mtwara	1	0	0	0	0	0
TZ	Mwanza	33	0	0	0	0	0
TZ	Pemba North	3	0	0	0	0	0
TZ	Ruvuma	1	0	0	0	0	0
TZ	Tanga	2	0	0	0	0	0
TZ	Unknown	4531	0	0	0	0	0
TZ	Zanzibar Urban/West	312	0	0	0	0	0
UA	Cherkas'ka Oblast'	3329	0	0	0	0	0
UA	Chernihiv	2097	0	0	0	0	0
UA	Chernivtsi	5188	0	0	0	0	0
UA	Crimea	4861	0	1	1	0	0
UA	Dnipropetrovska Oblast'	9895	0	0	0	0	0
UA	Donets'ka Oblast'	8139	0	0	0	0	0
UA	Ivano-Frankivs'ka Oblast'	2024	0	0	0	0	0
UA	Kharkivs'ka Oblast'	14666	0	0	1	0	0
UA	Khersons'ka Oblast'	2930	0	0	0	0	0
UA	Khmel'nyts'ka Oblast'	1549	0	0	0	0	0
UA	Kirovohrads'ka Oblast'	1804	0	0	0	0	0
UA	Kyiv City	77157	0	11	0	0	0
UA	Kyiv Oblast	1970	0	0	0	0	0
UA	Luhans'ka Oblast'	1688	0	0	0	0	0
UA	L'vivs'ka Oblast'	22568	0	1	2	0	0
UA	Misto Sevastopol'	1465	0	0	0	0	0
UA	Mykolayivs'ka Oblast'	4178	0	0	0	0	0
UA	Odessa	19627	0	0	0	0	0
UA	Poltavs'ka Oblast'	3233	0	0	0	0	0
UA	Rivnens'ka Oblast'	2669	0	0	0	0	0
UA	Sums'ka Oblast'	3234	0	1	0	0	0
UA	Ternopil's'ka Oblast'	2974	0	0	0	0	0
UA	Unknown	79338	0	2	9	0	1
UA	Vinnyts'ka Oblast'	4074	0	0	0	0	0
UA	Volyns'ka Oblast'	2633	0	0	0	0	0
UA	Zakarpattia Oblast	3220	0	0	0	0	0
UA	Zaporizhia	7492	0	0	0	0	0
UA	Zhytomyrs'ka Oblast'	3198	0	0	0	0	0
UG	Central Region	4467	0	0	0	0	0
UG	Unknown	1996	0	0	0	0	0
UG	Western Region	8	0	0	0	0	0
--	Unknown	3168101	25	123	77	62	8
US	Alabama	44007	0	0	0	0	0
US	Alaska	2849	0	0	0	0	0
US	Arizona	85566	0	0	4	0	0
US	Arkansas	6243	0	0	0	0	0
US	California	1598458	13	22	28	10	4
US	Colorado	56359	0	0	0	0	0
US	Connecticut	26873	0	0	0	1	0
US	Delaware	37014	0	0	1	0	1
US	District of Columbia	44746	0	0	2	1	0
US	Florida	174434	3	7	3	1	0
US	Georgia	102959	2	3	6	1	1
US	Hawaii	10637	0	0	0	0	0
US	Idaho	4522	0	0	0	0	0
US	Illinois	163081	1	7	8	1	0
US	Indiana	38186	0	4	1	1	0
US	Iowa	16344	0	0	0	0	0
US	Kansas	10784	0	0	0	0	0
US	Kentucky	12282	0	0	0	0	0
US	Louisiana	17079	0	0	0	1	0
US	Maine	12025	0	0	0	0	0
US	Maryland	44253	1	3	0	0	0
US	Massachusetts	116771	2	5	3	1	0
US	Michigan	78778	0	0	1	1	0
US	Minnesota	29547	0	0	0	0	0
US	Mississippi	7127	0	0	0	0	0
US	Missouri	62256	0	0	8	1	0
US	Montana	3206	0	0	0	0	0
US	Nebraska	9760	0	0	1	1	0
US	Nevada	63020	1	0	4	3	1
US	New Hampshire	6727	0	0	0	0	0
US	New Jersey	198846	0	5	5	2	1
US	New Mexico	21432	0	0	0	1	0
US	New York	879386	12	12	18	10	1
US	North Carolina	55160	0	3	0	0	0
US	North Dakota	1744	0	0	1	0	0
US	Ohio	53741	0	0	0	1	0
US	Oklahoma	11320	0	0	0	0	0
US	Oregon	90787	1	0	0	0	0
US	Pennsylvania	82979	1	2	1	0	0
US	Rhode Island	7074	0	0	0	0	0
US	South Carolina	21295	0	1	1	0	0
US	South Dakota	3557	0	0	0	0	0
US	Tennessee	22742	0	0	0	0	0
US	Texas	613407	12	7	3	9	5
US	Unknown	233614	1	5	8	6	0
US	Utah	56453	0	0	0	0	0
US	Vermont	5862	0	0	0	0	0
US	Virginia	2643238	28	19	20	11	5
US	Washington	422915	5	3	7	4	2
US	West Virginia	3341	0	0	0	0	0
US	Wisconsin	30632	0	1	0	0	0
US	Wyoming	8004	0	0	0	0	1
UY	Canelones	246	0	0	0	0	0
UY	Colonia	7	0	0	0	0	0
UY	Departamento de Montevideo	19547	0	2	0	1	0
UY	Departamento de Paysandu	7	0	0	0	0	0
UY	Departamento de Rivera	4	0	0	0	0	0
UY	Departamento de Salto	4	0	0	0	0	0
UY	Departamento de Tacuarembo	2	0	0	0	0	0
UY	Departamento de Treinta y Tres	2	0	0	0	0	0
UY	Florida	4	0	0	0	0	0
UY	Maldonado	40	0	0	0	0	0
UY	Soriano	31	0	0	0	0	0
UZ	Andijan	2	0	0	0	0	0
UZ	Fergana	100	0	0	0	0	0
UZ	Samarqand Viloyati	30	0	0	0	0	0
UZ	Toshkent Shahri	5048	0	0	0	0	0
UZ	Toshkent Viloyati	10	0	0	0	0	0
UZ	Unknown	2539	0	0	1	0	0
VA	Unknown	3774	0	0	0	0	0
VC	Grenadines	4	0	0	0	0	0
VC	Parish of Charlotte	29	0	0	0	0	0
VC	Parish of Saint George	201	0	0	0	0	0
VC	Unknown	8	0	0	0	0	0
VE	Anzoátegui	358	0	0	0	0	0
VE	Aragua	2049	0	0	0	0	0
VE	Barinas	64	0	0	0	0	0
VE	Bolívar	251	0	0	0	0	0
VE	Capital	8085	0	0	0	0	0
VE	Carabobo	2094	0	0	0	0	0
VE	Cojedes	9	0	0	0	0	0
VE	Delta Amacuro	27	0	0	0	0	0
VE	Estado Trujillo	62	0	0	0	0	0
VE	Falcón	68	0	0	0	0	0
VE	Guárico	53	0	0	0	0	0
VE	Lara	1445	0	0	0	0	0
VE	Mérida	441	0	0	0	0	0
VE	Miranda	580	0	0	0	0	0
VE	Monagas	251	0	0	0	0	0
VE	Nueva Esparta	313	0	0	0	0	0
VE	Portuguesa	149	0	0	0	0	0
VE	Sucre	119	0	0	0	0	0
VE	Táchira	373	0	0	0	0	0
VE	Unknown	4050	0	0	0	0	0
VE	Vargas	158	0	0	0	0	0
VE	Yaracuy	30	0	0	0	0	0
VE	Zulia	2068	0	0	0	0	0
VG	Unknown	1122	0	0	0	0	0
VI	Saint Croix Island	36	0	0	0	0	0
VI	Saint John Island	4	0	0	0	0	0
VI	Saint Thomas Island	28	0	0	0	0	0
VI	Unknown	67	0	0	0	0	0
VN	An Giang	45	0	0	0	0	0
VN	Gia Lai	73	0	0	0	0	0
VN	Hau Giang	17	0	0	0	0	0
VN	Ho Chi Minh City	37227	0	0	0	0	0
VN	Kon Tum	9	0	0	0	0	0
VN	Long An	33	0	0	0	0	0
VN	Thanh Pho Can Tho	350	0	0	0	0	0
VN	Thanh Pho GJa Nang	1766	0	0	0	0	0
VN	Thanh Pho Hai Phong	584	0	0	0	0	0
VN	Thanh Pho Ha Noi	57512	2	0	2	3	0
VN	Tinh Bac Giang	222	0	0	0	0	0
VN	Tinh Bac Kan	2	0	0	0	0	0
VN	Tinh Bac Lieu	4	0	0	0	0	0
VN	Tinh Bac Ninh	103	0	0	0	0	0
VN	Tinh Ba Ria-Vung Tau	131	0	0	0	0	0
VN	Tinh Ben Tre	6	0	0	0	0	0
VN	Tinh Binh Duong	45	0	0	0	0	0
VN	Tinh Binh GJinh	91	0	0	0	0	0
VN	Tinh Binh Phuoc	3	0	0	0	0	0
VN	Tinh Binh Thuan	43	0	0	0	0	0
VN	Tinh Ca Mau	14	0	0	0	0	0
VN	Tinh Cao Bang	30	0	0	0	0	0
VN	Tinh Dien Bien	1	0	0	0	0	0
VN	Tinh GJak Lak	69	0	0	0	0	0
VN	Tinh GJong Nai	285	0	0	0	0	0
VN	Tinh GJong Thap	9	0	0	0	0	0
VN	Tinh Ha Giang	21	0	0	0	0	0
VN	Tinh Hai Duong	127	0	0	0	0	0
VN	Tinh Ha Nam	16	0	0	0	0	0
VN	Tinh Ha Tinh	91	0	0	0	0	0
VN	Tinh Hoa Binh	24	0	0	0	0	0
VN	Tinh Hung Yen	61	0	0	0	0	0
VN	Tinh Khanh Hoa	546	0	0	0	0	0
VN	Tinh Kien Giang	18	0	0	0	0	0
VN	Tinh Lam GJong	123	0	0	0	0	0
VN	Tinh Lang Son	18	0	0	0	0	0
VN	Tinh Lao Cai	1	0	0	0	0	0
VN	Tinh Nam GJinh	66	0	0	0	0	0
VN	Tinh Nghe An	216	0	0	0	0	0
VN	Tinh Ninh Binh	52	0	0	0	0	0
VN	Tinh Ninh Thuan	6	0	0	0	0	0
VN	Tinh Phu Tho	50	0	0	0	0	0
VN	Tinh Phu Yen	38	0	0	0	0	0
VN	Tinh Quang Binh	36	0	0	0	0	0
VN	Tinh Quang Nam	450	0	0	0	0	0
VN	Tinh Quang Ngai	154	0	0	0	0	0
VN	Tinh Quang Ninh	15	0	0	0	0	0
VN	Tinh Quang Tri	22	0	0	0	0	0
VN	Tinh Soc Trang	37	0	0	0	0	0
VN	Tinh Son La	6	0	0	0	0	0
VN	Tinh Tay Ninh	29	0	0	0	0	0
VN	Tinh Thai Binh	37	0	0	0	0	0
VN	Tinh Thai Nguyen	147	0	0	0	0	0
VN	Tinh Thanh Hoa	602	0	0	0	0	0
VN	Tinh Thua Thien-Hue	466	0	0	0	0	0
VN	Tinh Tien Giang	24	0	0	0	0	0
VN	Tinh Tra Vinh	49	0	0	0	0	0
VN	Tinh Tuyen Quang	12	0	0	0	0	0
VN	Tinh Vinh Long	28	0	0	0	0	0
VN	Tinh Vinh Phuc	18	0	0	0	0	0
VN	Tinh Yen Bai	11	0	0	0	0	0
VN	Unknown	116	0	0	0	0	0
VU	Penama Province	1	0	0	0	0	0
VU	Shefa Province	72	0	0	0	0	0
VU	Unknown	8	0	0	0	0	0
WF	Circonscription d'Uvea	2	0	0	0	0	0
WF	Unknown	5	0	0	0	0	0
WS	Tuamasaga	55	0	0	0	0	0
WS	Unknown	37	0	0	0	0	0
XK	Komuna e Decanit	2	0	0	0	0	0
XK	Komuna e Ferizajt	134	0	0	0	0	0
XK	Komuna e Gjilanit	738	0	0	0	0	0
XK	Komuna e Gracanices	14	0	0	0	0	0
XK	Komuna e Istogut	53	0	0	0	0	0
XK	Komuna e Mitrovices	135	0	0	0	0	0
XK	Komuna e Pejes	15	0	0	0	0	0
XK	Komuna e Prishtines	1550	0	0	0	0	0
XK	Komuna e Shtimes	6	0	0	0	0	0
XK	Komuna e Skenderajt	101	0	0	0	0	0
XK	Kosovo Polje	234	0	0	0	0	0
XK	Lipjan	39	0	0	0	0	0
XK	Podujevo	72	0	0	0	0	0
XK	Prizren	230	0	0	0	0	0
XK	Vushtrri	61	0	0	0	0	0
YE	Muhafazat Hadramawt	301	0	0	0	0	0
YE	Sanaa	144	0	0	0	0	0
YE	Unknown	654	0	0	0	0	0
YT	Chiconi	8	0	0	0	0	0
YT	Chirongui	1	0	0	0	0	0
YT	Dzaoudzi	1	0	0	0	0	0
YT	Koungou	2	0	0	0	0	0
YT	Mamoudzou	286	0	0	0	0	0
YT	Pamandzi	15	0	0	0	0	0
YT	Unknown	60	0	0	0	0	0
ZA	Eastern Cape	3443	0	0	2	0	0
ZA	Gauteng	26054	0	0	2	1	1
ZA	KwaZulu-Natal	5337	0	1	1	0	1
ZA	Limpopo	593	0	0	0	0	0
ZA	Mpumalanga	591	0	0	0	0	0
ZA	Northern Cape	227	0	0	0	0	0
ZA	Orange Free State	619	0	0	0	0	0
ZA	Province of North West	517	0	0	0	0	0
ZA	Province of the Western Cape	31458	3	0	2	1	0
ZA	Unknown	7233	0	0	0	0	0
ZM	Central Province	1	0	0	0	0	0
ZM	Copperbelt	10	0	0	0	0	0
ZM	Luapula Province	226	0	0	0	0	0
ZM	Lusaka Province	1268	0	0	1	0	0
ZM	Northern Province	5	0	0	0	0	0
ZM	North-Western Province	160	0	0	0	0	0
ZM	Southern Province	3	0	0	0	0	0
ZM	Unknown	596	0	0	0	0	0
ZM	Western Province	35	0	0	0	0	0
ZW	Bulawayo	11	0	0	0	0	0
ZW	Harare	767	0	1	0	0	0
ZW	Manicaland	1	0	0	0	0	0
ZW	Matabeleland North	4	0	0	0	0	0
ZW	Unknown	414	0	0	0	0	0
